ISO-10303-21;
HEADER;
/* Generated by software containing ST-Developer
 * from STEP Tools, Inc. (www.steptools.com) 
 */

FILE_DESCRIPTION(
/* description */ (''),
/* implementation_level */ '2;1');

FILE_NAME(
/* name */ 'as5600_servo_2.step',
/* time_stamp */ '2025-06-10T17:25:09+05:30',
/* author */ (''),
/* organization */ (''),
/* preprocessor_version */ 'ST-DEVELOPER v20.1',
/* originating_system */ 'Autodesk Translation Framework v14.10.0.0',
/* authorisation */ '');

FILE_SCHEMA (('AUTOMOTIVE_DESIGN { 1 0 10303 214 3 1 1 }'));
ENDSEC;

DATA;
#10=MECHANICAL_DESIGN_GEOMETRIC_PRESENTATION_REPRESENTATION('',(#35,#36,
#37,#38),#8232);
#11=ITEM_DEFINED_TRANSFORMATION($,$,#4693,#5183);
#12=ITEM_DEFINED_TRANSFORMATION($,$,#5032,#5184);
#13=ITEM_DEFINED_TRANSFORMATION($,$,#5120,#5185);
#14=ITEM_DEFINED_TRANSFORMATION($,$,#5170,#5186);
#15=(
REPRESENTATION_RELATIONSHIP($,$,#8252,#8251)
REPRESENTATION_RELATIONSHIP_WITH_TRANSFORMATION(#11)
SHAPE_REPRESENTATION_RELATIONSHIP()
);
#16=(
REPRESENTATION_RELATIONSHIP($,$,#8253,#8251)
REPRESENTATION_RELATIONSHIP_WITH_TRANSFORMATION(#12)
SHAPE_REPRESENTATION_RELATIONSHIP()
);
#17=(
REPRESENTATION_RELATIONSHIP($,$,#8254,#8251)
REPRESENTATION_RELATIONSHIP_WITH_TRANSFORMATION(#13)
SHAPE_REPRESENTATION_RELATIONSHIP()
);
#18=(
REPRESENTATION_RELATIONSHIP($,$,#8255,#8251)
REPRESENTATION_RELATIONSHIP_WITH_TRANSFORMATION(#14)
SHAPE_REPRESENTATION_RELATIONSHIP()
);
#19=CONTEXT_DEPENDENT_SHAPE_REPRESENTATION(#15,#8247);
#20=CONTEXT_DEPENDENT_SHAPE_REPRESENTATION(#16,#8248);
#21=CONTEXT_DEPENDENT_SHAPE_REPRESENTATION(#17,#8249);
#22=CONTEXT_DEPENDENT_SHAPE_REPRESENTATION(#18,#8250);
#23=NEXT_ASSEMBLY_USAGE_OCCURRENCE('AS5600_Base:1','AS5600_Base:1',
'AS5600_Base:1',#8257,#8258,'AS5600_Base:1');
#24=NEXT_ASSEMBLY_USAGE_OCCURRENCE('AS5600_Shaft_Holder v4:1',
'AS5600_Shaft_Holder v4:1','AS5600_Shaft_Holder v4:1',#8257,#8259,
'AS5600_Shaft_Holder v4:1');
#25=NEXT_ASSEMBLY_USAGE_OCCURRENCE('AS5600_Shaft v3:1',
'AS5600_Shaft v3:1','AS5600_Shaft v3:1',#8257,#8260,'AS5600_Shaft v3:1');
#26=NEXT_ASSEMBLY_USAGE_OCCURRENCE('retainer:1','retainer:1',
'retainer:1',#8257,#8261,'retainer:1');
#27=SHAPE_REPRESENTATION_RELATIONSHIP('SRR','None',#8252,#31);
#28=SHAPE_REPRESENTATION_RELATIONSHIP('SRR','None',#8253,#32);
#29=SHAPE_REPRESENTATION_RELATIONSHIP('SRR','None',#8254,#33);
#30=SHAPE_REPRESENTATION_RELATIONSHIP('SRR','None',#8255,#34);
#31=ADVANCED_BREP_SHAPE_REPRESENTATION('',(#39),#8228);
#32=ADVANCED_BREP_SHAPE_REPRESENTATION('',(#40),#8229);
#33=ADVANCED_BREP_SHAPE_REPRESENTATION('',(#41),#8230);
#34=ADVANCED_BREP_SHAPE_REPRESENTATION('',(#42),#8231);
#35=STYLED_ITEM('',(#8281),#39);
#36=STYLED_ITEM('',(#8281),#40);
#37=STYLED_ITEM('',(#8280),#41);
#38=STYLED_ITEM('',(#8281),#42);
#39=MANIFOLD_SOLID_BREP('Body15',#4643);
#40=MANIFOLD_SOLID_BREP('Body1',#4644);
#41=MANIFOLD_SOLID_BREP('Body1',#4645);
#42=MANIFOLD_SOLID_BREP('Body1',#4646);
#43=TOROIDAL_SURFACE('',#4855,1.2,0.2);
#44=TOROIDAL_SURFACE('',#4858,1.2,0.2);
#45=TOROIDAL_SURFACE('',#4879,1.2,0.2);
#46=TOROIDAL_SURFACE('',#4884,1.2,0.2);
#47=TOROIDAL_SURFACE('',#4948,1.2,0.2);
#48=TOROIDAL_SURFACE('',#4958,1.2,0.2);
#49=TOROIDAL_SURFACE('',#4963,1.2,0.2);
#50=TOROIDAL_SURFACE('',#4974,1.2,0.2);
#51=TOROIDAL_SURFACE('',#4984,1.2,0.2);
#52=TOROIDAL_SURFACE('',#4994,1.2,0.2);
#53=TOROIDAL_SURFACE('',#5001,1.2,0.2);
#54=TOROIDAL_SURFACE('',#5005,1.2,0.2);
#55=CONICAL_SURFACE('',#4820,1.1,0.785398163397452);
#56=CONICAL_SURFACE('',#4824,1.1,0.785398163397452);
#57=CONICAL_SURFACE('',#5018,5.12499999999999,0.785398163397448);
#58=CONICAL_SURFACE('',#5024,3.29595121467478,0.523598775598299);
#59=CONICAL_SURFACE('',#5098,1.65,0.785398163397449);
#60=CONICAL_SURFACE('',#5112,1.65,0.785398163397448);
#61=CONICAL_SURFACE('',#5113,1.65,0.785398163397448);
#62=CONICAL_SURFACE('',#5115,1.65,0.785398163397448);
#63=CONICAL_SURFACE('',#5127,7.625,0.785398163397447);
#64=CONICAL_SURFACE('',#5130,6.875,0.785398163397446);
#65=CONICAL_SURFACE('',#5161,5.,0.785398163397448);
#66=CONICAL_SURFACE('',#5167,6.,0.523598775598299);
#67=FACE_BOUND('',#600,.T.);
#68=FACE_BOUND('',#601,.T.);
#69=FACE_BOUND('',#603,.T.);
#70=FACE_BOUND('',#604,.T.);
#71=FACE_BOUND('',#622,.T.);
#72=FACE_BOUND('',#629,.T.);
#73=FACE_BOUND('',#755,.T.);
#74=FACE_BOUND('',#756,.T.);
#75=FACE_BOUND('',#765,.T.);
#76=FACE_BOUND('',#795,.T.);
#77=FACE_BOUND('',#798,.T.);
#78=FACE_BOUND('',#804,.T.);
#79=FACE_BOUND('',#807,.T.);
#80=FACE_BOUND('',#808,.T.);
#81=FACE_BOUND('',#809,.T.);
#82=FACE_BOUND('',#810,.T.);
#83=FACE_BOUND('',#811,.T.);
#84=FACE_BOUND('',#813,.T.);
#85=FACE_BOUND('',#814,.T.);
#86=FACE_BOUND('',#815,.T.);
#87=FACE_BOUND('',#816,.T.);
#88=FACE_BOUND('',#817,.T.);
#89=FACE_BOUND('',#819,.T.);
#90=FACE_BOUND('',#833,.T.);
#91=FACE_BOUND('',#834,.T.);
#92=FACE_BOUND('',#836,.T.);
#93=FACE_BOUND('',#839,.T.);
#94=SPHERICAL_SURFACE('',#4739,1.);
#95=SPHERICAL_SURFACE('',#4748,1.00000000000001);
#96=ELLIPSE('',#4737,1.41421356237309,1.);
#97=ELLIPSE('',#4738,1.00195061471601,1.);
#98=ELLIPSE('',#4744,1.41421356237311,1.);
#99=ELLIPSE('',#4747,1.41421356237308,1.);
#100=ELLIPSE('',#4759,1.001950614716,1.);
#101=ELLIPSE('',#4761,1.41421356237309,1.);
#102=ELLIPSE('',#4823,1.5556349186104,1.1);
#103=ELLIPSE('',#4827,1.5556349186104,1.1);
#104=ELLIPSE('',#4863,0.614817045957578,0.2);
#105=ELLIPSE('',#4864,0.268328157299978,0.2);
#106=ELLIPSE('',#4865,0.299999999999995,0.2);
#107=ELLIPSE('',#4874,0.300000000000001,0.2);
#108=ELLIPSE('',#4875,0.268328157299974,0.2);
#109=ELLIPSE('',#4876,0.614817045957562,0.2);
#110=ELLIPSE('',#4887,0.300000000000015,0.2);
#111=ELLIPSE('',#4890,0.300000000000001,0.2);
#112=ELLIPSE('',#4892,0.299999999999961,0.2);
#113=ELLIPSE('',#4895,0.300000000000001,0.2);
#114=ELLIPSE('',#4947,0.3,0.2);
#115=ELLIPSE('',#4957,0.3,0.2);
#116=ELLIPSE('',#4967,0.300204783978586,0.2);
#117=ELLIPSE('',#4973,0.303676954453834,0.2);
#118=ELLIPSE('',#4983,0.300000000000013,0.2);
#119=ELLIPSE('',#4993,0.299999999999981,0.2);
#120=ELLIPSE('',#5173,1.44604541579819,1.1);
#121=ELLIPSE('',#5176,1.44604541579819,1.1);
#122=PLANE('',#4717);
#123=PLANE('',#4718);
#124=PLANE('',#4722);
#125=PLANE('',#4726);
#126=PLANE('',#4727);
#127=PLANE('',#4728);
#128=PLANE('',#4772);
#129=PLANE('',#4773);
#130=PLANE('',#4774);
#131=PLANE('',#4781);
#132=PLANE('',#4782);
#133=PLANE('',#4783);
#134=PLANE('',#4788);
#135=PLANE('',#4795);
#136=PLANE('',#4805);
#137=PLANE('',#4806);
#138=PLANE('',#4809);
#139=PLANE('',#4815);
#140=PLANE('',#4819);
#141=PLANE('',#4831);
#142=PLANE('',#4832);
#143=PLANE('',#4833);
#144=PLANE('',#4834);
#145=PLANE('',#4835);
#146=PLANE('',#4836);
#147=PLANE('',#4839);
#148=PLANE('',#4842);
#149=PLANE('',#4847);
#150=PLANE('',#4848);
#151=PLANE('',#4849);
#152=PLANE('',#4850);
#153=PLANE('',#4851);
#154=PLANE('',#4853);
#155=PLANE('',#4854);
#156=PLANE('',#4868);
#157=PLANE('',#4870);
#158=PLANE('',#4871);
#159=PLANE('',#4888);
#160=PLANE('',#4889);
#161=PLANE('',#4893);
#162=PLANE('',#4894);
#163=PLANE('',#4896);
#164=PLANE('',#4899);
#165=PLANE('',#4902);
#166=PLANE('',#4903);
#167=PLANE('',#4908);
#168=PLANE('',#4909);
#169=PLANE('',#4910);
#170=PLANE('',#4912);
#171=PLANE('',#4913);
#172=PLANE('',#4918);
#173=PLANE('',#4919);
#174=PLANE('',#4920);
#175=PLANE('',#4921);
#176=PLANE('',#4922);
#177=PLANE('',#4923);
#178=PLANE('',#4925);
#179=PLANE('',#4926);
#180=PLANE('',#4928);
#181=PLANE('',#4929);
#182=PLANE('',#4931);
#183=PLANE('',#4933);
#184=PLANE('',#4934);
#185=PLANE('',#4935);
#186=PLANE('',#4936);
#187=PLANE('',#4937);
#188=PLANE('',#4939);
#189=PLANE('',#4940);
#190=PLANE('',#4941);
#191=PLANE('',#4944);
#192=PLANE('',#4954);
#193=PLANE('',#4969);
#194=PLANE('',#4980);
#195=PLANE('',#4990);
#196=PLANE('',#5000);
#197=PLANE('',#5007);
#198=PLANE('',#5008);
#199=PLANE('',#5009);
#200=PLANE('',#5010);
#201=PLANE('',#5011);
#202=PLANE('',#5012);
#203=PLANE('',#5013);
#204=PLANE('',#5014);
#205=PLANE('',#5015);
#206=PLANE('',#5016);
#207=PLANE('',#5017);
#208=PLANE('',#5021);
#209=PLANE('',#5023);
#210=PLANE('',#5028);
#211=PLANE('',#5031);
#212=PLANE('',#5041);
#213=PLANE('',#5042);
#214=PLANE('',#5044);
#215=PLANE('',#5060);
#216=PLANE('',#5063);
#217=PLANE('',#5065);
#218=PLANE('',#5075);
#219=PLANE('',#5076);
#220=PLANE('',#5078);
#221=PLANE('',#5079);
#222=PLANE('',#5081);
#223=PLANE('',#5082);
#224=PLANE('',#5083);
#225=PLANE('',#5084);
#226=PLANE('',#5085);
#227=PLANE('',#5094);
#228=PLANE('',#5095);
#229=PLANE('',#5099);
#230=PLANE('',#5100);
#231=PLANE('',#5101);
#232=PLANE('',#5102);
#233=PLANE('',#5107);
#234=PLANE('',#5108);
#235=PLANE('',#5116);
#236=PLANE('',#5117);
#237=PLANE('',#5118);
#238=PLANE('',#5119);
#239=PLANE('',#5121);
#240=PLANE('',#5134);
#241=PLANE('',#5139);
#242=PLANE('',#5146);
#243=PLANE('',#5153);
#244=PLANE('',#5177);
#245=PLANE('',#5178);
#246=PLANE('',#5179);
#247=PLANE('',#5180);
#248=PLANE('',#5181);
#249=PLANE('',#5182);
#250=B_SPLINE_CURVE_WITH_KNOTS('',3,(#6614,#6615,#6616,#6617,#6618,#6619,
#6620,#6621,#6622,#6623,#6624,#6625,#6626,#6627,#6628,#6629,#6630,#6631),
 .UNSPECIFIED.,.F.,.F.,(4,2,2,2,2,2,2,2,4),(-0.0908972765804351,-0.0894838165544242,
-0.0778208231903687,-0.0583419775855509,-0.0447419082770013,-0.0311418389684536,
-0.0116629933636547,0.,0.00141346002520622),.UNSPECIFIED.);
#251=B_SPLINE_CURVE_WITH_KNOTS('',3,(#6640,#6641,#6642,#6643,#6644,#6645,
#6646,#6647,#6648,#6649,#6650,#6651,#6652,#6653,#6654,#6655,#6656,#6657),
 .UNSPECIFIED.,.F.,.F.,(4,2,2,2,2,2,2,2,4),(-0.09089727657177,-0.0894838165468223,
-0.0778208231842048,-0.0583419775809155,-0.0447419082734021,-0.0311418389658908,
-0.0116629933626138,0.,0.00141346002460206),.UNSPECIFIED.);
#252=B_SPLINE_CURVE_WITH_KNOTS('',3,(#6696,#6697,#6698,#6699,#6700,#6701,
#6702,#6703,#6704,#6705,#6706,#6707,#6708,#6709,#6710,#6711,#6712,#6713),
 .UNSPECIFIED.,.F.,.F.,(4,2,2,2,2,2,2,2,4),(-0.0908972770277681,-0.0894838171690995,
-0.0778208372879899,-0.0583419835935868,-0.0447419085845325,-0.031141833575481,
-0.0116629798810623,0.,0.00141345985815456),.UNSPECIFIED.);
#253=B_SPLINE_CURVE_WITH_KNOTS('',3,(#6722,#6723,#6724,#6725,#6726,#6727,
#6728,#6729,#6730,#6731,#6732,#6733,#6734,#6735,#6736,#6737,#6738,#6739),
 .UNSPECIFIED.,.F.,.F.,(4,2,2,2,2,2,2,2,4),(-0.0908972766444246,-0.0894838166185755,
-0.0778208232449497,-0.0583419776281401,-0.0447419083097861,-0.0311418389914335,
-0.0116629933746462,0.,0.00141346002742471),.UNSPECIFIED.);
#254=B_SPLINE_CURVE_WITH_KNOTS('',3,(#6831,#6832,#6833,#6834,#6835,#6836,
#6837),.UNSPECIFIED.,.F.,.F.,(4,3,4),(-0.0453607744163949,0.,0.0453607744163949),
 .UNSPECIFIED.);
#255=B_SPLINE_CURVE_WITH_KNOTS('',3,(#6841,#6842,#6843,#6844,#6845,#6846,
#6847),.UNSPECIFIED.,.F.,.F.,(4,3,4),(-0.035586500559371,0.,0.0453607744163912),
 .UNSPECIFIED.);
#256=B_SPLINE_CURVE_WITH_KNOTS('',3,(#6941,#6942,#6943,#6944),
 .UNSPECIFIED.,.F.,.F.,(4,4),(0.745995727523868,0.75780785501396),
 .UNSPECIFIED.);
#257=B_SPLINE_CURVE_WITH_KNOTS('',3,(#6949,#6950,#6951,#6952,#6953,#6954,
#6955),.UNSPECIFIED.,.F.,.F.,(4,3,4),(-0.0453607744163881,0.,0.0453607744163947),
 .UNSPECIFIED.);
#258=B_SPLINE_CURVE_WITH_KNOTS('',3,(#6963,#6964,#6965,#6966,#6967,#6968,
#6969),.UNSPECIFIED.,.F.,.F.,(4,3,4),(-0.0453607744163849,0.,0.035586500559364),
 .UNSPECIFIED.);
#259=B_SPLINE_CURVE_WITH_KNOTS('',3,(#6979,#6980,#6981,#6982),
 .UNSPECIFIED.,.F.,.F.,(4,4),(0.967604006742667,0.979453145769902),
 .UNSPECIFIED.);
#260=B_SPLINE_CURVE_WITH_KNOTS('',3,(#7291,#7292,#7293,#7294,#7295,#7296,
#7297),.UNSPECIFIED.,.F.,.F.,(4,3,4),(-0.000681484839044609,0.,0.00608521611821956),
 .UNSPECIFIED.);
#261=B_SPLINE_CURVE_WITH_KNOTS('',3,(#7308,#7309,#7310,#7311),
 .UNSPECIFIED.,.F.,.F.,(4,4),(0.0278684616965411,0.0369412412304929),
 .UNSPECIFIED.);
#262=B_SPLINE_CURVE_WITH_KNOTS('',3,(#7313,#7314,#7315,#7316,#7317,#7318,
#7319),.UNSPECIFIED.,.F.,.F.,(4,3,4),(-0.000681484839044609,0.,0.00608521611821956),
 .UNSPECIFIED.);
#263=B_SPLINE_CURVE_WITH_KNOTS('',3,(#7342,#7343,#7344,#7345,#7346,#7347,
#7348),.UNSPECIFIED.,.F.,.F.,(4,3,4),(-0.00608521611823448,0.,0.000681484839049963),
 .UNSPECIFIED.);
#264=B_SPLINE_CURVE_WITH_KNOTS('',3,(#7370,#7371,#7372,#7373,#7374,#7375,
#7376),.UNSPECIFIED.,.F.,.F.,(4,3,4),(-0.00608521611823448,0.,0.000681484839049963),
 .UNSPECIFIED.);
#265=B_SPLINE_CURVE_WITH_KNOTS('',3,(#7386,#7387,#7388,#7389),
 .UNSPECIFIED.,.F.,.F.,(4,4),(0.0278684616965459,0.0369412412304903),
 .UNSPECIFIED.);
#266=B_SPLINE_CURVE_WITH_KNOTS('',3,(#7601,#7602,#7603,#7604,#7605,#7606,
#7607,#7608,#7609,#7610,#7611,#7612),.UNSPECIFIED.,.F.,.F.,(4,2,2,2,2,4),
(-0.00040088616090167,0.,0.00767978437457327,0.0154944542148069,0.0233063987801233,
0.0311168854390756),.UNSPECIFIED.);
#267=B_SPLINE_CURVE_WITH_KNOTS('',3,(#7754,#7755,#7756,#7757,#7758,#7759),
 .UNSPECIFIED.,.F.,.F.,(4,2,4),(0.497578865958001,0.499256830476519,0.603472507570353),
 .UNSPECIFIED.);
#268=B_SPLINE_CURVE_WITH_KNOTS('',3,(#7761,#7762,#7763,#7764,#7765,#7766),
 .UNSPECIFIED.,.F.,.F.,(4,2,4),(0.603472507570353,0.707688184664187,0.709366149182704),
 .UNSPECIFIED.);
#269=B_SPLINE_CURVE_WITH_KNOTS('',3,(#7775,#7776,#7777,#7778,#7779,#7780),
 .UNSPECIFIED.,.F.,.F.,(4,2,4),(0.497578865958003,0.499256830476525,0.603472507570361),
 .UNSPECIFIED.);
#270=B_SPLINE_CURVE_WITH_KNOTS('',3,(#7782,#7783,#7784,#7785,#7786,#7787),
 .UNSPECIFIED.,.F.,.F.,(4,2,4),(0.603472507570361,0.707688184664196,0.709366149182718),
 .UNSPECIFIED.);
#271=B_SPLINE_CURVE_WITH_KNOTS('',3,(#7857,#7858,#7859,#7860,#7861,#7862,
#7863,#7864,#7865,#7866),.UNSPECIFIED.,.F.,.F.,(4,2,2,2,4),(0.497578865958,
0.499256830476508,0.603472507570341,0.707688184664173,0.709366149182681),
 .UNSPECIFIED.);
#272=B_SPLINE_CURVE_WITH_KNOTS('',3,(#7869,#7870,#7871,#7872,#7873,#7874,
#7875,#7876,#7877,#7878),.UNSPECIFIED.,.F.,.F.,(4,2,2,2,4),(0.497578865958001,
0.499256830476512,0.603472507570346,0.707688184664179,0.709366149182691),
 .UNSPECIFIED.);
#273=B_SPLINE_CURVE_WITH_KNOTS('',3,(#7909,#7910,#7911,#7912,#7913,#7914,
#7915,#7916,#7917,#7918),.UNSPECIFIED.,.F.,.F.,(4,2,2,2,4),(0.321033087693063,
0.38326734216127,0.476170538566711,0.569073734972152,0.631307989440359),
 .UNSPECIFIED.);
#274=B_SPLINE_CURVE_WITH_KNOTS('',3,(#7920,#7921,#7922,#7923,#7924,#7925,
#7926,#7927,#7928,#7929),.UNSPECIFIED.,.F.,.F.,(4,2,2,2,4),(0.321033087693063,
0.38326734216127,0.476170538566711,0.569073734972153,0.631307989440359),
 .UNSPECIFIED.);
#275=(
BOUNDED_SURFACE()
B_SPLINE_SURFACE(2,2,((#6597,#6598,#6599),(#6600,#6601,#6602),(#6603,#6604,
#6605)),.UNSPECIFIED.,.F.,.F.,.F.)
B_SPLINE_SURFACE_WITH_KNOTS((3,3),(3,3),(-1.57079632679492,1.65006897034909E-14),
(-3.14159265358979,-1.5707963267949),.UNSPECIFIED.)
GEOMETRIC_REPRESENTATION_ITEM()
RATIONAL_B_SPLINE_SURFACE(((1.,0.707106781186548,1.),(0.707106781186542,
0.499999999999996,0.707106781186542),(1.,0.707106781186548,1.)))
REPRESENTATION_ITEM('')
SURFACE()
);
#276=(
BOUNDED_SURFACE()
B_SPLINE_SURFACE(2,2,((#6659,#6660,#6661),(#6662,#6663,#6664),(#6665,#6666,
#6667)),.UNSPECIFIED.,.F.,.F.,.F.)
B_SPLINE_SURFACE_WITH_KNOTS((3,3),(3,3),(-1.57079632679495,6.72223367587988E-19),
(1.5707963267949,3.14159265358979),.UNSPECIFIED.)
GEOMETRIC_REPRESENTATION_ITEM()
RATIONAL_B_SPLINE_SURFACE(((1.,0.707106781186548,1.),(0.707106781186456,
0.499999999999935,0.707106781186456),(1.,0.707106781186548,1.)))
REPRESENTATION_ITEM('')
SURFACE()
);
#277=(
BOUNDED_SURFACE()
B_SPLINE_SURFACE(2,2,((#6679,#6680,#6681),(#6682,#6683,#6684),(#6685,#6686,
#6687)),.UNSPECIFIED.,.F.,.F.,.F.)
B_SPLINE_SURFACE_WITH_KNOTS((3,3),(3,3),(-1.57079632679492,-6.72223367587988E-19),
(-3.14159265358979,-1.5707963267949),.UNSPECIFIED.)
GEOMETRIC_REPRESENTATION_ITEM()
RATIONAL_B_SPLINE_SURFACE(((1.,0.707106781186548,1.),(0.707106781186335,
0.499999999999849,0.707106781186335),(1.,0.707106781186548,1.)))
REPRESENTATION_ITEM('')
SURFACE()
);
#278=(
BOUNDED_SURFACE()
B_SPLINE_SURFACE(2,2,((#6741,#6742,#6743),(#6744,#6745,#6746),(#6747,#6748,
#6749)),.UNSPECIFIED.,.F.,.F.,.F.)
B_SPLINE_SURFACE_WITH_KNOTS((3,3),(3,3),(-1.57079632679492,1.2733957992724E-15),
(-1.5707963267949,1.75259624939239E-32),.UNSPECIFIED.)
GEOMETRIC_REPRESENTATION_ITEM()
RATIONAL_B_SPLINE_SURFACE(((1.,0.707106781186548,1.),(0.707106781186552,
0.500000000000003,0.707106781186552),(1.,0.707106781186548,1.)))
REPRESENTATION_ITEM('')
SURFACE()
);
#279=(
BOUNDED_SURFACE()
B_SPLINE_SURFACE(2,2,((#6888,#6889,#6890),(#6891,#6892,#6893),(#6894,#6895,
#6896)),.UNSPECIFIED.,.F.,.F.,.F.)
B_SPLINE_SURFACE_WITH_KNOTS((3,3),(3,3),(0.,1.57079632679492),(-3.14159265358979,
-1.68164866587768),.UNSPECIFIED.)
GEOMETRIC_REPRESENTATION_ITEM()
RATIONAL_B_SPLINE_SURFACE(((1.,0.74519307849962,1.),(0.707106781186335,
0.526931079100202,0.707106781186335),(1.,0.74519307849962,1.)))
REPRESENTATION_ITEM('')
SURFACE()
);
#280=(
BOUNDED_SURFACE()
B_SPLINE_SURFACE(2,2,((#6915,#6916,#6917),(#6918,#6919,#6920),(#6921,#6922,
#6923)),.UNSPECIFIED.,.F.,.F.,.F.)
B_SPLINE_SURFACE_WITH_KNOTS((3,3),(3,3),(0.,1.57079632679495),(1.68164866587768,
3.14159265358979),.UNSPECIFIED.)
GEOMETRIC_REPRESENTATION_ITEM()
RATIONAL_B_SPLINE_SURFACE(((1.,0.74519307849962,1.),(0.707106781186456,
0.526931079100292,0.707106781186456),(1.,0.74519307849962,1.)))
REPRESENTATION_ITEM('')
SURFACE()
);
#281=(
BOUNDED_SURFACE()
B_SPLINE_SURFACE(2,2,((#6931,#6932,#6933),(#6934,#6935,#6936),(#6937,#6938,
#6939)),.UNSPECIFIED.,.F.,.F.,.F.)
B_SPLINE_SURFACE_WITH_KNOTS((3,3),(3,3),(0.,1.57079632679549),(-1.6816486658796,
-1.57079632679483),.UNSPECIFIED.)
GEOMETRIC_REPRESENTATION_ITEM()
RATIONAL_B_SPLINE_SURFACE(((1.,0.998464363056093,1.),(0.707106781186341,
0.706020921889864,0.707106781186341),(1.,0.998464363056093,1.)))
REPRESENTATION_ITEM('')
SURFACE()
);
#282=(
BOUNDED_SURFACE()
B_SPLINE_SURFACE(2,2,((#6970,#6971,#6972),(#6973,#6974,#6975),(#6976,#6977,
#6978)),.UNSPECIFIED.,.F.,.F.,.F.)
B_SPLINE_SURFACE_WITH_KNOTS((3,3),(3,3),(0.,1.57079632679491),(1.57079632679483,
1.6816486658777),.UNSPECIFIED.)
GEOMETRIC_REPRESENTATION_ITEM()
RATIONAL_B_SPLINE_SURFACE(((1.,0.998464363056146,1.),(0.707106781186377,
0.706020921889938,0.707106781186377),(1.,0.998464363056146,1.)))
REPRESENTATION_ITEM('')
SURFACE()
);
#283=(
BOUNDED_SURFACE()
B_SPLINE_SURFACE(1,2,((#7413,#7414,#7415),(#7416,#7417,#7418)),
 .UNSPECIFIED.,.F.,.F.,.F.)
B_SPLINE_SURFACE_WITH_KNOTS((2,2),(3,3),(0.,0.819103662224779),(-1.5707963267949,
-1.42118754907816),.UNSPECIFIED.)
GEOMETRIC_REPRESENTATION_ITEM()
RATIONAL_B_SPLINE_SURFACE(((1.,0.99720345611962,1.),(1.,0.99720345611962,
1.)))
REPRESENTATION_ITEM('')
SURFACE()
);
#284=(
BOUNDED_SURFACE()
B_SPLINE_SURFACE(1,2,((#7419,#7420,#7421),(#7422,#7423,#7424)),
 .UNSPECIFIED.,.F.,.F.,.F.)
B_SPLINE_SURFACE_WITH_KNOTS((2,2),(3,3),(62.8808963377752,63.6999999999998),
(-1.5707963267949,-1.42118754907816),.UNSPECIFIED.)
GEOMETRIC_REPRESENTATION_ITEM()
RATIONAL_B_SPLINE_SURFACE(((1.,0.99720345611962,1.),(1.,0.99720345611962,
1.)))
REPRESENTATION_ITEM('')
SURFACE()
);
#285=(
BOUNDED_SURFACE()
B_SPLINE_SURFACE(2,2,((#7737,#7738,#7739),(#7740,#7741,#7742),(#7743,#7744,
#7745)),.UNSPECIFIED.,.F.,.F.,.F.)
B_SPLINE_SURFACE_WITH_KNOTS((3,3),(3,3),(-1.5707963267949,0.),(1.5707963267949,
3.14159265358979),.UNSPECIFIED.)
GEOMETRIC_REPRESENTATION_ITEM()
RATIONAL_B_SPLINE_SURFACE(((1.,0.707106781186547,1.),(0.70710678118654,
0.499999999999995,0.70710678118654),(1.,0.707106781186547,1.)))
REPRESENTATION_ITEM('')
SURFACE()
);
#286=(
BOUNDED_SURFACE()
B_SPLINE_SURFACE(2,2,((#7841,#7842,#7843),(#7844,#7845,#7846),(#7847,#7848,
#7849)),.UNSPECIFIED.,.F.,.F.,.F.)
B_SPLINE_SURFACE_WITH_KNOTS((3,3),(3,3),(-1.5707963267949,0.),(0.,1.5707963267949),
 .UNSPECIFIED.)
GEOMETRIC_REPRESENTATION_ITEM()
RATIONAL_B_SPLINE_SURFACE(((1.,0.707106781186548,1.),(0.70710678118654,
0.499999999999995,0.70710678118654),(1.,0.707106781186548,1.)))
REPRESENTATION_ITEM('')
SURFACE()
);
#287=FACE_OUTER_BOUND('',#551,.T.);
#288=FACE_OUTER_BOUND('',#552,.T.);
#289=FACE_OUTER_BOUND('',#553,.T.);
#290=FACE_OUTER_BOUND('',#554,.T.);
#291=FACE_OUTER_BOUND('',#555,.T.);
#292=FACE_OUTER_BOUND('',#556,.T.);
#293=FACE_OUTER_BOUND('',#557,.T.);
#294=FACE_OUTER_BOUND('',#558,.T.);
#295=FACE_OUTER_BOUND('',#559,.T.);
#296=FACE_OUTER_BOUND('',#560,.T.);
#297=FACE_OUTER_BOUND('',#561,.T.);
#298=FACE_OUTER_BOUND('',#562,.T.);
#299=FACE_OUTER_BOUND('',#563,.T.);
#300=FACE_OUTER_BOUND('',#564,.T.);
#301=FACE_OUTER_BOUND('',#565,.T.);
#302=FACE_OUTER_BOUND('',#566,.T.);
#303=FACE_OUTER_BOUND('',#567,.T.);
#304=FACE_OUTER_BOUND('',#568,.T.);
#305=FACE_OUTER_BOUND('',#569,.T.);
#306=FACE_OUTER_BOUND('',#570,.T.);
#307=FACE_OUTER_BOUND('',#571,.T.);
#308=FACE_OUTER_BOUND('',#572,.T.);
#309=FACE_OUTER_BOUND('',#573,.T.);
#310=FACE_OUTER_BOUND('',#574,.T.);
#311=FACE_OUTER_BOUND('',#575,.T.);
#312=FACE_OUTER_BOUND('',#576,.T.);
#313=FACE_OUTER_BOUND('',#577,.T.);
#314=FACE_OUTER_BOUND('',#578,.T.);
#315=FACE_OUTER_BOUND('',#579,.T.);
#316=FACE_OUTER_BOUND('',#580,.T.);
#317=FACE_OUTER_BOUND('',#581,.T.);
#318=FACE_OUTER_BOUND('',#582,.T.);
#319=FACE_OUTER_BOUND('',#583,.T.);
#320=FACE_OUTER_BOUND('',#584,.T.);
#321=FACE_OUTER_BOUND('',#585,.T.);
#322=FACE_OUTER_BOUND('',#586,.T.);
#323=FACE_OUTER_BOUND('',#587,.T.);
#324=FACE_OUTER_BOUND('',#588,.T.);
#325=FACE_OUTER_BOUND('',#589,.T.);
#326=FACE_OUTER_BOUND('',#590,.T.);
#327=FACE_OUTER_BOUND('',#591,.T.);
#328=FACE_OUTER_BOUND('',#592,.T.);
#329=FACE_OUTER_BOUND('',#593,.T.);
#330=FACE_OUTER_BOUND('',#594,.T.);
#331=FACE_OUTER_BOUND('',#595,.T.);
#332=FACE_OUTER_BOUND('',#596,.T.);
#333=FACE_OUTER_BOUND('',#597,.T.);
#334=FACE_OUTER_BOUND('',#598,.T.);
#335=FACE_OUTER_BOUND('',#599,.T.);
#336=FACE_OUTER_BOUND('',#602,.T.);
#337=FACE_OUTER_BOUND('',#605,.T.);
#338=FACE_OUTER_BOUND('',#606,.T.);
#339=FACE_OUTER_BOUND('',#607,.T.);
#340=FACE_OUTER_BOUND('',#608,.T.);
#341=FACE_OUTER_BOUND('',#609,.T.);
#342=FACE_OUTER_BOUND('',#610,.T.);
#343=FACE_OUTER_BOUND('',#611,.T.);
#344=FACE_OUTER_BOUND('',#612,.T.);
#345=FACE_OUTER_BOUND('',#613,.T.);
#346=FACE_OUTER_BOUND('',#614,.T.);
#347=FACE_OUTER_BOUND('',#615,.T.);
#348=FACE_OUTER_BOUND('',#616,.T.);
#349=FACE_OUTER_BOUND('',#617,.T.);
#350=FACE_OUTER_BOUND('',#618,.T.);
#351=FACE_OUTER_BOUND('',#619,.T.);
#352=FACE_OUTER_BOUND('',#620,.T.);
#353=FACE_OUTER_BOUND('',#621,.T.);
#354=FACE_OUTER_BOUND('',#623,.T.);
#355=FACE_OUTER_BOUND('',#624,.T.);
#356=FACE_OUTER_BOUND('',#625,.T.);
#357=FACE_OUTER_BOUND('',#626,.T.);
#358=FACE_OUTER_BOUND('',#627,.T.);
#359=FACE_OUTER_BOUND('',#628,.T.);
#360=FACE_OUTER_BOUND('',#630,.T.);
#361=FACE_OUTER_BOUND('',#631,.T.);
#362=FACE_OUTER_BOUND('',#632,.T.);
#363=FACE_OUTER_BOUND('',#633,.T.);
#364=FACE_OUTER_BOUND('',#634,.T.);
#365=FACE_OUTER_BOUND('',#635,.T.);
#366=FACE_OUTER_BOUND('',#636,.T.);
#367=FACE_OUTER_BOUND('',#637,.T.);
#368=FACE_OUTER_BOUND('',#638,.T.);
#369=FACE_OUTER_BOUND('',#639,.T.);
#370=FACE_OUTER_BOUND('',#640,.T.);
#371=FACE_OUTER_BOUND('',#641,.T.);
#372=FACE_OUTER_BOUND('',#642,.T.);
#373=FACE_OUTER_BOUND('',#643,.T.);
#374=FACE_OUTER_BOUND('',#644,.T.);
#375=FACE_OUTER_BOUND('',#645,.T.);
#376=FACE_OUTER_BOUND('',#646,.T.);
#377=FACE_OUTER_BOUND('',#647,.T.);
#378=FACE_OUTER_BOUND('',#648,.T.);
#379=FACE_OUTER_BOUND('',#649,.T.);
#380=FACE_OUTER_BOUND('',#650,.T.);
#381=FACE_OUTER_BOUND('',#651,.T.);
#382=FACE_OUTER_BOUND('',#652,.T.);
#383=FACE_OUTER_BOUND('',#653,.T.);
#384=FACE_OUTER_BOUND('',#654,.T.);
#385=FACE_OUTER_BOUND('',#655,.T.);
#386=FACE_OUTER_BOUND('',#656,.T.);
#387=FACE_OUTER_BOUND('',#657,.T.);
#388=FACE_OUTER_BOUND('',#658,.T.);
#389=FACE_OUTER_BOUND('',#659,.T.);
#390=FACE_OUTER_BOUND('',#660,.T.);
#391=FACE_OUTER_BOUND('',#661,.T.);
#392=FACE_OUTER_BOUND('',#662,.T.);
#393=FACE_OUTER_BOUND('',#663,.T.);
#394=FACE_OUTER_BOUND('',#664,.T.);
#395=FACE_OUTER_BOUND('',#665,.T.);
#396=FACE_OUTER_BOUND('',#666,.T.);
#397=FACE_OUTER_BOUND('',#667,.T.);
#398=FACE_OUTER_BOUND('',#668,.T.);
#399=FACE_OUTER_BOUND('',#669,.T.);
#400=FACE_OUTER_BOUND('',#670,.T.);
#401=FACE_OUTER_BOUND('',#671,.T.);
#402=FACE_OUTER_BOUND('',#672,.T.);
#403=FACE_OUTER_BOUND('',#673,.T.);
#404=FACE_OUTER_BOUND('',#674,.T.);
#405=FACE_OUTER_BOUND('',#675,.T.);
#406=FACE_OUTER_BOUND('',#676,.T.);
#407=FACE_OUTER_BOUND('',#677,.T.);
#408=FACE_OUTER_BOUND('',#678,.T.);
#409=FACE_OUTER_BOUND('',#679,.T.);
#410=FACE_OUTER_BOUND('',#680,.T.);
#411=FACE_OUTER_BOUND('',#681,.T.);
#412=FACE_OUTER_BOUND('',#682,.T.);
#413=FACE_OUTER_BOUND('',#683,.T.);
#414=FACE_OUTER_BOUND('',#684,.T.);
#415=FACE_OUTER_BOUND('',#685,.T.);
#416=FACE_OUTER_BOUND('',#686,.T.);
#417=FACE_OUTER_BOUND('',#687,.T.);
#418=FACE_OUTER_BOUND('',#688,.T.);
#419=FACE_OUTER_BOUND('',#689,.T.);
#420=FACE_OUTER_BOUND('',#690,.T.);
#421=FACE_OUTER_BOUND('',#691,.T.);
#422=FACE_OUTER_BOUND('',#692,.T.);
#423=FACE_OUTER_BOUND('',#693,.T.);
#424=FACE_OUTER_BOUND('',#694,.T.);
#425=FACE_OUTER_BOUND('',#695,.T.);
#426=FACE_OUTER_BOUND('',#696,.T.);
#427=FACE_OUTER_BOUND('',#697,.T.);
#428=FACE_OUTER_BOUND('',#698,.T.);
#429=FACE_OUTER_BOUND('',#699,.T.);
#430=FACE_OUTER_BOUND('',#700,.T.);
#431=FACE_OUTER_BOUND('',#701,.T.);
#432=FACE_OUTER_BOUND('',#702,.T.);
#433=FACE_OUTER_BOUND('',#703,.T.);
#434=FACE_OUTER_BOUND('',#704,.T.);
#435=FACE_OUTER_BOUND('',#705,.T.);
#436=FACE_OUTER_BOUND('',#706,.T.);
#437=FACE_OUTER_BOUND('',#707,.T.);
#438=FACE_OUTER_BOUND('',#708,.T.);
#439=FACE_OUTER_BOUND('',#709,.T.);
#440=FACE_OUTER_BOUND('',#710,.T.);
#441=FACE_OUTER_BOUND('',#711,.T.);
#442=FACE_OUTER_BOUND('',#712,.T.);
#443=FACE_OUTER_BOUND('',#713,.T.);
#444=FACE_OUTER_BOUND('',#714,.T.);
#445=FACE_OUTER_BOUND('',#715,.T.);
#446=FACE_OUTER_BOUND('',#716,.T.);
#447=FACE_OUTER_BOUND('',#717,.T.);
#448=FACE_OUTER_BOUND('',#718,.T.);
#449=FACE_OUTER_BOUND('',#719,.T.);
#450=FACE_OUTER_BOUND('',#720,.T.);
#451=FACE_OUTER_BOUND('',#721,.T.);
#452=FACE_OUTER_BOUND('',#722,.T.);
#453=FACE_OUTER_BOUND('',#723,.T.);
#454=FACE_OUTER_BOUND('',#724,.T.);
#455=FACE_OUTER_BOUND('',#725,.T.);
#456=FACE_OUTER_BOUND('',#726,.T.);
#457=FACE_OUTER_BOUND('',#727,.T.);
#458=FACE_OUTER_BOUND('',#728,.T.);
#459=FACE_OUTER_BOUND('',#729,.T.);
#460=FACE_OUTER_BOUND('',#730,.T.);
#461=FACE_OUTER_BOUND('',#731,.T.);
#462=FACE_OUTER_BOUND('',#732,.T.);
#463=FACE_OUTER_BOUND('',#733,.T.);
#464=FACE_OUTER_BOUND('',#734,.T.);
#465=FACE_OUTER_BOUND('',#735,.T.);
#466=FACE_OUTER_BOUND('',#736,.T.);
#467=FACE_OUTER_BOUND('',#737,.T.);
#468=FACE_OUTER_BOUND('',#738,.T.);
#469=FACE_OUTER_BOUND('',#739,.T.);
#470=FACE_OUTER_BOUND('',#740,.T.);
#471=FACE_OUTER_BOUND('',#741,.T.);
#472=FACE_OUTER_BOUND('',#742,.T.);
#473=FACE_OUTER_BOUND('',#743,.T.);
#474=FACE_OUTER_BOUND('',#744,.T.);
#475=FACE_OUTER_BOUND('',#745,.T.);
#476=FACE_OUTER_BOUND('',#746,.T.);
#477=FACE_OUTER_BOUND('',#747,.T.);
#478=FACE_OUTER_BOUND('',#748,.T.);
#479=FACE_OUTER_BOUND('',#749,.T.);
#480=FACE_OUTER_BOUND('',#750,.T.);
#481=FACE_OUTER_BOUND('',#751,.T.);
#482=FACE_OUTER_BOUND('',#752,.T.);
#483=FACE_OUTER_BOUND('',#753,.T.);
#484=FACE_OUTER_BOUND('',#754,.T.);
#485=FACE_OUTER_BOUND('',#757,.T.);
#486=FACE_OUTER_BOUND('',#758,.T.);
#487=FACE_OUTER_BOUND('',#759,.T.);
#488=FACE_OUTER_BOUND('',#760,.T.);
#489=FACE_OUTER_BOUND('',#761,.T.);
#490=FACE_OUTER_BOUND('',#762,.T.);
#491=FACE_OUTER_BOUND('',#763,.T.);
#492=FACE_OUTER_BOUND('',#764,.T.);
#493=FACE_OUTER_BOUND('',#766,.T.);
#494=FACE_OUTER_BOUND('',#767,.T.);
#495=FACE_OUTER_BOUND('',#768,.T.);
#496=FACE_OUTER_BOUND('',#769,.T.);
#497=FACE_OUTER_BOUND('',#770,.T.);
#498=FACE_OUTER_BOUND('',#771,.T.);
#499=FACE_OUTER_BOUND('',#772,.T.);
#500=FACE_OUTER_BOUND('',#773,.T.);
#501=FACE_OUTER_BOUND('',#774,.T.);
#502=FACE_OUTER_BOUND('',#775,.T.);
#503=FACE_OUTER_BOUND('',#776,.T.);
#504=FACE_OUTER_BOUND('',#777,.T.);
#505=FACE_OUTER_BOUND('',#778,.T.);
#506=FACE_OUTER_BOUND('',#779,.T.);
#507=FACE_OUTER_BOUND('',#780,.T.);
#508=FACE_OUTER_BOUND('',#781,.T.);
#509=FACE_OUTER_BOUND('',#782,.T.);
#510=FACE_OUTER_BOUND('',#783,.T.);
#511=FACE_OUTER_BOUND('',#784,.T.);
#512=FACE_OUTER_BOUND('',#785,.T.);
#513=FACE_OUTER_BOUND('',#786,.T.);
#514=FACE_OUTER_BOUND('',#787,.T.);
#515=FACE_OUTER_BOUND('',#788,.T.);
#516=FACE_OUTER_BOUND('',#789,.T.);
#517=FACE_OUTER_BOUND('',#790,.T.);
#518=FACE_OUTER_BOUND('',#791,.T.);
#519=FACE_OUTER_BOUND('',#792,.T.);
#520=FACE_OUTER_BOUND('',#793,.T.);
#521=FACE_OUTER_BOUND('',#794,.T.);
#522=FACE_OUTER_BOUND('',#796,.T.);
#523=FACE_OUTER_BOUND('',#797,.T.);
#524=FACE_OUTER_BOUND('',#799,.T.);
#525=FACE_OUTER_BOUND('',#800,.T.);
#526=FACE_OUTER_BOUND('',#801,.T.);
#527=FACE_OUTER_BOUND('',#802,.T.);
#528=FACE_OUTER_BOUND('',#803,.T.);
#529=FACE_OUTER_BOUND('',#805,.T.);
#530=FACE_OUTER_BOUND('',#806,.T.);
#531=FACE_OUTER_BOUND('',#812,.T.);
#532=FACE_OUTER_BOUND('',#818,.T.);
#533=FACE_OUTER_BOUND('',#820,.T.);
#534=FACE_OUTER_BOUND('',#821,.T.);
#535=FACE_OUTER_BOUND('',#822,.T.);
#536=FACE_OUTER_BOUND('',#823,.T.);
#537=FACE_OUTER_BOUND('',#824,.T.);
#538=FACE_OUTER_BOUND('',#825,.T.);
#539=FACE_OUTER_BOUND('',#826,.T.);
#540=FACE_OUTER_BOUND('',#827,.T.);
#541=FACE_OUTER_BOUND('',#828,.T.);
#542=FACE_OUTER_BOUND('',#829,.T.);
#543=FACE_OUTER_BOUND('',#830,.T.);
#544=FACE_OUTER_BOUND('',#831,.T.);
#545=FACE_OUTER_BOUND('',#832,.T.);
#546=FACE_OUTER_BOUND('',#835,.T.);
#547=FACE_OUTER_BOUND('',#837,.T.);
#548=FACE_OUTER_BOUND('',#838,.T.);
#549=FACE_OUTER_BOUND('',#840,.T.);
#550=FACE_OUTER_BOUND('',#841,.T.);
#551=EDGE_LOOP('',(#2945,#2946,#2947,#2948));
#552=EDGE_LOOP('',(#2949,#2950,#2951,#2952));
#553=EDGE_LOOP('',(#2953,#2954,#2955,#2956,#2957,#2958,#2959,#2960));
#554=EDGE_LOOP('',(#2961,#2962,#2963,#2964));
#555=EDGE_LOOP('',(#2965,#2966,#2967,#2968));
#556=EDGE_LOOP('',(#2969,#2970,#2971,#2972));
#557=EDGE_LOOP('',(#2973,#2974,#2975,#2976,#2977,#2978,#2979,#2980));
#558=EDGE_LOOP('',(#2981,#2982,#2983,#2984));
#559=EDGE_LOOP('',(#2985,#2986,#2987,#2988));
#560=EDGE_LOOP('',(#2989,#2990,#2991,#2992,#2993));
#561=EDGE_LOOP('',(#2994,#2995,#2996,#2997,#2998,#2999,#3000,#3001));
#562=EDGE_LOOP('',(#3002,#3003,#3004,#3005,#3006));
#563=EDGE_LOOP('',(#3007,#3008,#3009,#3010,#3011,#3012,#3013,#3014));
#564=EDGE_LOOP('',(#3015,#3016,#3017,#3018,#3019));
#565=EDGE_LOOP('',(#3020,#3021,#3022,#3023,#3024,#3025,#3026,#3027));
#566=EDGE_LOOP('',(#3028,#3029,#3030,#3031,#3032));
#567=EDGE_LOOP('',(#3033,#3034,#3035,#3036));
#568=EDGE_LOOP('',(#3037,#3038,#3039,#3040));
#569=EDGE_LOOP('',(#3041,#3042,#3043,#3044,#3045,#3046));
#570=EDGE_LOOP('',(#3047,#3048,#3049,#3050));
#571=EDGE_LOOP('',(#3051,#3052,#3053,#3054));
#572=EDGE_LOOP('',(#3055,#3056,#3057));
#573=EDGE_LOOP('',(#3058,#3059,#3060,#3061,#3062));
#574=EDGE_LOOP('',(#3063,#3064,#3065,#3066));
#575=EDGE_LOOP('',(#3067,#3068,#3069));
#576=EDGE_LOOP('',(#3070,#3071,#3072,#3073,#3074));
#577=EDGE_LOOP('',(#3075,#3076,#3077,#3078));
#578=EDGE_LOOP('',(#3079,#3080,#3081,#3082));
#579=EDGE_LOOP('',(#3083,#3084,#3085,#3086));
#580=EDGE_LOOP('',(#3087,#3088,#3089,#3090));
#581=EDGE_LOOP('',(#3091,#3092,#3093,#3094));
#582=EDGE_LOOP('',(#3095,#3096,#3097,#3098));
#583=EDGE_LOOP('',(#3099,#3100,#3101,#3102));
#584=EDGE_LOOP('',(#3103,#3104,#3105,#3106));
#585=EDGE_LOOP('',(#3107,#3108,#3109,#3110,#3111,#3112));
#586=EDGE_LOOP('',(#3113,#3114,#3115,#3116));
#587=EDGE_LOOP('',(#3117,#3118,#3119,#3120));
#588=EDGE_LOOP('',(#3121,#3122,#3123,#3124,#3125,#3126,#3127,#3128));
#589=EDGE_LOOP('',(#3129,#3130,#3131,#3132));
#590=EDGE_LOOP('',(#3133,#3134,#3135,#3136,#3137,#3138,#3139,#3140,#3141,
#3142,#3143,#3144,#3145,#3146,#3147,#3148,#3149,#3150,#3151,#3152));
#591=EDGE_LOOP('',(#3153,#3154,#3155,#3156,#3157,#3158,#3159,#3160,#3161,
#3162,#3163,#3164,#3165,#3166,#3167,#3168));
#592=EDGE_LOOP('',(#3169,#3170,#3171,#3172));
#593=EDGE_LOOP('',(#3173,#3174,#3175,#3176,#3177,#3178,#3179,#3180));
#594=EDGE_LOOP('',(#3181,#3182,#3183,#3184,#3185,#3186,#3187));
#595=EDGE_LOOP('',(#3188,#3189,#3190,#3191,#3192,#3193,#3194,#3195,#3196,
#3197,#3198,#3199,#3200,#3201,#3202,#3203,#3204,#3205,#3206,#3207));
#596=EDGE_LOOP('',(#3208,#3209,#3210,#3211,#3212,#3213));
#597=EDGE_LOOP('',(#3214,#3215,#3216,#3217,#3218,#3219,#3220,#3221,#3222,
#3223,#3224,#3225,#3226,#3227,#3228,#3229,#3230,#3231,#3232,#3233,#3234,
#3235,#3236,#3237,#3238,#3239,#3240,#3241,#3242,#3243,#3244,#3245));
#598=EDGE_LOOP('',(#3246,#3247,#3248,#3249));
#599=EDGE_LOOP('',(#3250,#3251,#3252,#3253,#3254,#3255,#3256,#3257,#3258,
#3259,#3260,#3261,#3262,#3263,#3264,#3265,#3266,#3267,#3268));
#600=EDGE_LOOP('',(#3269));
#601=EDGE_LOOP('',(#3270));
#602=EDGE_LOOP('',(#3271,#3272,#3273,#3274,#3275,#3276,#3277,#3278,#3279,
#3280,#3281,#3282,#3283,#3284,#3285,#3286,#3287,#3288,#3289));
#603=EDGE_LOOP('',(#3290));
#604=EDGE_LOOP('',(#3291));
#605=EDGE_LOOP('',(#3292,#3293,#3294,#3295,#3296));
#606=EDGE_LOOP('',(#3297,#3298,#3299,#3300));
#607=EDGE_LOOP('',(#3301,#3302,#3303,#3304,#3305));
#608=EDGE_LOOP('',(#3306,#3307,#3308,#3309));
#609=EDGE_LOOP('',(#3310,#3311,#3312));
#610=EDGE_LOOP('',(#3313,#3314,#3315,#3316));
#611=EDGE_LOOP('',(#3317,#3318,#3319));
#612=EDGE_LOOP('',(#3320,#3321,#3322,#3323));
#613=EDGE_LOOP('',(#3324,#3325,#3326,#3327));
#614=EDGE_LOOP('',(#3328,#3329,#3330,#3331));
#615=EDGE_LOOP('',(#3332,#3333,#3334,#3335));
#616=EDGE_LOOP('',(#3336,#3337,#3338,#3339));
#617=EDGE_LOOP('',(#3340,#3341,#3342,#3343));
#618=EDGE_LOOP('',(#3344,#3345,#3346,#3347));
#619=EDGE_LOOP('',(#3348,#3349,#3350,#3351));
#620=EDGE_LOOP('',(#3352,#3353,#3354,#3355));
#621=EDGE_LOOP('',(#3356,#3357,#3358,#3359,#3360));
#622=EDGE_LOOP('',(#3361));
#623=EDGE_LOOP('',(#3362,#3363,#3364,#3365));
#624=EDGE_LOOP('',(#3366,#3367,#3368,#3369));
#625=EDGE_LOOP('',(#3370,#3371,#3372,#3373));
#626=EDGE_LOOP('',(#3374,#3375,#3376,#3377));
#627=EDGE_LOOP('',(#3378,#3379,#3380,#3381));
#628=EDGE_LOOP('',(#3382,#3383,#3384,#3385,#3386));
#629=EDGE_LOOP('',(#3387));
#630=EDGE_LOOP('',(#3388,#3389,#3390,#3391,#3392,#3393));
#631=EDGE_LOOP('',(#3394,#3395,#3396,#3397,#3398,#3399));
#632=EDGE_LOOP('',(#3400,#3401,#3402,#3403));
#633=EDGE_LOOP('',(#3404,#3405,#3406,#3407,#3408));
#634=EDGE_LOOP('',(#3409,#3410,#3411,#3412));
#635=EDGE_LOOP('',(#3413,#3414,#3415));
#636=EDGE_LOOP('',(#3416,#3417,#3418,#3419,#3420));
#637=EDGE_LOOP('',(#3421,#3422,#3423,#3424,#3425));
#638=EDGE_LOOP('',(#3426,#3427,#3428));
#639=EDGE_LOOP('',(#3429,#3430,#3431,#3432));
#640=EDGE_LOOP('',(#3433,#3434,#3435,#3436,#3437));
#641=EDGE_LOOP('',(#3438,#3439,#3440,#3441));
#642=EDGE_LOOP('',(#3442,#3443,#3444,#3445,#3446));
#643=EDGE_LOOP('',(#3447,#3448,#3449));
#644=EDGE_LOOP('',(#3450,#3451,#3452,#3453,#3454));
#645=EDGE_LOOP('',(#3455,#3456,#3457));
#646=EDGE_LOOP('',(#3458,#3459,#3460,#3461,#3462));
#647=EDGE_LOOP('',(#3463,#3464,#3465));
#648=EDGE_LOOP('',(#3466,#3467,#3468,#3469,#3470));
#649=EDGE_LOOP('',(#3471,#3472,#3473,#3474,#3475));
#650=EDGE_LOOP('',(#3476,#3477,#3478));
#651=EDGE_LOOP('',(#3479,#3480,#3481,#3482,#3483));
#652=EDGE_LOOP('',(#3484,#3485,#3486,#3487));
#653=EDGE_LOOP('',(#3488,#3489,#3490,#3491));
#654=EDGE_LOOP('',(#3492,#3493,#3494,#3495));
#655=EDGE_LOOP('',(#3496,#3497,#3498,#3499));
#656=EDGE_LOOP('',(#3500));
#657=EDGE_LOOP('',(#3501,#3502,#3503,#3504));
#658=EDGE_LOOP('',(#3505));
#659=EDGE_LOOP('',(#3506,#3507,#3508,#3509,#3510,#3511,#3512));
#660=EDGE_LOOP('',(#3513,#3514,#3515,#3516,#3517));
#661=EDGE_LOOP('',(#3518,#3519,#3520,#3521,#3522));
#662=EDGE_LOOP('',(#3523,#3524,#3525,#3526));
#663=EDGE_LOOP('',(#3527,#3528,#3529,#3530));
#664=EDGE_LOOP('',(#3531,#3532,#3533,#3534,#3535,#3536,#3537));
#665=EDGE_LOOP('',(#3538,#3539,#3540,#3541,#3542,#3543,#3544,#3545,#3546,
#3547,#3548,#3549));
#666=EDGE_LOOP('',(#3550,#3551,#3552,#3553,#3554));
#667=EDGE_LOOP('',(#3555,#3556,#3557,#3558,#3559));
#668=EDGE_LOOP('',(#3560,#3561,#3562,#3563,#3564));
#669=EDGE_LOOP('',(#3565,#3566,#3567,#3568));
#670=EDGE_LOOP('',(#3569,#3570,#3571,#3572));
#671=EDGE_LOOP('',(#3573,#3574,#3575));
#672=EDGE_LOOP('',(#3576,#3577,#3578));
#673=EDGE_LOOP('',(#3579,#3580,#3581,#3582));
#674=EDGE_LOOP('',(#3583,#3584,#3585));
#675=EDGE_LOOP('',(#3586,#3587,#3588,#3589));
#676=EDGE_LOOP('',(#3590,#3591,#3592));
#677=EDGE_LOOP('',(#3593,#3594,#3595));
#678=EDGE_LOOP('',(#3596,#3597,#3598,#3599));
#679=EDGE_LOOP('',(#3600,#3601,#3602,#3603));
#680=EDGE_LOOP('',(#3604,#3605,#3606,#3607));
#681=EDGE_LOOP('',(#3608,#3609,#3610,#3611));
#682=EDGE_LOOP('',(#3612,#3613,#3614,#3615,#3616));
#683=EDGE_LOOP('',(#3617,#3618,#3619,#3620,#3621,#3622));
#684=EDGE_LOOP('',(#3623,#3624,#3625,#3626,#3627));
#685=EDGE_LOOP('',(#3628,#3629,#3630,#3631,#3632));
#686=EDGE_LOOP('',(#3633,#3634,#3635,#3636));
#687=EDGE_LOOP('',(#3637,#3638,#3639,#3640,#3641,#3642,#3643));
#688=EDGE_LOOP('',(#3644,#3645,#3646,#3647));
#689=EDGE_LOOP('',(#3648,#3649,#3650,#3651));
#690=EDGE_LOOP('',(#3652,#3653,#3654,#3655,#3656,#3657));
#691=EDGE_LOOP('',(#3658,#3659,#3660,#3661));
#692=EDGE_LOOP('',(#3662,#3663,#3664,#3665));
#693=EDGE_LOOP('',(#3666,#3667,#3668,#3669));
#694=EDGE_LOOP('',(#3670,#3671,#3672,#3673));
#695=EDGE_LOOP('',(#3674,#3675,#3676,#3677,#3678,#3679));
#696=EDGE_LOOP('',(#3680,#3681,#3682,#3683));
#697=EDGE_LOOP('',(#3684,#3685,#3686,#3687));
#698=EDGE_LOOP('',(#3688,#3689,#3690,#3691,#3692,#3693));
#699=EDGE_LOOP('',(#3694,#3695,#3696,#3697));
#700=EDGE_LOOP('',(#3698,#3699,#3700,#3701));
#701=EDGE_LOOP('',(#3702,#3703,#3704,#3705));
#702=EDGE_LOOP('',(#3706,#3707,#3708,#3709));
#703=EDGE_LOOP('',(#3710,#3711,#3712,#3713));
#704=EDGE_LOOP('',(#3714,#3715,#3716,#3717,#3718,#3719));
#705=EDGE_LOOP('',(#3720,#3721,#3722,#3723));
#706=EDGE_LOOP('',(#3724,#3725,#3726,#3727));
#707=EDGE_LOOP('',(#3728,#3729,#3730,#3731));
#708=EDGE_LOOP('',(#3732,#3733,#3734,#3735));
#709=EDGE_LOOP('',(#3736,#3737,#3738,#3739));
#710=EDGE_LOOP('',(#3740,#3741,#3742,#3743));
#711=EDGE_LOOP('',(#3744,#3745,#3746,#3747));
#712=EDGE_LOOP('',(#3748,#3749,#3750,#3751));
#713=EDGE_LOOP('',(#3752,#3753,#3754,#3755));
#714=EDGE_LOOP('',(#3756,#3757,#3758,#3759));
#715=EDGE_LOOP('',(#3760,#3761,#3762,#3763));
#716=EDGE_LOOP('',(#3764,#3765,#3766,#3767));
#717=EDGE_LOOP('',(#3768,#3769,#3770,#3771));
#718=EDGE_LOOP('',(#3772,#3773,#3774));
#719=EDGE_LOOP('',(#3775,#3776,#3777,#3778));
#720=EDGE_LOOP('',(#3779,#3780,#3781,#3782));
#721=EDGE_LOOP('',(#3783,#3784,#3785,#3786));
#722=EDGE_LOOP('',(#3787,#3788,#3789));
#723=EDGE_LOOP('',(#3790,#3791,#3792,#3793));
#724=EDGE_LOOP('',(#3794,#3795,#3796));
#725=EDGE_LOOP('',(#3797,#3798,#3799,#3800));
#726=EDGE_LOOP('',(#3801,#3802,#3803,#3804));
#727=EDGE_LOOP('',(#3805,#3806,#3807,#3808));
#728=EDGE_LOOP('',(#3809,#3810,#3811));
#729=EDGE_LOOP('',(#3812,#3813,#3814,#3815));
#730=EDGE_LOOP('',(#3816,#3817,#3818));
#731=EDGE_LOOP('',(#3819,#3820,#3821,#3822));
#732=EDGE_LOOP('',(#3823,#3824,#3825));
#733=EDGE_LOOP('',(#3826,#3827,#3828,#3829));
#734=EDGE_LOOP('',(#3830,#3831,#3832,#3833));
#735=EDGE_LOOP('',(#3834,#3835,#3836,#3837));
#736=EDGE_LOOP('',(#3838,#3839,#3840,#3841));
#737=EDGE_LOOP('',(#3842,#3843,#3844));
#738=EDGE_LOOP('',(#3845,#3846,#3847,#3848));
#739=EDGE_LOOP('',(#3849,#3850,#3851,#3852));
#740=EDGE_LOOP('',(#3853,#3854,#3855,#3856));
#741=EDGE_LOOP('',(#3857,#3858,#3859,#3860,#3861));
#742=EDGE_LOOP('',(#3862,#3863,#3864,#3865));
#743=EDGE_LOOP('',(#3866,#3867,#3868,#3869,#3870));
#744=EDGE_LOOP('',(#3871,#3872,#3873,#3874));
#745=EDGE_LOOP('',(#3875,#3876,#3877,#3878));
#746=EDGE_LOOP('',(#3879,#3880,#3881,#3882,#3883,#3884,#3885,#3886,#3887,
#3888));
#747=EDGE_LOOP('',(#3889,#3890,#3891,#3892,#3893,#3894));
#748=EDGE_LOOP('',(#3895,#3896,#3897,#3898,#3899,#3900,#3901,#3902,#3903,
#3904));
#749=EDGE_LOOP('',(#3905,#3906,#3907,#3908,#3909,#3910,#3911,#3912,#3913,
#3914,#3915,#3916));
#750=EDGE_LOOP('',(#3917,#3918,#3919,#3920,#3921,#3922));
#751=EDGE_LOOP('',(#3923,#3924,#3925,#3926));
#752=EDGE_LOOP('',(#3927,#3928,#3929,#3930));
#753=EDGE_LOOP('',(#3931,#3932,#3933,#3934,#3935,#3936,#3937,#3938));
#754=EDGE_LOOP('',(#3939,#3940,#3941,#3942,#3943,#3944,#3945,#3946,#3947,
#3948,#3949,#3950,#3951,#3952));
#755=EDGE_LOOP('',(#3953));
#756=EDGE_LOOP('',(#3954));
#757=EDGE_LOOP('',(#3955,#3956,#3957,#3958));
#758=EDGE_LOOP('',(#3959,#3960,#3961,#3962,#3963,#3964,#3965,#3966));
#759=EDGE_LOOP('',(#3967,#3968,#3969));
#760=EDGE_LOOP('',(#3970,#3971,#3972,#3973,#3974,#3975,#3976,#3977));
#761=EDGE_LOOP('',(#3978,#3979,#3980,#3981));
#762=EDGE_LOOP('',(#3982,#3983,#3984,#3985));
#763=EDGE_LOOP('',(#3986,#3987,#3988,#3989));
#764=EDGE_LOOP('',(#3990,#3991,#3992,#3993,#3994,#3995,#3996,#3997,#3998,
#3999,#4000,#4001));
#765=EDGE_LOOP('',(#4002));
#766=EDGE_LOOP('',(#4003,#4004,#4005,#4006,#4007,#4008));
#767=EDGE_LOOP('',(#4009,#4010,#4011,#4012));
#768=EDGE_LOOP('',(#4013,#4014,#4015,#4016));
#769=EDGE_LOOP('',(#4017,#4018,#4019,#4020));
#770=EDGE_LOOP('',(#4021,#4022,#4023,#4024));
#771=EDGE_LOOP('',(#4025,#4026,#4027,#4028));
#772=EDGE_LOOP('',(#4029,#4030,#4031,#4032,#4033,#4034));
#773=EDGE_LOOP('',(#4035,#4036,#4037,#4038,#4039));
#774=EDGE_LOOP('',(#4040,#4041,#4042,#4043,#4044));
#775=EDGE_LOOP('',(#4045,#4046,#4047,#4048,#4049,#4050,#4051,#4052));
#776=EDGE_LOOP('',(#4053,#4054,#4055,#4056,#4057,#4058,#4059));
#777=EDGE_LOOP('',(#4060,#4061,#4062,#4063,#4064,#4065));
#778=EDGE_LOOP('',(#4066,#4067,#4068,#4069,#4070));
#779=EDGE_LOOP('',(#4071,#4072,#4073,#4074));
#780=EDGE_LOOP('',(#4075,#4076,#4077,#4078));
#781=EDGE_LOOP('',(#4079,#4080,#4081,#4082));
#782=EDGE_LOOP('',(#4083,#4084,#4085,#4086,#4087,#4088,#4089));
#783=EDGE_LOOP('',(#4090,#4091,#4092,#4093));
#784=EDGE_LOOP('',(#4094,#4095,#4096,#4097));
#785=EDGE_LOOP('',(#4098,#4099,#4100,#4101));
#786=EDGE_LOOP('',(#4102,#4103,#4104,#4105));
#787=EDGE_LOOP('',(#4106,#4107,#4108,#4109,#4110,#4111,#4112,#4113));
#788=EDGE_LOOP('',(#4114,#4115,#4116,#4117));
#789=EDGE_LOOP('',(#4118,#4119,#4120,#4121));
#790=EDGE_LOOP('',(#4122,#4123,#4124,#4125));
#791=EDGE_LOOP('',(#4126,#4127,#4128,#4129,#4130));
#792=EDGE_LOOP('',(#4131,#4132,#4133));
#793=EDGE_LOOP('',(#4134,#4135,#4136,#4137,#4138,#4139));
#794=EDGE_LOOP('',(#4140,#4141,#4142,#4143,#4144,#4145,#4146,#4147,#4148,
#4149,#4150,#4151));
#795=EDGE_LOOP('',(#4152));
#796=EDGE_LOOP('',(#4153,#4154,#4155,#4156));
#797=EDGE_LOOP('',(#4157));
#798=EDGE_LOOP('',(#4158));
#799=EDGE_LOOP('',(#4159,#4160,#4161,#4162));
#800=EDGE_LOOP('',(#4163,#4164,#4165,#4166,#4167));
#801=EDGE_LOOP('',(#4168,#4169,#4170,#4171,#4172,#4173));
#802=EDGE_LOOP('',(#4174,#4175,#4176,#4177,#4178));
#803=EDGE_LOOP('',(#4179));
#804=EDGE_LOOP('',(#4180));
#805=EDGE_LOOP('',(#4181,#4182,#4183,#4184,#4185));
#806=EDGE_LOOP('',(#4186));
#807=EDGE_LOOP('',(#4187));
#808=EDGE_LOOP('',(#4188));
#809=EDGE_LOOP('',(#4189));
#810=EDGE_LOOP('',(#4190));
#811=EDGE_LOOP('',(#4191));
#812=EDGE_LOOP('',(#4192));
#813=EDGE_LOOP('',(#4193));
#814=EDGE_LOOP('',(#4194));
#815=EDGE_LOOP('',(#4195));
#816=EDGE_LOOP('',(#4196));
#817=EDGE_LOOP('',(#4197));
#818=EDGE_LOOP('',(#4198));
#819=EDGE_LOOP('',(#4199));
#820=EDGE_LOOP('',(#4200,#4201,#4202,#4203));
#821=EDGE_LOOP('',(#4204,#4205,#4206,#4207));
#822=EDGE_LOOP('',(#4208,#4209,#4210,#4211));
#823=EDGE_LOOP('',(#4212,#4213,#4214,#4215));
#824=EDGE_LOOP('',(#4216,#4217,#4218,#4219));
#825=EDGE_LOOP('',(#4220,#4221,#4222,#4223,#4224,#4225));
#826=EDGE_LOOP('',(#4226,#4227,#4228,#4229,#4230));
#827=EDGE_LOOP('',(#4231,#4232,#4233,#4234,#4235,#4236));
#828=EDGE_LOOP('',(#4237,#4238,#4239,#4240));
#829=EDGE_LOOP('',(#4241,#4242,#4243,#4244));
#830=EDGE_LOOP('',(#4245,#4246,#4247,#4248));
#831=EDGE_LOOP('',(#4249,#4250,#4251,#4252));
#832=EDGE_LOOP('',(#4253,#4254,#4255,#4256));
#833=EDGE_LOOP('',(#4257));
#834=EDGE_LOOP('',(#4258));
#835=EDGE_LOOP('',(#4259,#4260,#4261,#4262));
#836=EDGE_LOOP('',(#4263));
#837=EDGE_LOOP('',(#4264,#4265,#4266,#4267));
#838=EDGE_LOOP('',(#4268,#4269,#4270,#4271));
#839=EDGE_LOOP('',(#4272));
#840=EDGE_LOOP('',(#4273,#4274,#4275,#4276));
#841=EDGE_LOOP('',(#4277,#4278,#4279,#4280));
#842=LINE('',#6593,#1251);
#843=LINE('',#6596,#1252);
#844=LINE('',#6633,#1253);
#845=LINE('',#6636,#1254);
#846=LINE('',#6638,#1255);
#847=LINE('',#6658,#1256);
#848=LINE('',#6677,#1257);
#849=LINE('',#6678,#1258);
#850=LINE('',#6715,#1259);
#851=LINE('',#6718,#1260);
#852=LINE('',#6720,#1261);
#853=LINE('',#6740,#1262);
#854=LINE('',#6759,#1263);
#855=LINE('',#6760,#1264);
#856=LINE('',#6763,#1265);
#857=LINE('',#6765,#1266);
#858=LINE('',#6767,#1267);
#859=LINE('',#6768,#1268);
#860=LINE('',#6771,#1269);
#861=LINE('',#6773,#1270);
#862=LINE('',#6775,#1271);
#863=LINE('',#6776,#1272);
#864=LINE('',#6779,#1273);
#865=LINE('',#6785,#1274);
#866=LINE('',#6787,#1275);
#867=LINE('',#6789,#1276);
#868=LINE('',#6791,#1277);
#869=LINE('',#6793,#1278);
#870=LINE('',#6794,#1279);
#871=LINE('',#6797,#1280);
#872=LINE('',#6803,#1281);
#873=LINE('',#6805,#1282);
#874=LINE('',#6807,#1283);
#875=LINE('',#6808,#1284);
#876=LINE('',#6811,#1285);
#877=LINE('',#6813,#1286);
#878=LINE('',#6814,#1287);
#879=LINE('',#6817,#1288);
#880=LINE('',#6818,#1289);
#881=LINE('',#6821,#1290);
#882=LINE('',#6829,#1291);
#883=LINE('',#6838,#1292);
#884=LINE('',#6852,#1293);
#885=LINE('',#6856,#1294);
#886=LINE('',#6866,#1295);
#887=LINE('',#6873,#1296);
#888=LINE('',#6882,#1297);
#889=LINE('',#6887,#1298);
#890=LINE('',#6902,#1299);
#891=LINE('',#6904,#1300);
#892=LINE('',#6908,#1301);
#893=LINE('',#6911,#1302);
#894=LINE('',#6913,#1303);
#895=LINE('',#6914,#1304);
#896=LINE('',#6930,#1305);
#897=LINE('',#6957,#1306);
#898=LINE('',#6961,#1307);
#899=LINE('',#6985,#1308);
#900=LINE('',#6987,#1309);
#901=LINE('',#6989,#1310);
#902=LINE('',#6991,#1311);
#903=LINE('',#6993,#1312);
#904=LINE('',#6995,#1313);
#905=LINE('',#6996,#1314);
#906=LINE('',#6998,#1315);
#907=LINE('',#7001,#1316);
#908=LINE('',#7005,#1317);
#909=LINE('',#7008,#1318);
#910=LINE('',#7012,#1319);
#911=LINE('',#7014,#1320);
#912=LINE('',#7016,#1321);
#913=LINE('',#7021,#1322);
#914=LINE('',#7023,#1323);
#915=LINE('',#7027,#1324);
#916=LINE('',#7029,#1325);
#917=LINE('',#7031,#1326);
#918=LINE('',#7033,#1327);
#919=LINE('',#7035,#1328);
#920=LINE('',#7037,#1329);
#921=LINE('',#7039,#1330);
#922=LINE('',#7041,#1331);
#923=LINE('',#7043,#1332);
#924=LINE('',#7045,#1333);
#925=LINE('',#7046,#1334);
#926=LINE('',#7048,#1335);
#927=LINE('',#7051,#1336);
#928=LINE('',#7053,#1337);
#929=LINE('',#7055,#1338);
#930=LINE('',#7057,#1339);
#931=LINE('',#7058,#1340);
#932=LINE('',#7063,#1341);
#933=LINE('',#7067,#1342);
#934=LINE('',#7071,#1343);
#935=LINE('',#7073,#1344);
#936=LINE('',#7074,#1345);
#937=LINE('',#7078,#1346);
#938=LINE('',#7080,#1347);
#939=LINE('',#7082,#1348);
#940=LINE('',#7085,#1349);
#941=LINE('',#7089,#1350);
#942=LINE('',#7093,#1351);
#943=LINE('',#7096,#1352);
#944=LINE('',#7099,#1353);
#945=LINE('',#7101,#1354);
#946=LINE('',#7103,#1355);
#947=LINE('',#7107,#1356);
#948=LINE('',#7108,#1357);
#949=LINE('',#7112,#1358);
#950=LINE('',#7114,#1359);
#951=LINE('',#7119,#1360);
#952=LINE('',#7121,#1361);
#953=LINE('',#7126,#1362);
#954=LINE('',#7128,#1363);
#955=LINE('',#7133,#1364);
#956=LINE('',#7135,#1365);
#957=LINE('',#7139,#1366);
#958=LINE('',#7140,#1367);
#959=LINE('',#7143,#1368);
#960=LINE('',#7144,#1369);
#961=LINE('',#7146,#1370);
#962=LINE('',#7147,#1371);
#963=LINE('',#7149,#1372);
#964=LINE('',#7151,#1373);
#965=LINE('',#7153,#1374);
#966=LINE('',#7155,#1375);
#967=LINE('',#7157,#1376);
#968=LINE('',#7159,#1377);
#969=LINE('',#7160,#1378);
#970=LINE('',#7161,#1379);
#971=LINE('',#7167,#1380);
#972=LINE('',#7169,#1381);
#973=LINE('',#7171,#1382);
#974=LINE('',#7173,#1383);
#975=LINE('',#7175,#1384);
#976=LINE('',#7177,#1385);
#977=LINE('',#7179,#1386);
#978=LINE('',#7180,#1387);
#979=LINE('',#7182,#1388);
#980=LINE('',#7183,#1389);
#981=LINE('',#7185,#1390);
#982=LINE('',#7186,#1391);
#983=LINE('',#7193,#1392);
#984=LINE('',#7199,#1393);
#985=LINE('',#7200,#1394);
#986=LINE('',#7203,#1395);
#987=LINE('',#7209,#1396);
#988=LINE('',#7210,#1397);
#989=LINE('',#7214,#1398);
#990=LINE('',#7219,#1399);
#991=LINE('',#7223,#1400);
#992=LINE('',#7228,#1401);
#993=LINE('',#7233,#1402);
#994=LINE('',#7237,#1403);
#995=LINE('',#7239,#1404);
#996=LINE('',#7240,#1405);
#997=LINE('',#7243,#1406);
#998=LINE('',#7244,#1407);
#999=LINE('',#7246,#1408);
#1000=LINE('',#7250,#1409);
#1001=LINE('',#7251,#1410);
#1002=LINE('',#7253,#1411);
#1003=LINE('',#7256,#1412);
#1004=LINE('',#7259,#1413);
#1005=LINE('',#7261,#1414);
#1006=LINE('',#7266,#1415);
#1007=LINE('',#7267,#1416);
#1008=LINE('',#7270,#1417);
#1009=LINE('',#7271,#1418);
#1010=LINE('',#7275,#1419);
#1011=LINE('',#7279,#1420);
#1012=LINE('',#7281,#1421);
#1013=LINE('',#7288,#1422);
#1014=LINE('',#7290,#1423);
#1015=LINE('',#7299,#1424);
#1016=LINE('',#7302,#1425);
#1017=LINE('',#7303,#1426);
#1018=LINE('',#7326,#1427);
#1019=LINE('',#7333,#1428);
#1020=LINE('',#7338,#1429);
#1021=LINE('',#7349,#1430);
#1022=LINE('',#7351,#1431);
#1023=LINE('',#7352,#1432);
#1024=LINE('',#7355,#1433);
#1025=LINE('',#7356,#1434);
#1026=LINE('',#7358,#1435);
#1027=LINE('',#7367,#1436);
#1028=LINE('',#7392,#1437);
#1029=LINE('',#7394,#1438);
#1030=LINE('',#7397,#1439);
#1031=LINE('',#7398,#1440);
#1032=LINE('',#7402,#1441);
#1033=LINE('',#7405,#1442);
#1034=LINE('',#7408,#1443);
#1035=LINE('',#7409,#1444);
#1036=LINE('',#7427,#1445);
#1037=LINE('',#7432,#1446);
#1038=LINE('',#7437,#1447);
#1039=LINE('',#7439,#1448);
#1040=LINE('',#7440,#1449);
#1041=LINE('',#7445,#1450);
#1042=LINE('',#7449,#1451);
#1043=LINE('',#7453,#1452);
#1044=LINE('',#7454,#1453);
#1045=LINE('',#7456,#1454);
#1046=LINE('',#7457,#1455);
#1047=LINE('',#7459,#1456);
#1048=LINE('',#7465,#1457);
#1049=LINE('',#7467,#1458);
#1050=LINE('',#7468,#1459);
#1051=LINE('',#7470,#1460);
#1052=LINE('',#7471,#1461);
#1053=LINE('',#7475,#1462);
#1054=LINE('',#7479,#1463);
#1055=LINE('',#7482,#1464);
#1056=LINE('',#7485,#1465);
#1057=LINE('',#7486,#1466);
#1058=LINE('',#7488,#1467);
#1059=LINE('',#7490,#1468);
#1060=LINE('',#7492,#1469);
#1061=LINE('',#7499,#1470);
#1062=LINE('',#7500,#1471);
#1063=LINE('',#7503,#1472);
#1064=LINE('',#7505,#1473);
#1065=LINE('',#7506,#1474);
#1066=LINE('',#7512,#1475);
#1067=LINE('',#7513,#1476);
#1068=LINE('',#7516,#1477);
#1069=LINE('',#7518,#1478);
#1070=LINE('',#7519,#1479);
#1071=LINE('',#7525,#1480);
#1072=LINE('',#7526,#1481);
#1073=LINE('',#7532,#1482);
#1074=LINE('',#7533,#1483);
#1075=LINE('',#7535,#1484);
#1076=LINE('',#7536,#1485);
#1077=LINE('',#7538,#1486);
#1078=LINE('',#7539,#1487);
#1079=LINE('',#7540,#1488);
#1080=LINE('',#7543,#1489);
#1081=LINE('',#7544,#1490);
#1082=LINE('',#7546,#1491);
#1083=LINE('',#7548,#1492);
#1084=LINE('',#7549,#1493);
#1085=LINE('',#7552,#1494);
#1086=LINE('',#7554,#1495);
#1087=LINE('',#7558,#1496);
#1088=LINE('',#7559,#1497);
#1089=LINE('',#7560,#1498);
#1090=LINE('',#7563,#1499);
#1091=LINE('',#7566,#1500);
#1092=LINE('',#7570,#1501);
#1093=LINE('',#7578,#1502);
#1094=LINE('',#7581,#1503);
#1095=LINE('',#7584,#1504);
#1096=LINE('',#7587,#1505);
#1097=LINE('',#7588,#1506);
#1098=LINE('',#7597,#1507);
#1099=LINE('',#7599,#1508);
#1100=LINE('',#7617,#1509);
#1101=LINE('',#7621,#1510);
#1102=LINE('',#7626,#1511);
#1103=LINE('',#7634,#1512);
#1104=LINE('',#7637,#1513);
#1105=LINE('',#7640,#1514);
#1106=LINE('',#7643,#1515);
#1107=LINE('',#7644,#1516);
#1108=LINE('',#7648,#1517);
#1109=LINE('',#7656,#1518);
#1110=LINE('',#7659,#1519);
#1111=LINE('',#7662,#1520);
#1112=LINE('',#7665,#1521);
#1113=LINE('',#7666,#1522);
#1114=LINE('',#7670,#1523);
#1115=LINE('',#7678,#1524);
#1116=LINE('',#7681,#1525);
#1117=LINE('',#7684,#1526);
#1118=LINE('',#7687,#1527);
#1119=LINE('',#7688,#1528);
#1120=LINE('',#7691,#1529);
#1121=LINE('',#7693,#1530);
#1122=LINE('',#7697,#1531);
#1123=LINE('',#7699,#1532);
#1124=LINE('',#7704,#1533);
#1125=LINE('',#7707,#1534);
#1126=LINE('',#7710,#1535);
#1127=LINE('',#7733,#1536);
#1128=LINE('',#7736,#1537);
#1129=LINE('',#7768,#1538);
#1130=LINE('',#7771,#1539);
#1131=LINE('',#7773,#1540);
#1132=LINE('',#7788,#1541);
#1133=LINE('',#7791,#1542);
#1134=LINE('',#7793,#1543);
#1135=LINE('',#7794,#1544);
#1136=LINE('',#7797,#1545);
#1137=LINE('',#7801,#1546);
#1138=LINE('',#7803,#1547);
#1139=LINE('',#7805,#1548);
#1140=LINE('',#7807,#1549);
#1141=LINE('',#7809,#1550);
#1142=LINE('',#7810,#1551);
#1143=LINE('',#7816,#1552);
#1144=LINE('',#7822,#1553);
#1145=LINE('',#7827,#1554);
#1146=LINE('',#7830,#1555);
#1147=LINE('',#7837,#1556);
#1148=LINE('',#7840,#1557);
#1149=LINE('',#7867,#1558);
#1150=LINE('',#7868,#1559);
#1151=LINE('',#7881,#1560);
#1152=LINE('',#7883,#1561);
#1153=LINE('',#7885,#1562);
#1154=LINE('',#7887,#1563);
#1155=LINE('',#7889,#1564);
#1156=LINE('',#7891,#1565);
#1157=LINE('',#7893,#1566);
#1158=LINE('',#7895,#1567);
#1159=LINE('',#7897,#1568);
#1160=LINE('',#7898,#1569);
#1161=LINE('',#7899,#1570);
#1162=LINE('',#7905,#1571);
#1163=LINE('',#7908,#1572);
#1164=LINE('',#7930,#1573);
#1165=LINE('',#7935,#1574);
#1166=LINE('',#7942,#1575);
#1167=LINE('',#7945,#1576);
#1168=LINE('',#7951,#1577);
#1169=LINE('',#7954,#1578);
#1170=LINE('',#7956,#1579);
#1171=LINE('',#7957,#1580);
#1172=LINE('',#7960,#1581);
#1173=LINE('',#7961,#1582);
#1174=LINE('',#7963,#1583);
#1175=LINE('',#7965,#1584);
#1176=LINE('',#7967,#1585);
#1177=LINE('',#7968,#1586);
#1178=LINE('',#7973,#1587);
#1179=LINE('',#7975,#1588);
#1180=LINE('',#7977,#1589);
#1181=LINE('',#7978,#1590);
#1182=LINE('',#7982,#1591);
#1183=LINE('',#7986,#1592);
#1184=LINE('',#7988,#1593);
#1185=LINE('',#7990,#1594);
#1186=LINE('',#7991,#1595);
#1187=LINE('',#7993,#1596);
#1188=LINE('',#7994,#1597);
#1189=LINE('',#7997,#1598);
#1190=LINE('',#7999,#1599);
#1191=LINE('',#8000,#1600);
#1192=LINE('',#8002,#1601);
#1193=LINE('',#8007,#1602);
#1194=LINE('',#8008,#1603);
#1195=LINE('',#8011,#1604);
#1196=LINE('',#8019,#1605);
#1197=LINE('',#8025,#1606);
#1198=LINE('',#8026,#1607);
#1199=LINE('',#8028,#1608);
#1200=LINE('',#8029,#1609);
#1201=LINE('',#8032,#1610);
#1202=LINE('',#8034,#1611);
#1203=LINE('',#8035,#1612);
#1204=LINE('',#8038,#1613);
#1205=LINE('',#8041,#1614);
#1206=LINE('',#8044,#1615);
#1207=LINE('',#8045,#1616);
#1208=LINE('',#8048,#1617);
#1209=LINE('',#8049,#1618);
#1210=LINE('',#8051,#1619);
#1211=LINE('',#8053,#1620);
#1212=LINE('',#8056,#1621);
#1213=LINE('',#8060,#1622);
#1214=LINE('',#8063,#1623);
#1215=LINE('',#8068,#1624);
#1216=LINE('',#8071,#1625);
#1217=LINE('',#8073,#1626);
#1218=LINE('',#8075,#1627);
#1219=LINE('',#8077,#1628);
#1220=LINE('',#8080,#1629);
#1221=LINE('',#8082,#1630);
#1222=LINE('',#8094,#1631);
#1223=LINE('',#8101,#1632);
#1224=LINE('',#8104,#1633);
#1225=LINE('',#8109,#1634);
#1226=LINE('',#8117,#1635);
#1227=LINE('',#8151,#1636);
#1228=LINE('',#8153,#1637);
#1229=LINE('',#8155,#1638);
#1230=LINE('',#8157,#1639);
#1231=LINE('',#8159,#1640);
#1232=LINE('',#8166,#1641);
#1233=LINE('',#8171,#1642);
#1234=LINE('',#8173,#1643);
#1235=LINE('',#8175,#1644);
#1236=LINE('',#8177,#1645);
#1237=LINE('',#8183,#1646);
#1238=LINE('',#8189,#1647);
#1239=LINE('',#8194,#1648);
#1240=LINE('',#8196,#1649);
#1241=LINE('',#8198,#1650);
#1242=LINE('',#8199,#1651);
#1243=LINE('',#8202,#1652);
#1244=LINE('',#8204,#1653);
#1245=LINE('',#8205,#1654);
#1246=LINE('',#8208,#1655);
#1247=LINE('',#8210,#1656);
#1248=LINE('',#8211,#1657);
#1249=LINE('',#8213,#1658);
#1250=LINE('',#8214,#1659);
#1251=VECTOR('',#5195,10.);
#1252=VECTOR('',#5198,10.);
#1253=VECTOR('',#5207,10.);
#1254=VECTOR('',#5210,10.);
#1255=VECTOR('',#5211,10.);
#1256=VECTOR('',#5212,10.);
#1257=VECTOR('',#5223,10.);
#1258=VECTOR('',#5224,10.);
#1259=VECTOR('',#5233,10.);
#1260=VECTOR('',#5236,10.);
#1261=VECTOR('',#5237,10.);
#1262=VECTOR('',#5238,10.);
#1263=VECTOR('',#5249,10.);
#1264=VECTOR('',#5250,10.);
#1265=VECTOR('',#5253,10.);
#1266=VECTOR('',#5254,10.);
#1267=VECTOR('',#5255,10.);
#1268=VECTOR('',#5256,10.);
#1269=VECTOR('',#5259,10.);
#1270=VECTOR('',#5260,10.);
#1271=VECTOR('',#5261,10.);
#1272=VECTOR('',#5262,10.);
#1273=VECTOR('',#5265,10.);
#1274=VECTOR('',#5272,10.);
#1275=VECTOR('',#5273,10.);
#1276=VECTOR('',#5274,10.);
#1277=VECTOR('',#5275,10.);
#1278=VECTOR('',#5276,10.);
#1279=VECTOR('',#5277,10.);
#1280=VECTOR('',#5280,10.);
#1281=VECTOR('',#5287,10.);
#1282=VECTOR('',#5288,10.);
#1283=VECTOR('',#5289,10.);
#1284=VECTOR('',#5290,10.);
#1285=VECTOR('',#5293,10.);
#1286=VECTOR('',#5294,10.);
#1287=VECTOR('',#5295,10.);
#1288=VECTOR('',#5298,10.);
#1289=VECTOR('',#5299,10.);
#1290=VECTOR('',#5302,10.);
#1291=VECTOR('',#5311,10.);
#1292=VECTOR('',#5312,10.);
#1293=VECTOR('',#5319,10.);
#1294=VECTOR('',#5322,10.);
#1295=VECTOR('',#5335,10.);
#1296=VECTOR('',#5344,10.);
#1297=VECTOR('',#5355,10.);
#1298=VECTOR('',#5362,10.);
#1299=VECTOR('',#5369,10.);
#1300=VECTOR('',#5370,10.);
#1301=VECTOR('',#5375,10.);
#1302=VECTOR('',#5378,10.);
#1303=VECTOR('',#5381,10.);
#1304=VECTOR('',#5382,10.);
#1305=VECTOR('',#5391,10.);
#1306=VECTOR('',#5396,10.);
#1307=VECTOR('',#5401,10.);
#1308=VECTOR('',#5406,10.);
#1309=VECTOR('',#5407,10.);
#1310=VECTOR('',#5408,10.);
#1311=VECTOR('',#5409,10.);
#1312=VECTOR('',#5410,10.);
#1313=VECTOR('',#5411,10.);
#1314=VECTOR('',#5412,10.);
#1315=VECTOR('',#5415,10.);
#1316=VECTOR('',#5418,10.);
#1317=VECTOR('',#5421,10.);
#1318=VECTOR('',#5424,10.);
#1319=VECTOR('',#5427,10.);
#1320=VECTOR('',#5428,10.);
#1321=VECTOR('',#5429,10.);
#1322=VECTOR('',#5434,10.);
#1323=VECTOR('',#5435,10.);
#1324=VECTOR('',#5440,10.);
#1325=VECTOR('',#5441,10.);
#1326=VECTOR('',#5442,10.);
#1327=VECTOR('',#5443,10.);
#1328=VECTOR('',#5444,1.);
#1329=VECTOR('',#5445,10.);
#1330=VECTOR('',#5446,10.);
#1331=VECTOR('',#5447,10.);
#1332=VECTOR('',#5448,1.);
#1333=VECTOR('',#5449,10.);
#1334=VECTOR('',#5450,10.);
#1335=VECTOR('',#5453,10.);
#1336=VECTOR('',#5456,10.);
#1337=VECTOR('',#5457,10.);
#1338=VECTOR('',#5458,10.);
#1339=VECTOR('',#5459,10.);
#1340=VECTOR('',#5460,10.);
#1341=VECTOR('',#5465,10.);
#1342=VECTOR('',#5468,10.);
#1343=VECTOR('',#5473,10.);
#1344=VECTOR('',#5474,10.);
#1345=VECTOR('',#5475,10.);
#1346=VECTOR('',#5478,10.);
#1347=VECTOR('',#5479,10.);
#1348=VECTOR('',#5480,10.);
#1349=VECTOR('',#5483,10.);
#1350=VECTOR('',#5486,10.);
#1351=VECTOR('',#5491,10.);
#1352=VECTOR('',#5494,10.);
#1353=VECTOR('',#5497,10.);
#1354=VECTOR('',#5498,10.);
#1355=VECTOR('',#5499,10.);
#1356=VECTOR('',#5502,10.);
#1357=VECTOR('',#5503,10.);
#1358=VECTOR('',#5506,10.);
#1359=VECTOR('',#5507,10.);
#1360=VECTOR('',#5512,10.);
#1361=VECTOR('',#5513,10.);
#1362=VECTOR('',#5518,10.);
#1363=VECTOR('',#5519,10.);
#1364=VECTOR('',#5524,10.);
#1365=VECTOR('',#5525,10.);
#1366=VECTOR('',#5530,10.);
#1367=VECTOR('',#5531,10.);
#1368=VECTOR('',#5534,10.);
#1369=VECTOR('',#5535,10.);
#1370=VECTOR('',#5536,10.);
#1371=VECTOR('',#5537,1.);
#1372=VECTOR('',#5538,10.);
#1373=VECTOR('',#5539,10.);
#1374=VECTOR('',#5540,1.);
#1375=VECTOR('',#5541,10.);
#1376=VECTOR('',#5542,1.);
#1377=VECTOR('',#5543,10.);
#1378=VECTOR('',#5544,1.);
#1379=VECTOR('',#5545,10.);
#1380=VECTOR('',#5552,10.);
#1381=VECTOR('',#5553,1.);
#1382=VECTOR('',#5554,10.);
#1383=VECTOR('',#5555,1.);
#1384=VECTOR('',#5556,10.);
#1385=VECTOR('',#5557,1.);
#1386=VECTOR('',#5558,10.);
#1387=VECTOR('',#5559,10.);
#1388=VECTOR('',#5560,1.);
#1389=VECTOR('',#5561,10.);
#1390=VECTOR('',#5562,10.);
#1391=VECTOR('',#5563,10.);
#1392=VECTOR('',#5570,1.05);
#1393=VECTOR('',#5577,10.);
#1394=VECTOR('',#5578,10.);
#1395=VECTOR('',#5581,1.05);
#1396=VECTOR('',#5588,10.);
#1397=VECTOR('',#5589,10.);
#1398=VECTOR('',#5592,1.1);
#1399=VECTOR('',#5599,1.1);
#1400=VECTOR('',#5602,1.1);
#1401=VECTOR('',#5609,1.1);
#1402=VECTOR('',#5614,10.);
#1403=VECTOR('',#5619,10.);
#1404=VECTOR('',#5620,10.);
#1405=VECTOR('',#5621,10.);
#1406=VECTOR('',#5624,10.);
#1407=VECTOR('',#5625,10.);
#1408=VECTOR('',#5628,10.);
#1409=VECTOR('',#5633,10.);
#1410=VECTOR('',#5634,10.);
#1411=VECTOR('',#5637,10.);
#1412=VECTOR('',#5640,10.);
#1413=VECTOR('',#5643,10.);
#1414=VECTOR('',#5646,10.);
#1415=VECTOR('',#5651,10.);
#1416=VECTOR('',#5652,10.);
#1417=VECTOR('',#5655,10.);
#1418=VECTOR('',#5656,10.);
#1419=VECTOR('',#5661,10.);
#1420=VECTOR('',#5668,10.);
#1421=VECTOR('',#5671,10.);
#1422=VECTOR('',#5680,10.);
#1423=VECTOR('',#5681,10.);
#1424=VECTOR('',#5684,10.);
#1425=VECTOR('',#5687,10.);
#1426=VECTOR('',#5688,10.);
#1427=VECTOR('',#5705,10.);
#1428=VECTOR('',#5714,10.);
#1429=VECTOR('',#5719,10.);
#1430=VECTOR('',#5722,10.);
#1431=VECTOR('',#5725,10.);
#1432=VECTOR('',#5726,10.);
#1433=VECTOR('',#5729,10.);
#1434=VECTOR('',#5730,10.);
#1435=VECTOR('',#5733,10.);
#1436=VECTOR('',#5744,10.);
#1437=VECTOR('',#5763,10.);
#1438=VECTOR('',#5766,10.);
#1439=VECTOR('',#5769,10.);
#1440=VECTOR('',#5770,10.);
#1441=VECTOR('',#5777,10.);
#1442=VECTOR('',#5780,10.);
#1443=VECTOR('',#5783,10.);
#1444=VECTOR('',#5784,10.);
#1445=VECTOR('',#5793,1.05);
#1446=VECTOR('',#5800,1.05);
#1447=VECTOR('',#5807,10.);
#1448=VECTOR('',#5808,10.);
#1449=VECTOR('',#5809,10.);
#1450=VECTOR('',#5814,10.);
#1451=VECTOR('',#5817,10.);
#1452=VECTOR('',#5822,10.);
#1453=VECTOR('',#5823,10.);
#1454=VECTOR('',#5824,10.);
#1455=VECTOR('',#5825,10.);
#1456=VECTOR('',#5828,10.);
#1457=VECTOR('',#5833,10.);
#1458=VECTOR('',#5834,10.);
#1459=VECTOR('',#5835,10.);
#1460=VECTOR('',#5838,10.);
#1461=VECTOR('',#5839,10.);
#1462=VECTOR('',#5844,10.);
#1463=VECTOR('',#5849,10.);
#1464=VECTOR('',#5852,10.);
#1465=VECTOR('',#5855,10.);
#1466=VECTOR('',#5856,10.);
#1467=VECTOR('',#5859,10.);
#1468=VECTOR('',#5862,10.);
#1469=VECTOR('',#5865,10.);
#1470=VECTOR('',#5872,10.);
#1471=VECTOR('',#5873,10.);
#1472=VECTOR('',#5876,10.);
#1473=VECTOR('',#5877,10.);
#1474=VECTOR('',#5878,10.);
#1475=VECTOR('',#5883,10.);
#1476=VECTOR('',#5884,10.);
#1477=VECTOR('',#5887,10.);
#1478=VECTOR('',#5888,10.);
#1479=VECTOR('',#5889,10.);
#1480=VECTOR('',#5894,10.);
#1481=VECTOR('',#5895,10.);
#1482=VECTOR('',#5900,10.);
#1483=VECTOR('',#5901,10.);
#1484=VECTOR('',#5904,10.);
#1485=VECTOR('',#5905,10.);
#1486=VECTOR('',#5908,10.);
#1487=VECTOR('',#5909,10.);
#1488=VECTOR('',#5910,10.);
#1489=VECTOR('',#5913,10.);
#1490=VECTOR('',#5914,10.);
#1491=VECTOR('',#5917,10.);
#1492=VECTOR('',#5920,10.);
#1493=VECTOR('',#5921,10.);
#1494=VECTOR('',#5926,10.);
#1495=VECTOR('',#5929,10.);
#1496=VECTOR('',#5932,10.);
#1497=VECTOR('',#5933,10.);
#1498=VECTOR('',#5934,10.);
#1499=VECTOR('',#5937,10.);
#1500=VECTOR('',#5942,10.);
#1501=VECTOR('',#5945,10.);
#1502=VECTOR('',#5958,10.);
#1503=VECTOR('',#5961,10.);
#1504=VECTOR('',#5964,10.);
#1505=VECTOR('',#5967,10.);
#1506=VECTOR('',#5968,10.);
#1507=VECTOR('',#5983,10.);
#1508=VECTOR('',#5986,10.);
#1509=VECTOR('',#5995,10.);
#1510=VECTOR('',#6002,10.);
#1511=VECTOR('',#6007,10.);
#1512=VECTOR('',#6020,10.);
#1513=VECTOR('',#6023,10.);
#1514=VECTOR('',#6026,10.);
#1515=VECTOR('',#6029,10.);
#1516=VECTOR('',#6030,10.);
#1517=VECTOR('',#6033,10.);
#1518=VECTOR('',#6046,10.);
#1519=VECTOR('',#6049,10.);
#1520=VECTOR('',#6052,10.);
#1521=VECTOR('',#6055,10.);
#1522=VECTOR('',#6056,10.);
#1523=VECTOR('',#6059,10.);
#1524=VECTOR('',#6072,10.);
#1525=VECTOR('',#6075,10.);
#1526=VECTOR('',#6078,10.);
#1527=VECTOR('',#6081,10.);
#1528=VECTOR('',#6082,10.);
#1529=VECTOR('',#6087,10.);
#1530=VECTOR('',#6090,10.);
#1531=VECTOR('',#6097,10.);
#1532=VECTOR('',#6100,10.);
#1533=VECTOR('',#6109,10.);
#1534=VECTOR('',#6114,10.);
#1535=VECTOR('',#6119,10.);
#1536=VECTOR('',#6158,10.);
#1537=VECTOR('',#6161,10.);
#1538=VECTOR('',#6170,10.);
#1539=VECTOR('',#6173,10.);
#1540=VECTOR('',#6174,10.);
#1541=VECTOR('',#6175,10.);
#1542=VECTOR('',#6178,10.);
#1543=VECTOR('',#6179,10.);
#1544=VECTOR('',#6180,10.);
#1545=VECTOR('',#6183,10.);
#1546=VECTOR('',#6186,10.);
#1547=VECTOR('',#6187,10.);
#1548=VECTOR('',#6188,10.);
#1549=VECTOR('',#6189,10.);
#1550=VECTOR('',#6190,10.);
#1551=VECTOR('',#6191,10.);
#1552=VECTOR('',#6198,10.);
#1553=VECTOR('',#6203,10.);
#1554=VECTOR('',#6208,10.);
#1555=VECTOR('',#6211,2.25);
#1556=VECTOR('',#6218,10.);
#1557=VECTOR('',#6221,10.);
#1558=VECTOR('',#6230,10.);
#1559=VECTOR('',#6231,10.);
#1560=VECTOR('',#6234,1.);
#1561=VECTOR('',#6235,1.);
#1562=VECTOR('',#6236,10.);
#1563=VECTOR('',#6237,1.);
#1564=VECTOR('',#6238,10.);
#1565=VECTOR('',#6239,10.);
#1566=VECTOR('',#6240,10.);
#1567=VECTOR('',#6241,10.);
#1568=VECTOR('',#6242,1.);
#1569=VECTOR('',#6243,1.);
#1570=VECTOR('',#6244,10.);
#1571=VECTOR('',#6251,10.);
#1572=VECTOR('',#6254,10.);
#1573=VECTOR('',#6255,10.);
#1574=VECTOR('',#6262,2.25);
#1575=VECTOR('',#6269,10.);
#1576=VECTOR('',#6272,10.);
#1577=VECTOR('',#6277,10.);
#1578=VECTOR('',#6280,10.);
#1579=VECTOR('',#6283,10.);
#1580=VECTOR('',#6284,10.);
#1581=VECTOR('',#6287,10.);
#1582=VECTOR('',#6288,10.);
#1583=VECTOR('',#6289,10.);
#1584=VECTOR('',#6290,10.);
#1585=VECTOR('',#6291,10.);
#1586=VECTOR('',#6292,10.);
#1587=VECTOR('',#6297,10.);
#1588=VECTOR('',#6298,10.);
#1589=VECTOR('',#6299,10.);
#1590=VECTOR('',#6300,10.);
#1591=VECTOR('',#6305,10.);
#1592=VECTOR('',#6308,10.);
#1593=VECTOR('',#6309,1.);
#1594=VECTOR('',#6310,10.);
#1595=VECTOR('',#6311,1.);
#1596=VECTOR('',#6314,10.);
#1597=VECTOR('',#6315,10.);
#1598=VECTOR('',#6318,10.);
#1599=VECTOR('',#6319,10.);
#1600=VECTOR('',#6320,10.);
#1601=VECTOR('',#6323,10.);
#1602=VECTOR('',#6328,10.);
#1603=VECTOR('',#6329,10.);
#1604=VECTOR('',#6332,1.05);
#1605=VECTOR('',#6341,1.05);
#1606=VECTOR('',#6348,10.);
#1607=VECTOR('',#6349,10.);
#1608=VECTOR('',#6350,10.);
#1609=VECTOR('',#6351,1.);
#1610=VECTOR('',#6354,10.);
#1611=VECTOR('',#6355,10.);
#1612=VECTOR('',#6356,10.);
#1613=VECTOR('',#6359,2.25);
#1614=VECTOR('',#6364,1.65);
#1615=VECTOR('',#6367,10.);
#1616=VECTOR('',#6368,10.);
#1617=VECTOR('',#6371,10.);
#1618=VECTOR('',#6372,1.);
#1619=VECTOR('',#6375,10.);
#1620=VECTOR('',#6378,10.);
#1621=VECTOR('',#6381,1.05);
#1622=VECTOR('',#6386,1.05);
#1623=VECTOR('',#6391,10.);
#1624=VECTOR('',#6398,2.25);
#1625=VECTOR('',#6403,1.65);
#1626=VECTOR('',#6406,1.65);
#1627=VECTOR('',#6409,1.);
#1628=VECTOR('',#6412,1.65);
#1629=VECTOR('',#6417,1.);
#1630=VECTOR('',#6420,10.);
#1631=VECTOR('',#6435,8.);
#1632=VECTOR('',#6444,7.625);
#1633=VECTOR('',#6447,6.875);
#1634=VECTOR('',#6454,6.571);
#1635=VECTOR('',#6463,4.35);
#1636=VECTOR('',#6502,1.50000002235174);
#1637=VECTOR('',#6505,1.5);
#1638=VECTOR('',#6508,1.5);
#1639=VECTOR('',#6511,1.5);
#1640=VECTOR('',#6514,1.5);
#1641=VECTOR('',#6521,5.);
#1642=VECTOR('',#6528,4.);
#1643=VECTOR('',#6531,6.);
#1644=VECTOR('',#6534,2.075);
#1645=VECTOR('',#6537,9.6);
#1646=VECTOR('',#6544,1.1);
#1647=VECTOR('',#6551,1.1);
#1648=VECTOR('',#6556,10.);
#1649=VECTOR('',#6557,10.);
#1650=VECTOR('',#6558,10.);
#1651=VECTOR('',#6559,10.);
#1652=VECTOR('',#6562,10.);
#1653=VECTOR('',#6563,10.);
#1654=VECTOR('',#6564,10.);
#1655=VECTOR('',#6567,10.);
#1656=VECTOR('',#6568,10.);
#1657=VECTOR('',#6569,10.);
#1658=VECTOR('',#6572,10.);
#1659=VECTOR('',#6573,10.);
#1660=CIRCLE('',#4695,1.);
#1661=CIRCLE('',#4696,1.00000000000001);
#1662=CIRCLE('',#4697,0.999999999999979);
#1663=CIRCLE('',#4698,1.);
#1664=CIRCLE('',#4699,2.);
#1665=CIRCLE('',#4701,1.00000000000001);
#1666=CIRCLE('',#4702,1.00000000000001);
#1667=CIRCLE('',#4703,2.);
#1668=CIRCLE('',#4704,1.);
#1669=CIRCLE('',#4706,1.00000000000001);
#1670=CIRCLE('',#4707,1.00000000000001);
#1671=CIRCLE('',#4708,2.);
#1672=CIRCLE('',#4709,1.);
#1673=CIRCLE('',#4711,1.00000000000001);
#1674=CIRCLE('',#4712,0.999999999999979);
#1675=CIRCLE('',#4713,1.);
#1676=CIRCLE('',#4714,2.);
#1677=CIRCLE('',#4716,1.);
#1678=CIRCLE('',#4720,2.);
#1679=CIRCLE('',#4721,2.);
#1680=CIRCLE('',#4724,2.);
#1681=CIRCLE('',#4725,2.);
#1682=CIRCLE('',#4730,2.);
#1683=CIRCLE('',#4732,1.);
#1684=CIRCLE('',#4733,0.999999999999996);
#1685=CIRCLE('',#4735,0.999999999999996);
#1686=CIRCLE('',#4740,1.00000000000001);
#1687=CIRCLE('',#4741,1.);
#1688=CIRCLE('',#4742,1.00000000000001);
#1689=CIRCLE('',#4745,1.);
#1690=CIRCLE('',#4749,1.);
#1691=CIRCLE('',#4750,1.00000000000001);
#1692=CIRCLE('',#4751,1.00000000000001);
#1693=CIRCLE('',#4753,1.);
#1694=CIRCLE('',#4755,1.00000000000001);
#1695=CIRCLE('',#4756,1.);
#1696=CIRCLE('',#4757,1.);
#1697=CIRCLE('',#4763,1.00000000000001);
#1698=CIRCLE('',#4764,1.00000000000009);
#1699=CIRCLE('',#4765,1.);
#1700=CIRCLE('',#4767,0.999999999999996);
#1701=CIRCLE('',#4769,1.00000000000001);
#1702=CIRCLE('',#4770,1.);
#1703=CIRCLE('',#4775,1.);
#1704=CIRCLE('',#4776,1.);
#1705=CIRCLE('',#4777,1.2);
#1706=CIRCLE('',#4778,1.2);
#1707=CIRCLE('',#4779,1.2);
#1708=CIRCLE('',#4780,1.2);
#1709=CIRCLE('',#4785,1.2);
#1710=CIRCLE('',#4786,1.2);
#1711=CIRCLE('',#4787,1.2);
#1712=CIRCLE('',#4789,1.2);
#1713=CIRCLE('',#4790,1.2);
#1714=CIRCLE('',#4791,1.);
#1715=CIRCLE('',#4792,1.);
#1716=CIRCLE('',#4794,1.2);
#1717=CIRCLE('',#4796,4.375);
#1718=CIRCLE('',#4797,1.2);
#1719=CIRCLE('',#4798,1.2);
#1720=CIRCLE('',#4799,1.2);
#1721=CIRCLE('',#4800,1.2);
#1722=CIRCLE('',#4801,1.2);
#1723=CIRCLE('',#4802,1.2);
#1724=CIRCLE('',#4803,1.2);
#1725=CIRCLE('',#4804,1.2);
#1726=CIRCLE('',#4807,1.05);
#1727=CIRCLE('',#4808,1.05);
#1728=CIRCLE('',#4810,1.05);
#1729=CIRCLE('',#4811,1.05);
#1730=CIRCLE('',#4813,1.05);
#1731=CIRCLE('',#4814,1.05);
#1732=CIRCLE('',#4817,1.05);
#1733=CIRCLE('',#4818,1.05);
#1734=CIRCLE('',#4821,1.1);
#1735=CIRCLE('',#4825,1.1);
#1736=CIRCLE('',#4829,3.);
#1737=CIRCLE('',#4830,3.);
#1738=CIRCLE('',#4838,1.);
#1739=CIRCLE('',#4841,1.);
#1740=CIRCLE('',#4844,1.);
#1741=CIRCLE('',#4846,1.);
#1742=CIRCLE('',#4852,1.2);
#1743=CIRCLE('',#4856,1.2);
#1744=CIRCLE('',#4857,0.199999999999958);
#1745=CIRCLE('',#4859,0.200000000000032);
#1746=CIRCLE('',#4860,1.);
#1747=CIRCLE('',#4861,0.199999999999958);
#1748=CIRCLE('',#4867,0.199999999999958);
#1749=CIRCLE('',#4869,1.2);
#1750=CIRCLE('',#4873,0.200000000000045);
#1751=CIRCLE('',#4878,0.200000000000045);
#1752=CIRCLE('',#4880,0.200000000000045);
#1753=CIRCLE('',#4881,1.);
#1754=CIRCLE('',#4882,0.199999999999918);
#1755=CIRCLE('',#4883,1.2);
#1756=CIRCLE('',#4885,1.2);
#1757=CIRCLE('',#4898,1.05);
#1758=CIRCLE('',#4901,1.05);
#1759=CIRCLE('',#4905,1.);
#1760=CIRCLE('',#4906,1.);
#1761=CIRCLE('',#4907,1.);
#1762=CIRCLE('',#4911,1.);
#1763=CIRCLE('',#4914,4.375);
#1764=CIRCLE('',#4915,1.);
#1765=CIRCLE('',#4917,1.);
#1766=CIRCLE('',#4924,1.);
#1767=CIRCLE('',#4927,1.);
#1768=CIRCLE('',#4930,1.);
#1769=CIRCLE('',#4932,1.);
#1770=CIRCLE('',#4943,1.2);
#1771=CIRCLE('',#4946,0.200000000000045);
#1772=CIRCLE('',#4949,1.);
#1773=CIRCLE('',#4950,0.200000000000032);
#1774=CIRCLE('',#4953,1.);
#1775=CIRCLE('',#4956,0.200000000000019);
#1776=CIRCLE('',#4959,1.);
#1777=CIRCLE('',#4960,0.200000000000032);
#1778=CIRCLE('',#4964,1.);
#1779=CIRCLE('',#4965,0.200000000000045);
#1780=CIRCLE('',#4972,0.20000000000001);
#1781=CIRCLE('',#4975,1.);
#1782=CIRCLE('',#4976,0.199999999999997);
#1783=CIRCLE('',#4979,1.);
#1784=CIRCLE('',#4982,0.200000000000012);
#1785=CIRCLE('',#4985,0.200000000000032);
#1786=CIRCLE('',#4986,1.);
#1787=CIRCLE('',#4989,1.);
#1788=CIRCLE('',#4992,0.199999999999992);
#1789=CIRCLE('',#4995,0.199999999999918);
#1790=CIRCLE('',#4996,1.);
#1791=CIRCLE('',#4999,1.);
#1792=CIRCLE('',#5019,4.375);
#1793=CIRCLE('',#5020,5.87499999999999);
#1794=CIRCLE('',#5022,6.4279349528997);
#1795=CIRCLE('',#5025,4.375);
#1796=CIRCLE('',#5029,2.);
#1797=CIRCLE('',#5034,1.);
#1798=CIRCLE('',#5035,1.);
#1799=CIRCLE('',#5036,1.);
#1800=CIRCLE('',#5037,1.);
#1801=CIRCLE('',#5038,2.);
#1802=CIRCLE('',#5040,1.);
#1803=CIRCLE('',#5043,1.);
#1804=CIRCLE('',#5045,2.25);
#1805=CIRCLE('',#5046,2.25);
#1806=CIRCLE('',#5047,2.25);
#1807=CIRCLE('',#5048,2.25);
#1808=CIRCLE('',#5049,2.25);
#1809=CIRCLE('',#5050,2.25);
#1810=CIRCLE('',#5052,2.25);
#1811=CIRCLE('',#5054,1.);
#1812=CIRCLE('',#5055,1.);
#1813=CIRCLE('',#5056,1.);
#1814=CIRCLE('',#5057,2.);
#1815=CIRCLE('',#5058,1.);
#1816=CIRCLE('',#5061,1.05);
#1817=CIRCLE('',#5062,1.05);
#1818=CIRCLE('',#5066,2.25);
#1819=CIRCLE('',#5068,2.25);
#1820=CIRCLE('',#5070,8.1875);
#1821=CIRCLE('',#5071,8.1875);
#1822=CIRCLE('',#5073,5.6875);
#1823=CIRCLE('',#5074,5.6875);
#1824=CIRCLE('',#5077,1.05);
#1825=CIRCLE('',#5080,4.375);
#1826=CIRCLE('',#5086,4.375);
#1827=CIRCLE('',#5088,1.05);
#1828=CIRCLE('',#5089,1.05);
#1829=CIRCLE('',#5091,1.05);
#1830=CIRCLE('',#5092,1.05);
#1831=CIRCLE('',#5093,1.05);
#1832=CIRCLE('',#5097,2.25);
#1833=CIRCLE('',#5104,1.05);
#1834=CIRCLE('',#5106,1.05);
#1835=CIRCLE('',#5110,2.25);
#1836=CIRCLE('',#5111,2.25);
#1837=CIRCLE('',#5122,6.571);
#1838=CIRCLE('',#5123,4.35);
#1839=CIRCLE('',#5125,8.);
#1840=CIRCLE('',#5126,8.);
#1841=CIRCLE('',#5128,7.25);
#1842=CIRCLE('',#5129,7.25);
#1843=CIRCLE('',#5131,6.571);
#1844=CIRCLE('',#5132,6.571);
#1845=CIRCLE('',#5135,2.075);
#1846=CIRCLE('',#5137,4.35);
#1847=CIRCLE('',#5138,4.35);
#1848=CIRCLE('',#5140,9.6);
#1849=CIRCLE('',#5141,1.5);
#1850=CIRCLE('',#5142,1.5);
#1851=CIRCLE('',#5143,1.5);
#1852=CIRCLE('',#5144,4.);
#1853=CIRCLE('',#5145,1.5);
#1854=CIRCLE('',#5147,9.6);
#1855=CIRCLE('',#5148,1.50000002235174);
#1856=CIRCLE('',#5149,1.5);
#1857=CIRCLE('',#5150,1.5);
#1858=CIRCLE('',#5151,1.5);
#1859=CIRCLE('',#5152,1.5);
#1860=CIRCLE('',#5154,2.075);
#1861=CIRCLE('',#5155,1.50000002235174);
#1862=CIRCLE('',#5162,4.);
#1863=CIRCLE('',#5163,4.);
#1864=CIRCLE('',#5164,6.);
#1865=CIRCLE('',#5165,6.);
#1866=CIRCLE('',#5172,1.1);
#1867=CIRCLE('',#5175,1.1);
#1868=VERTEX_POINT('',#6589);
#1869=VERTEX_POINT('',#6590);
#1870=VERTEX_POINT('',#6592);
#1871=VERTEX_POINT('',#6594);
#1872=VERTEX_POINT('',#6606);
#1873=VERTEX_POINT('',#6607);
#1874=VERTEX_POINT('',#6612);
#1875=VERTEX_POINT('',#6613);
#1876=VERTEX_POINT('',#6632);
#1877=VERTEX_POINT('',#6634);
#1878=VERTEX_POINT('',#6637);
#1879=VERTEX_POINT('',#6639);
#1880=VERTEX_POINT('',#6668);
#1881=VERTEX_POINT('',#6669);
#1882=VERTEX_POINT('',#6674);
#1883=VERTEX_POINT('',#6675);
#1884=VERTEX_POINT('',#6688);
#1885=VERTEX_POINT('',#6689);
#1886=VERTEX_POINT('',#6694);
#1887=VERTEX_POINT('',#6695);
#1888=VERTEX_POINT('',#6714);
#1889=VERTEX_POINT('',#6716);
#1890=VERTEX_POINT('',#6719);
#1891=VERTEX_POINT('',#6721);
#1892=VERTEX_POINT('',#6750);
#1893=VERTEX_POINT('',#6751);
#1894=VERTEX_POINT('',#6756);
#1895=VERTEX_POINT('',#6757);
#1896=VERTEX_POINT('',#6762);
#1897=VERTEX_POINT('',#6764);
#1898=VERTEX_POINT('',#6766);
#1899=VERTEX_POINT('',#6770);
#1900=VERTEX_POINT('',#6772);
#1901=VERTEX_POINT('',#6774);
#1902=VERTEX_POINT('',#6778);
#1903=VERTEX_POINT('',#6780);
#1904=VERTEX_POINT('',#6784);
#1905=VERTEX_POINT('',#6786);
#1906=VERTEX_POINT('',#6788);
#1907=VERTEX_POINT('',#6790);
#1908=VERTEX_POINT('',#6792);
#1909=VERTEX_POINT('',#6796);
#1910=VERTEX_POINT('',#6798);
#1911=VERTEX_POINT('',#6802);
#1912=VERTEX_POINT('',#6804);
#1913=VERTEX_POINT('',#6806);
#1914=VERTEX_POINT('',#6810);
#1915=VERTEX_POINT('',#6812);
#1916=VERTEX_POINT('',#6816);
#1917=VERTEX_POINT('',#6820);
#1918=VERTEX_POINT('',#6824);
#1919=VERTEX_POINT('',#6826);
#1920=VERTEX_POINT('',#6828);
#1921=VERTEX_POINT('',#6830);
#1922=VERTEX_POINT('',#6840);
#1923=VERTEX_POINT('',#6850);
#1924=VERTEX_POINT('',#6851);
#1925=VERTEX_POINT('',#6853);
#1926=VERTEX_POINT('',#6855);
#1927=VERTEX_POINT('',#6859);
#1928=VERTEX_POINT('',#6861);
#1929=VERTEX_POINT('',#6865);
#1930=VERTEX_POINT('',#6867);
#1931=VERTEX_POINT('',#6871);
#1932=VERTEX_POINT('',#6875);
#1933=VERTEX_POINT('',#6876);
#1934=VERTEX_POINT('',#6881);
#1935=VERTEX_POINT('',#6885);
#1936=VERTEX_POINT('',#6897);
#1937=VERTEX_POINT('',#6901);
#1938=VERTEX_POINT('',#6903);
#1939=VERTEX_POINT('',#6907);
#1940=VERTEX_POINT('',#6909);
#1941=VERTEX_POINT('',#6924);
#1942=VERTEX_POINT('',#6926);
#1943=VERTEX_POINT('',#6940);
#1944=VERTEX_POINT('',#6947);
#1945=VERTEX_POINT('',#6948);
#1946=VERTEX_POINT('',#6956);
#1947=VERTEX_POINT('',#6959);
#1948=VERTEX_POINT('',#6984);
#1949=VERTEX_POINT('',#6986);
#1950=VERTEX_POINT('',#6988);
#1951=VERTEX_POINT('',#6990);
#1952=VERTEX_POINT('',#6992);
#1953=VERTEX_POINT('',#6994);
#1954=VERTEX_POINT('',#7000);
#1955=VERTEX_POINT('',#7002);
#1956=VERTEX_POINT('',#7004);
#1957=VERTEX_POINT('',#7006);
#1958=VERTEX_POINT('',#7009);
#1959=VERTEX_POINT('',#7011);
#1960=VERTEX_POINT('',#7013);
#1961=VERTEX_POINT('',#7015);
#1962=VERTEX_POINT('',#7018);
#1963=VERTEX_POINT('',#7020);
#1964=VERTEX_POINT('',#7022);
#1965=VERTEX_POINT('',#7026);
#1966=VERTEX_POINT('',#7028);
#1967=VERTEX_POINT('',#7030);
#1968=VERTEX_POINT('',#7032);
#1969=VERTEX_POINT('',#7034);
#1970=VERTEX_POINT('',#7036);
#1971=VERTEX_POINT('',#7038);
#1972=VERTEX_POINT('',#7040);
#1973=VERTEX_POINT('',#7042);
#1974=VERTEX_POINT('',#7044);
#1975=VERTEX_POINT('',#7050);
#1976=VERTEX_POINT('',#7052);
#1977=VERTEX_POINT('',#7054);
#1978=VERTEX_POINT('',#7056);
#1979=VERTEX_POINT('',#7060);
#1980=VERTEX_POINT('',#7062);
#1981=VERTEX_POINT('',#7064);
#1982=VERTEX_POINT('',#7066);
#1983=VERTEX_POINT('',#7070);
#1984=VERTEX_POINT('',#7072);
#1985=VERTEX_POINT('',#7075);
#1986=VERTEX_POINT('',#7077);
#1987=VERTEX_POINT('',#7079);
#1988=VERTEX_POINT('',#7081);
#1989=VERTEX_POINT('',#7084);
#1990=VERTEX_POINT('',#7086);
#1991=VERTEX_POINT('',#7088);
#1992=VERTEX_POINT('',#7092);
#1993=VERTEX_POINT('',#7094);
#1994=VERTEX_POINT('',#7098);
#1995=VERTEX_POINT('',#7100);
#1996=VERTEX_POINT('',#7102);
#1997=VERTEX_POINT('',#7104);
#1998=VERTEX_POINT('',#7106);
#1999=VERTEX_POINT('',#7109);
#2000=VERTEX_POINT('',#7111);
#2001=VERTEX_POINT('',#7113);
#2002=VERTEX_POINT('',#7116);
#2003=VERTEX_POINT('',#7118);
#2004=VERTEX_POINT('',#7120);
#2005=VERTEX_POINT('',#7123);
#2006=VERTEX_POINT('',#7125);
#2007=VERTEX_POINT('',#7127);
#2008=VERTEX_POINT('',#7130);
#2009=VERTEX_POINT('',#7132);
#2010=VERTEX_POINT('',#7134);
#2011=VERTEX_POINT('',#7138);
#2012=VERTEX_POINT('',#7142);
#2013=VERTEX_POINT('',#7145);
#2014=VERTEX_POINT('',#7148);
#2015=VERTEX_POINT('',#7150);
#2016=VERTEX_POINT('',#7152);
#2017=VERTEX_POINT('',#7154);
#2018=VERTEX_POINT('',#7156);
#2019=VERTEX_POINT('',#7158);
#2020=VERTEX_POINT('',#7162);
#2021=VERTEX_POINT('',#7164);
#2022=VERTEX_POINT('',#7168);
#2023=VERTEX_POINT('',#7170);
#2024=VERTEX_POINT('',#7172);
#2025=VERTEX_POINT('',#7174);
#2026=VERTEX_POINT('',#7176);
#2027=VERTEX_POINT('',#7178);
#2028=VERTEX_POINT('',#7181);
#2029=VERTEX_POINT('',#7184);
#2030=VERTEX_POINT('',#7187);
#2031=VERTEX_POINT('',#7189);
#2032=VERTEX_POINT('',#7192);
#2033=VERTEX_POINT('',#7194);
#2034=VERTEX_POINT('',#7198);
#2035=VERTEX_POINT('',#7202);
#2036=VERTEX_POINT('',#7204);
#2037=VERTEX_POINT('',#7208);
#2038=VERTEX_POINT('',#7212);
#2039=VERTEX_POINT('',#7213);
#2040=VERTEX_POINT('',#7217);
#2041=VERTEX_POINT('',#7221);
#2042=VERTEX_POINT('',#7222);
#2043=VERTEX_POINT('',#7226);
#2044=VERTEX_POINT('',#7230);
#2045=VERTEX_POINT('',#7232);
#2046=VERTEX_POINT('',#7236);
#2047=VERTEX_POINT('',#7238);
#2048=VERTEX_POINT('',#7242);
#2049=VERTEX_POINT('',#7249);
#2050=VERTEX_POINT('',#7255);
#2051=VERTEX_POINT('',#7257);
#2052=VERTEX_POINT('',#7263);
#2053=VERTEX_POINT('',#7264);
#2054=VERTEX_POINT('',#7269);
#2055=VERTEX_POINT('',#7273);
#2056=VERTEX_POINT('',#7285);
#2057=VERTEX_POINT('',#7287);
#2058=VERTEX_POINT('',#7289);
#2059=VERTEX_POINT('',#7301);
#2060=VERTEX_POINT('',#7306);
#2061=VERTEX_POINT('',#7320);
#2062=VERTEX_POINT('',#7322);
#2063=VERTEX_POINT('',#7327);
#2064=VERTEX_POINT('',#7329);
#2065=VERTEX_POINT('',#7336);
#2066=VERTEX_POINT('',#7337);
#2067=VERTEX_POINT('',#7339);
#2068=VERTEX_POINT('',#7341);
#2069=VERTEX_POINT('',#7354);
#2070=VERTEX_POINT('',#7359);
#2071=VERTEX_POINT('',#7361);
#2072=VERTEX_POINT('',#7363);
#2073=VERTEX_POINT('',#7377);
#2074=VERTEX_POINT('',#7379);
#2075=VERTEX_POINT('',#7381);
#2076=VERTEX_POINT('',#7391);
#2077=VERTEX_POINT('',#7396);
#2078=VERTEX_POINT('',#7403);
#2079=VERTEX_POINT('',#7407);
#2080=VERTEX_POINT('',#7426);
#2081=VERTEX_POINT('',#7431);
#2082=VERTEX_POINT('',#7436);
#2083=VERTEX_POINT('',#7438);
#2084=VERTEX_POINT('',#7442);
#2085=VERTEX_POINT('',#7444);
#2086=VERTEX_POINT('',#7446);
#2087=VERTEX_POINT('',#7448);
#2088=VERTEX_POINT('',#7452);
#2089=VERTEX_POINT('',#7455);
#2090=VERTEX_POINT('',#7461);
#2091=VERTEX_POINT('',#7462);
#2092=VERTEX_POINT('',#7464);
#2093=VERTEX_POINT('',#7466);
#2094=VERTEX_POINT('',#7474);
#2095=VERTEX_POINT('',#7478);
#2096=VERTEX_POINT('',#7480);
#2097=VERTEX_POINT('',#7484);
#2098=VERTEX_POINT('',#7495);
#2099=VERTEX_POINT('',#7496);
#2100=VERTEX_POINT('',#7498);
#2101=VERTEX_POINT('',#7502);
#2102=VERTEX_POINT('',#7504);
#2103=VERTEX_POINT('',#7508);
#2104=VERTEX_POINT('',#7509);
#2105=VERTEX_POINT('',#7511);
#2106=VERTEX_POINT('',#7515);
#2107=VERTEX_POINT('',#7517);
#2108=VERTEX_POINT('',#7521);
#2109=VERTEX_POINT('',#7522);
#2110=VERTEX_POINT('',#7524);
#2111=VERTEX_POINT('',#7528);
#2112=VERTEX_POINT('',#7529);
#2113=VERTEX_POINT('',#7531);
#2114=VERTEX_POINT('',#7542);
#2115=VERTEX_POINT('',#7556);
#2116=VERTEX_POINT('',#7557);
#2117=VERTEX_POINT('',#7562);
#2118=VERTEX_POINT('',#7568);
#2119=VERTEX_POINT('',#7569);
#2120=VERTEX_POINT('',#7574);
#2121=VERTEX_POINT('',#7580);
#2122=VERTEX_POINT('',#7582);
#2123=VERTEX_POINT('',#7586);
#2124=VERTEX_POINT('',#7593);
#2125=VERTEX_POINT('',#7613);
#2126=VERTEX_POINT('',#7624);
#2127=VERTEX_POINT('',#7625);
#2128=VERTEX_POINT('',#7630);
#2129=VERTEX_POINT('',#7636);
#2130=VERTEX_POINT('',#7638);
#2131=VERTEX_POINT('',#7642);
#2132=VERTEX_POINT('',#7646);
#2133=VERTEX_POINT('',#7647);
#2134=VERTEX_POINT('',#7652);
#2135=VERTEX_POINT('',#7658);
#2136=VERTEX_POINT('',#7660);
#2137=VERTEX_POINT('',#7664);
#2138=VERTEX_POINT('',#7668);
#2139=VERTEX_POINT('',#7669);
#2140=VERTEX_POINT('',#7674);
#2141=VERTEX_POINT('',#7680);
#2142=VERTEX_POINT('',#7682);
#2143=VERTEX_POINT('',#7686);
#2144=VERTEX_POINT('',#7729);
#2145=VERTEX_POINT('',#7730);
#2146=VERTEX_POINT('',#7732);
#2147=VERTEX_POINT('',#7734);
#2148=VERTEX_POINT('',#7746);
#2149=VERTEX_POINT('',#7747);
#2150=VERTEX_POINT('',#7752);
#2151=VERTEX_POINT('',#7753);
#2152=VERTEX_POINT('',#7760);
#2153=VERTEX_POINT('',#7767);
#2154=VERTEX_POINT('',#7769);
#2155=VERTEX_POINT('',#7772);
#2156=VERTEX_POINT('',#7774);
#2157=VERTEX_POINT('',#7781);
#2158=VERTEX_POINT('',#7790);
#2159=VERTEX_POINT('',#7792);
#2160=VERTEX_POINT('',#7796);
#2161=VERTEX_POINT('',#7798);
#2162=VERTEX_POINT('',#7800);
#2163=VERTEX_POINT('',#7802);
#2164=VERTEX_POINT('',#7804);
#2165=VERTEX_POINT('',#7806);
#2166=VERTEX_POINT('',#7808);
#2167=VERTEX_POINT('',#7813);
#2168=VERTEX_POINT('',#7815);
#2169=VERTEX_POINT('',#7817);
#2170=VERTEX_POINT('',#7819);
#2171=VERTEX_POINT('',#7821);
#2172=VERTEX_POINT('',#7823);
#2173=VERTEX_POINT('',#7825);
#2174=VERTEX_POINT('',#7829);
#2175=VERTEX_POINT('',#7833);
#2176=VERTEX_POINT('',#7834);
#2177=VERTEX_POINT('',#7836);
#2178=VERTEX_POINT('',#7838);
#2179=VERTEX_POINT('',#7850);
#2180=VERTEX_POINT('',#7851);
#2181=VERTEX_POINT('',#7856);
#2182=VERTEX_POINT('',#7880);
#2183=VERTEX_POINT('',#7882);
#2184=VERTEX_POINT('',#7884);
#2185=VERTEX_POINT('',#7886);
#2186=VERTEX_POINT('',#7888);
#2187=VERTEX_POINT('',#7890);
#2188=VERTEX_POINT('',#7892);
#2189=VERTEX_POINT('',#7894);
#2190=VERTEX_POINT('',#7896);
#2191=VERTEX_POINT('',#7900);
#2192=VERTEX_POINT('',#7902);
#2193=VERTEX_POINT('',#7907);
#2194=VERTEX_POINT('',#7919);
#2195=VERTEX_POINT('',#7934);
#2196=VERTEX_POINT('',#7938);
#2197=VERTEX_POINT('',#7939);
#2198=VERTEX_POINT('',#7941);
#2199=VERTEX_POINT('',#7943);
#2200=VERTEX_POINT('',#7947);
#2201=VERTEX_POINT('',#7948);
#2202=VERTEX_POINT('',#7950);
#2203=VERTEX_POINT('',#7952);
#2204=VERTEX_POINT('',#7959);
#2205=VERTEX_POINT('',#7962);
#2206=VERTEX_POINT('',#7964);
#2207=VERTEX_POINT('',#7966);
#2208=VERTEX_POINT('',#7969);
#2209=VERTEX_POINT('',#7972);
#2210=VERTEX_POINT('',#7974);
#2211=VERTEX_POINT('',#7976);
#2212=VERTEX_POINT('',#7980);
#2213=VERTEX_POINT('',#7984);
#2214=VERTEX_POINT('',#7985);
#2215=VERTEX_POINT('',#7987);
#2216=VERTEX_POINT('',#7989);
#2217=VERTEX_POINT('',#7996);
#2218=VERTEX_POINT('',#7998);
#2219=VERTEX_POINT('',#8004);
#2220=VERTEX_POINT('',#8006);
#2221=VERTEX_POINT('',#8010);
#2222=VERTEX_POINT('',#8012);
#2223=VERTEX_POINT('',#8016);
#2224=VERTEX_POINT('',#8018);
#2225=VERTEX_POINT('',#8020);
#2226=VERTEX_POINT('',#8024);
#2227=VERTEX_POINT('',#8027);
#2228=VERTEX_POINT('',#8031);
#2229=VERTEX_POINT('',#8033);
#2230=VERTEX_POINT('',#8037);
#2231=VERTEX_POINT('',#8043);
#2232=VERTEX_POINT('',#8047);
#2233=VERTEX_POINT('',#8055);
#2234=VERTEX_POINT('',#8059);
#2235=VERTEX_POINT('',#8067);
#2236=VERTEX_POINT('',#8086);
#2237=VERTEX_POINT('',#8088);
#2238=VERTEX_POINT('',#8091);
#2239=VERTEX_POINT('',#8093);
#2240=VERTEX_POINT('',#8097);
#2241=VERTEX_POINT('',#8098);
#2242=VERTEX_POINT('',#8103);
#2243=VERTEX_POINT('',#8105);
#2244=VERTEX_POINT('',#8111);
#2245=VERTEX_POINT('',#8114);
#2246=VERTEX_POINT('',#8115);
#2247=VERTEX_POINT('',#8120);
#2248=VERTEX_POINT('',#8122);
#2249=VERTEX_POINT('',#8124);
#2250=VERTEX_POINT('',#8126);
#2251=VERTEX_POINT('',#8128);
#2252=VERTEX_POINT('',#8130);
#2253=VERTEX_POINT('',#8133);
#2254=VERTEX_POINT('',#8135);
#2255=VERTEX_POINT('',#8137);
#2256=VERTEX_POINT('',#8139);
#2257=VERTEX_POINT('',#8141);
#2258=VERTEX_POINT('',#8143);
#2259=VERTEX_POINT('',#8146);
#2260=VERTEX_POINT('',#8148);
#2261=VERTEX_POINT('',#8161);
#2262=VERTEX_POINT('',#8162);
#2263=VERTEX_POINT('',#8165);
#2264=VERTEX_POINT('',#8167);
#2265=VERTEX_POINT('',#8180);
#2266=VERTEX_POINT('',#8182);
#2267=VERTEX_POINT('',#8186);
#2268=VERTEX_POINT('',#8188);
#2269=VERTEX_POINT('',#8192);
#2270=VERTEX_POINT('',#8193);
#2271=VERTEX_POINT('',#8195);
#2272=VERTEX_POINT('',#8197);
#2273=VERTEX_POINT('',#8201);
#2274=VERTEX_POINT('',#8203);
#2275=VERTEX_POINT('',#8207);
#2276=VERTEX_POINT('',#8209);
#2277=EDGE_CURVE('',#1868,#1869,#1660,.T.);
#2278=EDGE_CURVE('',#1869,#1870,#842,.T.);
#2279=EDGE_CURVE('',#1870,#1871,#1661,.T.);
#2280=EDGE_CURVE('',#1871,#1868,#843,.T.);
#2281=EDGE_CURVE('',#1872,#1873,#1662,.T.);
#2282=EDGE_CURVE('',#1873,#1871,#1663,.T.);
#2283=EDGE_CURVE('',#1870,#1872,#1664,.T.);
#2284=EDGE_CURVE('',#1874,#1875,#250,.T.);
#2285=EDGE_CURVE('',#1875,#1876,#844,.T.);
#2286=EDGE_CURVE('',#1876,#1877,#1665,.T.);
#2287=EDGE_CURVE('',#1877,#1873,#845,.T.);
#2288=EDGE_CURVE('',#1872,#1878,#846,.T.);
#2289=EDGE_CURVE('',#1878,#1879,#251,.T.);
#2290=EDGE_CURVE('',#1879,#1874,#847,.T.);
#2291=EDGE_CURVE('',#1880,#1881,#1666,.T.);
#2292=EDGE_CURVE('',#1881,#1877,#1667,.T.);
#2293=EDGE_CURVE('',#1876,#1880,#1668,.T.);
#2294=EDGE_CURVE('',#1882,#1883,#1669,.T.);
#2295=EDGE_CURVE('',#1883,#1881,#848,.T.);
#2296=EDGE_CURVE('',#1880,#1882,#849,.T.);
#2297=EDGE_CURVE('',#1884,#1885,#1670,.T.);
#2298=EDGE_CURVE('',#1885,#1883,#1671,.T.);
#2299=EDGE_CURVE('',#1882,#1884,#1672,.T.);
#2300=EDGE_CURVE('',#1886,#1887,#252,.T.);
#2301=EDGE_CURVE('',#1887,#1888,#850,.T.);
#2302=EDGE_CURVE('',#1888,#1889,#1673,.T.);
#2303=EDGE_CURVE('',#1889,#1885,#851,.T.);
#2304=EDGE_CURVE('',#1884,#1890,#852,.T.);
#2305=EDGE_CURVE('',#1890,#1891,#253,.T.);
#2306=EDGE_CURVE('',#1891,#1886,#853,.T.);
#2307=EDGE_CURVE('',#1892,#1893,#1674,.T.);
#2308=EDGE_CURVE('',#1893,#1889,#1675,.T.);
#2309=EDGE_CURVE('',#1888,#1892,#1676,.T.);
#2310=EDGE_CURVE('',#1894,#1895,#1677,.T.);
#2311=EDGE_CURVE('',#1895,#1893,#854,.T.);
#2312=EDGE_CURVE('',#1892,#1894,#855,.T.);
#2313=EDGE_CURVE('',#1896,#1868,#856,.T.);
#2314=EDGE_CURVE('',#1897,#1896,#857,.T.);
#2315=EDGE_CURVE('',#1897,#1898,#858,.T.);
#2316=EDGE_CURVE('',#1869,#1898,#859,.T.);
#2317=EDGE_CURVE('',#1899,#1877,#860,.T.);
#2318=EDGE_CURVE('',#1900,#1899,#861,.T.);
#2319=EDGE_CURVE('',#1901,#1900,#862,.T.);
#2320=EDGE_CURVE('',#1901,#1896,#863,.T.);
#2321=EDGE_CURVE('',#1881,#1902,#864,.T.);
#2322=EDGE_CURVE('',#1903,#1902,#1678,.T.);
#2323=EDGE_CURVE('',#1899,#1903,#1679,.T.);
#2324=EDGE_CURVE('',#1904,#1883,#865,.T.);
#2325=EDGE_CURVE('',#1905,#1904,#866,.T.);
#2326=EDGE_CURVE('',#1906,#1905,#867,.T.);
#2327=EDGE_CURVE('',#1907,#1906,#868,.T.);
#2328=EDGE_CURVE('',#1908,#1907,#869,.T.);
#2329=EDGE_CURVE('',#1902,#1908,#870,.T.);
#2330=EDGE_CURVE('',#1885,#1909,#871,.T.);
#2331=EDGE_CURVE('',#1910,#1909,#1680,.T.);
#2332=EDGE_CURVE('',#1904,#1910,#1681,.T.);
#2333=EDGE_CURVE('',#1895,#1911,#872,.T.);
#2334=EDGE_CURVE('',#1911,#1912,#873,.T.);
#2335=EDGE_CURVE('',#1913,#1912,#874,.T.);
#2336=EDGE_CURVE('',#1909,#1913,#875,.T.);
#2337=EDGE_CURVE('',#1914,#1894,#876,.T.);
#2338=EDGE_CURVE('',#1914,#1915,#877,.T.);
#2339=EDGE_CURVE('',#1911,#1915,#878,.T.);
#2340=EDGE_CURVE('',#1916,#1892,#879,.T.);
#2341=EDGE_CURVE('',#1916,#1914,#880,.T.);
#2342=EDGE_CURVE('',#1888,#1917,#881,.T.);
#2343=EDGE_CURVE('',#1917,#1916,#1682,.T.);
#2344=EDGE_CURVE('',#1918,#1901,#1683,.T.);
#2345=EDGE_CURVE('',#1900,#1919,#1684,.T.);
#2346=EDGE_CURVE('',#1919,#1920,#882,.T.);
#2347=EDGE_CURVE('',#1920,#1921,#254,.T.);
#2348=EDGE_CURVE('',#1921,#1918,#883,.T.);
#2349=EDGE_CURVE('',#1922,#1919,#255,.T.);
#2350=EDGE_CURVE('',#1899,#1922,#1685,.T.);
#2351=EDGE_CURVE('',#1923,#1924,#884,.T.);
#2352=EDGE_CURVE('',#1924,#1925,#96,.F.);
#2353=EDGE_CURVE('',#1925,#1926,#885,.T.);
#2354=EDGE_CURVE('',#1926,#1923,#97,.T.);
#2355=EDGE_CURVE('',#1908,#1927,#1686,.F.);
#2356=EDGE_CURVE('',#1928,#1908,#1687,.F.);
#2357=EDGE_CURVE('',#1927,#1928,#1688,.F.);
#2358=EDGE_CURVE('',#1929,#1928,#886,.T.);
#2359=EDGE_CURVE('',#1907,#1930,#98,.T.);
#2360=EDGE_CURVE('',#1930,#1929,#1689,.T.);
#2361=EDGE_CURVE('',#1906,#1931,#99,.T.);
#2362=EDGE_CURVE('',#1931,#1930,#887,.T.);
#2363=EDGE_CURVE('',#1932,#1933,#1690,.F.);
#2364=EDGE_CURVE('',#1905,#1932,#1691,.F.);
#2365=EDGE_CURVE('',#1933,#1905,#1692,.F.);
#2366=EDGE_CURVE('',#1932,#1934,#888,.T.);
#2367=EDGE_CURVE('',#1934,#1931,#1693,.T.);
#2368=EDGE_CURVE('',#1904,#1935,#1694,.T.);
#2369=EDGE_CURVE('',#1935,#1933,#889,.T.);
#2370=EDGE_CURVE('',#1910,#1936,#1695,.T.);
#2371=EDGE_CURVE('',#1936,#1935,#1696,.T.);
#2372=EDGE_CURVE('',#1937,#1932,#890,.T.);
#2373=EDGE_CURVE('',#1933,#1938,#891,.T.);
#2374=EDGE_CURVE('',#1938,#1937,#100,.T.);
#2375=EDGE_CURVE('',#1938,#1939,#892,.T.);
#2376=EDGE_CURVE('',#1939,#1940,#101,.F.);
#2377=EDGE_CURVE('',#1940,#1937,#893,.T.);
#2378=EDGE_CURVE('',#1926,#1927,#894,.T.);
#2379=EDGE_CURVE('',#1928,#1923,#895,.T.);
#2380=EDGE_CURVE('',#1941,#1903,#1697,.T.);
#2381=EDGE_CURVE('',#1902,#1942,#1698,.T.);
#2382=EDGE_CURVE('',#1942,#1941,#1699,.T.);
#2383=EDGE_CURVE('',#1927,#1942,#896,.T.);
#2384=EDGE_CURVE('',#1943,#1936,#256,.T.);
#2385=EDGE_CURVE('',#1909,#1943,#1700,.T.);
#2386=EDGE_CURVE('',#1944,#1945,#257,.T.);
#2387=EDGE_CURVE('',#1945,#1946,#897,.T.);
#2388=EDGE_CURVE('',#1946,#1913,#1701,.T.);
#2389=EDGE_CURVE('',#1912,#1947,#1702,.T.);
#2390=EDGE_CURVE('',#1947,#1944,#898,.T.);
#2391=EDGE_CURVE('',#1946,#1943,#258,.T.);
#2392=EDGE_CURVE('',#1941,#1922,#259,.T.);
#2393=EDGE_CURVE('',#1948,#1923,#899,.T.);
#2394=EDGE_CURVE('',#1949,#1948,#900,.T.);
#2395=EDGE_CURVE('',#1950,#1949,#901,.T.);
#2396=EDGE_CURVE('',#1951,#1950,#902,.T.);
#2397=EDGE_CURVE('',#1952,#1951,#903,.T.);
#2398=EDGE_CURVE('',#1952,#1953,#904,.T.);
#2399=EDGE_CURVE('',#1924,#1953,#905,.T.);
#2400=EDGE_CURVE('',#1948,#1929,#906,.T.);
#2401=EDGE_CURVE('',#1954,#1925,#907,.T.);
#2402=EDGE_CURVE('',#1955,#1954,#1703,.T.);
#2403=EDGE_CURVE('',#1955,#1956,#908,.T.);
#2404=EDGE_CURVE('',#1957,#1956,#1704,.T.);
#2405=EDGE_CURVE('',#1957,#1918,#909,.T.);
#2406=EDGE_CURVE('',#1921,#1958,#1705,.T.);
#2407=EDGE_CURVE('',#1958,#1959,#910,.T.);
#2408=EDGE_CURVE('',#1959,#1960,#911,.T.);
#2409=EDGE_CURVE('',#1961,#1960,#912,.T.);
#2410=EDGE_CURVE('',#1961,#1920,#1706,.T.);
#2411=EDGE_CURVE('',#1919,#1962,#1707,.T.);
#2412=EDGE_CURVE('',#1962,#1963,#913,.T.);
#2413=EDGE_CURVE('',#1963,#1964,#914,.T.);
#2414=EDGE_CURVE('',#1964,#1941,#1708,.T.);
#2415=EDGE_CURVE('',#1965,#1934,#915,.T.);
#2416=EDGE_CURVE('',#1966,#1965,#916,.T.);
#2417=EDGE_CURVE('',#1967,#1966,#917,.T.);
#2418=EDGE_CURVE('',#1967,#1968,#918,.T.);
#2419=EDGE_CURVE('',#1968,#1969,#919,.T.);
#2420=EDGE_CURVE('',#1969,#1970,#920,.T.);
#2421=EDGE_CURVE('',#1971,#1970,#921,.T.);
#2422=EDGE_CURVE('',#1971,#1972,#922,.T.);
#2423=EDGE_CURVE('',#1972,#1973,#923,.T.);
#2424=EDGE_CURVE('',#1973,#1974,#924,.T.);
#2425=EDGE_CURVE('',#1949,#1974,#925,.T.);
#2426=EDGE_CURVE('',#1965,#1937,#926,.T.);
#2427=EDGE_CURVE('',#1975,#1940,#927,.T.);
#2428=EDGE_CURVE('',#1975,#1976,#928,.T.);
#2429=EDGE_CURVE('',#1977,#1976,#929,.T.);
#2430=EDGE_CURVE('',#1978,#1977,#930,.T.);
#2431=EDGE_CURVE('',#1966,#1978,#931,.T.);
#2432=EDGE_CURVE('',#1979,#1946,#1709,.T.);
#2433=EDGE_CURVE('',#1980,#1979,#932,.T.);
#2434=EDGE_CURVE('',#1981,#1980,#1710,.T.);
#2435=EDGE_CURVE('',#1981,#1982,#933,.T.);
#2436=EDGE_CURVE('',#1936,#1982,#1711,.T.);
#2437=EDGE_CURVE('',#1939,#1983,#934,.T.);
#2438=EDGE_CURVE('',#1982,#1984,#935,.T.);
#2439=EDGE_CURVE('',#1984,#1979,#936,.T.);
#2440=EDGE_CURVE('',#1945,#1985,#1712,.T.);
#2441=EDGE_CURVE('',#1985,#1986,#937,.T.);
#2442=EDGE_CURVE('',#1986,#1987,#938,.T.);
#2443=EDGE_CURVE('',#1987,#1988,#939,.T.);
#2444=EDGE_CURVE('',#1988,#1944,#1713,.T.);
#2445=EDGE_CURVE('',#1947,#1989,#940,.T.);
#2446=EDGE_CURVE('',#1990,#1989,#1714,.T.);
#2447=EDGE_CURVE('',#1990,#1991,#941,.T.);
#2448=EDGE_CURVE('',#1983,#1991,#1715,.T.);
#2449=EDGE_CURVE('',#1992,#1988,#942,.T.);
#2450=EDGE_CURVE('',#1993,#1992,#1716,.T.);
#2451=EDGE_CURVE('',#1993,#1985,#943,.T.);
#2452=EDGE_CURVE('',#1994,#1872,#944,.T.);
#2453=EDGE_CURVE('',#1994,#1995,#945,.T.);
#2454=EDGE_CURVE('',#1995,#1996,#946,.T.);
#2455=EDGE_CURVE('',#1997,#1996,#1717,.T.);
#2456=EDGE_CURVE('',#1997,#1998,#947,.T.);
#2457=EDGE_CURVE('',#1998,#1917,#948,.T.);
#2458=EDGE_CURVE('',#1999,#1887,#1718,.T.);
#2459=EDGE_CURVE('',#2000,#1999,#949,.T.);
#2460=EDGE_CURVE('',#2001,#2000,#950,.T.);
#2461=EDGE_CURVE('',#1886,#2001,#1719,.T.);
#2462=EDGE_CURVE('',#2002,#1891,#1720,.T.);
#2463=EDGE_CURVE('',#2003,#2002,#951,.T.);
#2464=EDGE_CURVE('',#2004,#2003,#952,.T.);
#2465=EDGE_CURVE('',#1890,#2004,#1721,.T.);
#2466=EDGE_CURVE('',#2005,#1875,#1722,.T.);
#2467=EDGE_CURVE('',#2006,#2005,#953,.T.);
#2468=EDGE_CURVE('',#2007,#2006,#954,.T.);
#2469=EDGE_CURVE('',#1874,#2007,#1723,.T.);
#2470=EDGE_CURVE('',#2008,#1879,#1724,.T.);
#2471=EDGE_CURVE('',#2009,#2008,#955,.T.);
#2472=EDGE_CURVE('',#2010,#2009,#956,.T.);
#2473=EDGE_CURVE('',#1878,#2010,#1725,.T.);
#2474=EDGE_CURVE('',#1898,#2011,#957,.T.);
#2475=EDGE_CURVE('',#1870,#2011,#958,.T.);
#2476=EDGE_CURVE('',#2012,#1957,#959,.T.);
#2477=EDGE_CURVE('',#1952,#2012,#960,.T.);
#2478=EDGE_CURVE('',#1951,#2013,#961,.T.);
#2479=EDGE_CURVE('',#1973,#2013,#962,.T.);
#2480=EDGE_CURVE('',#1972,#2014,#963,.T.);
#2481=EDGE_CURVE('',#2014,#2015,#964,.T.);
#2482=EDGE_CURVE('',#2016,#2015,#965,.T.);
#2483=EDGE_CURVE('',#2016,#2017,#966,.T.);
#2484=EDGE_CURVE('',#2017,#2018,#967,.T.);
#2485=EDGE_CURVE('',#2019,#2018,#968,.T.);
#2486=EDGE_CURVE('',#1996,#2019,#969,.T.);
#2487=EDGE_CURVE('',#1995,#1897,#970,.T.);
#2488=EDGE_CURVE('',#2020,#2020,#1726,.T.);
#2489=EDGE_CURVE('',#2021,#2021,#1727,.T.);
#2490=EDGE_CURVE('',#1915,#1998,#971,.T.);
#2491=EDGE_CURVE('',#1997,#2022,#972,.T.);
#2492=EDGE_CURVE('',#2023,#2022,#973,.T.);
#2493=EDGE_CURVE('',#2023,#2024,#974,.T.);
#2494=EDGE_CURVE('',#2024,#2025,#975,.T.);
#2495=EDGE_CURVE('',#2025,#2026,#976,.T.);
#2496=EDGE_CURVE('',#2026,#2027,#977,.T.);
#2497=EDGE_CURVE('',#2027,#1969,#978,.T.);
#2498=EDGE_CURVE('',#2028,#1968,#979,.T.);
#2499=EDGE_CURVE('',#2028,#1977,#980,.T.);
#2500=EDGE_CURVE('',#2029,#1976,#981,.T.);
#2501=EDGE_CURVE('',#1989,#2029,#982,.T.);
#2502=EDGE_CURVE('',#2030,#2030,#1728,.T.);
#2503=EDGE_CURVE('',#2031,#2031,#1729,.T.);
#2504=EDGE_CURVE('',#2021,#2032,#983,.T.);
#2505=EDGE_CURVE('',#2032,#2033,#1730,.T.);
#2506=EDGE_CURVE('',#2033,#2032,#1731,.T.);
#2507=EDGE_CURVE('',#2034,#2033,#984,.T.);
#2508=EDGE_CURVE('',#2034,#2033,#985,.T.);
#2509=EDGE_CURVE('',#2031,#2035,#986,.T.);
#2510=EDGE_CURVE('',#2035,#2036,#1732,.T.);
#2511=EDGE_CURVE('',#2036,#2035,#1733,.T.);
#2512=EDGE_CURVE('',#2037,#2036,#987,.T.);
#2513=EDGE_CURVE('',#2037,#2036,#988,.T.);
#2514=EDGE_CURVE('',#2038,#2039,#989,.T.);
#2515=EDGE_CURVE('',#2039,#2039,#1734,.T.);
#2516=EDGE_CURVE('',#2040,#2040,#102,.T.);
#2517=EDGE_CURVE('',#2040,#2039,#990,.T.);
#2518=EDGE_CURVE('',#2041,#2042,#991,.T.);
#2519=EDGE_CURVE('',#2042,#2042,#1735,.T.);
#2520=EDGE_CURVE('',#2043,#2043,#103,.T.);
#2521=EDGE_CURVE('',#2043,#2042,#992,.T.);
#2522=EDGE_CURVE('',#1970,#2044,#1736,.F.);
#2523=EDGE_CURVE('',#2044,#2045,#993,.T.);
#2524=EDGE_CURVE('',#2045,#1971,#1737,.F.);
#2525=EDGE_CURVE('',#2046,#2044,#994,.T.);
#2526=EDGE_CURVE('',#2047,#2046,#995,.T.);
#2527=EDGE_CURVE('',#2047,#2045,#996,.T.);
#2528=EDGE_CURVE('',#2048,#1967,#997,.T.);
#2529=EDGE_CURVE('',#2028,#2048,#998,.T.);
#2530=EDGE_CURVE('',#1978,#2048,#999,.T.);
#2531=EDGE_CURVE('',#2049,#2013,#1000,.T.);
#2532=EDGE_CURVE('',#1974,#2049,#1001,.T.);
#2533=EDGE_CURVE('',#2049,#1950,#1002,.T.);
#2534=EDGE_CURVE('',#1954,#2050,#1003,.T.);
#2535=EDGE_CURVE('',#2050,#2051,#1738,.T.);
#2536=EDGE_CURVE('',#2051,#1955,#1004,.T.);
#2537=EDGE_CURVE('',#1953,#2050,#1005,.T.);
#2538=EDGE_CURVE('',#2052,#2053,#1739,.T.);
#2539=EDGE_CURVE('',#2053,#1983,#1006,.T.);
#2540=EDGE_CURVE('',#1991,#2052,#1007,.T.);
#2541=EDGE_CURVE('',#2054,#1990,#1008,.T.);
#2542=EDGE_CURVE('',#2052,#2054,#1009,.T.);
#2543=EDGE_CURVE('',#2055,#2012,#1740,.T.);
#2544=EDGE_CURVE('',#1956,#2055,#1010,.T.);
#2545=EDGE_CURVE('',#2029,#2054,#1741,.T.);
#2546=EDGE_CURVE('',#2055,#2051,#1011,.T.);
#2547=EDGE_CURVE('',#2053,#1975,#1012,.T.);
#2548=EDGE_CURVE('',#1993,#2056,#1742,.T.);
#2549=EDGE_CURVE('',#2056,#2057,#1013,.T.);
#2550=EDGE_CURVE('',#2057,#2058,#1014,.T.);
#2551=EDGE_CURVE('',#2058,#1993,#260,.T.);
#2552=EDGE_CURVE('',#1986,#2057,#1015,.T.);
#2553=EDGE_CURVE('',#2059,#1993,#1016,.T.);
#2554=EDGE_CURVE('',#2059,#2057,#1017,.T.);
#2555=EDGE_CURVE('',#1993,#2056,#1743,.T.);
#2556=EDGE_CURVE('',#2056,#2060,#1744,.T.);
#2557=EDGE_CURVE('',#2060,#1993,#261,.T.);
#2558=EDGE_CURVE('',#2058,#1993,#262,.T.);
#2559=EDGE_CURVE('',#2061,#1992,#1745,.T.);
#2560=EDGE_CURVE('',#2061,#2062,#1746,.T.);
#2561=EDGE_CURVE('',#2062,#2058,#1747,.T.);
#2562=EDGE_CURVE('',#2056,#2057,#1018,.T.);
#2563=EDGE_CURVE('',#2063,#2057,#104,.T.);
#2564=EDGE_CURVE('',#2064,#2063,#105,.T.);
#2565=EDGE_CURVE('',#2064,#2060,#106,.T.);
#2566=EDGE_CURVE('',#2057,#2058,#1019,.T.);
#2567=EDGE_CURVE('',#2058,#2056,#1748,.T.);
#2568=EDGE_CURVE('',#2065,#2066,#1020,.T.);
#2569=EDGE_CURVE('',#2066,#2067,#1749,.T.);
#2570=EDGE_CURVE('',#2067,#2068,#263,.T.);
#2571=EDGE_CURVE('',#2068,#2065,#1021,.T.);
#2572=EDGE_CURVE('',#2065,#1960,#1022,.T.);
#2573=EDGE_CURVE('',#1961,#2067,#1023,.T.);
#2574=EDGE_CURVE('',#2065,#2069,#1024,.T.);
#2575=EDGE_CURVE('',#2067,#2069,#1025,.T.);
#2576=EDGE_CURVE('',#2065,#2066,#1026,.T.);
#2577=EDGE_CURVE('',#2066,#2070,#1750,.T.);
#2578=EDGE_CURVE('',#2071,#2070,#107,.T.);
#2579=EDGE_CURVE('',#2071,#2072,#108,.T.);
#2580=EDGE_CURVE('',#2065,#2072,#109,.T.);
#2581=EDGE_CURVE('',#2068,#2065,#1027,.T.);
#2582=EDGE_CURVE('',#2068,#2066,#1751,.T.);
#2583=EDGE_CURVE('',#2067,#2068,#264,.T.);
#2584=EDGE_CURVE('',#2073,#2068,#1752,.T.);
#2585=EDGE_CURVE('',#2073,#2074,#1753,.T.);
#2586=EDGE_CURVE('',#2074,#2075,#1754,.T.);
#2587=EDGE_CURVE('',#2075,#2067,#1755,.T.);
#2588=EDGE_CURVE('',#2066,#2067,#1756,.T.);
#2589=EDGE_CURVE('',#2070,#2067,#265,.T.);
#2590=EDGE_CURVE('',#2062,#2076,#1028,.T.);
#2591=EDGE_CURVE('',#2076,#2037,#110,.T.);
#2592=EDGE_CURVE('',#2037,#2057,#1029,.T.);
#2593=EDGE_CURVE('',#2077,#2063,#1030,.T.);
#2594=EDGE_CURVE('',#2064,#2077,#1031,.T.);
#2595=EDGE_CURVE('',#2077,#2059,#111,.T.);
#2596=EDGE_CURVE('',#2065,#2034,#1032,.T.);
#2597=EDGE_CURVE('',#2034,#2078,#112,.T.);
#2598=EDGE_CURVE('',#2078,#2073,#1033,.T.);
#2599=EDGE_CURVE('',#2079,#2071,#1034,.T.);
#2600=EDGE_CURVE('',#2072,#2079,#1035,.T.);
#2601=EDGE_CURVE('',#2069,#2079,#113,.T.);
#2602=EDGE_CURVE('',#2020,#2080,#1036,.T.);
#2603=EDGE_CURVE('',#2080,#2080,#1757,.T.);
#2604=EDGE_CURVE('',#2030,#2081,#1037,.T.);
#2605=EDGE_CURVE('',#2081,#2081,#1758,.T.);
#2606=EDGE_CURVE('',#2027,#2082,#1038,.T.);
#2607=EDGE_CURVE('',#2082,#2083,#1039,.T.);
#2608=EDGE_CURVE('',#2083,#2046,#1040,.T.);
#2609=EDGE_CURVE('',#2083,#2084,#1759,.T.);
#2610=EDGE_CURVE('',#2085,#2084,#1041,.T.);
#2611=EDGE_CURVE('',#2086,#2085,#1760,.T.);
#2612=EDGE_CURVE('',#2086,#2087,#1042,.T.);
#2613=EDGE_CURVE('',#2087,#2083,#1761,.T.);
#2614=EDGE_CURVE('',#2088,#2082,#1043,.T.);
#2615=EDGE_CURVE('',#2082,#2087,#1044,.T.);
#2616=EDGE_CURVE('',#2089,#2086,#1045,.T.);
#2617=EDGE_CURVE('',#2089,#2088,#1046,.T.);
#2618=EDGE_CURVE('',#2084,#2088,#1047,.T.);
#2619=EDGE_CURVE('',#2090,#2091,#1762,.T.);
#2620=EDGE_CURVE('',#2092,#2090,#1048,.T.);
#2621=EDGE_CURVE('',#2093,#2092,#1049,.T.);
#2622=EDGE_CURVE('',#2093,#2091,#1050,.T.);
#2623=EDGE_CURVE('',#2091,#2047,#1051,.T.);
#2624=EDGE_CURVE('',#2014,#2093,#1052,.T.);
#2625=EDGE_CURVE('',#2015,#2026,#1763,.T.);
#2626=EDGE_CURVE('',#2094,#2093,#1053,.T.);
#2627=EDGE_CURVE('',#2091,#2094,#1764,.T.);
#2628=EDGE_CURVE('',#2095,#2094,#1054,.T.);
#2629=EDGE_CURVE('',#2096,#2095,#1765,.T.);
#2630=EDGE_CURVE('',#2096,#2090,#1055,.T.);
#2631=EDGE_CURVE('',#2097,#2092,#1056,.T.);
#2632=EDGE_CURVE('',#2095,#2097,#1057,.T.);
#2633=EDGE_CURVE('',#2033,#1959,#1058,.T.);
#2634=EDGE_CURVE('',#2085,#2089,#1059,.T.);
#2635=EDGE_CURVE('',#2097,#2096,#1060,.T.);
#2636=EDGE_CURVE('',#2098,#2099,#1766,.T.);
#2637=EDGE_CURVE('',#2100,#2098,#1061,.T.);
#2638=EDGE_CURVE('',#2099,#2100,#1062,.T.);
#2639=EDGE_CURVE('',#2101,#2098,#1063,.T.);
#2640=EDGE_CURVE('',#2102,#2101,#1064,.T.);
#2641=EDGE_CURVE('',#2102,#2100,#1065,.T.);
#2642=EDGE_CURVE('',#2103,#2104,#1767,.T.);
#2643=EDGE_CURVE('',#2105,#2103,#1066,.T.);
#2644=EDGE_CURVE('',#2104,#2105,#1067,.T.);
#2645=EDGE_CURVE('',#2106,#2103,#1068,.T.);
#2646=EDGE_CURVE('',#2107,#2106,#1069,.T.);
#2647=EDGE_CURVE('',#2107,#2105,#1070,.T.);
#2648=EDGE_CURVE('',#2108,#2109,#1768,.T.);
#2649=EDGE_CURVE('',#2110,#2108,#1071,.T.);
#2650=EDGE_CURVE('',#2109,#2110,#1072,.T.);
#2651=EDGE_CURVE('',#2111,#2112,#1769,.T.);
#2652=EDGE_CURVE('',#2113,#2111,#1073,.T.);
#2653=EDGE_CURVE('',#2112,#2113,#1074,.T.);
#2654=EDGE_CURVE('',#2111,#2073,#1075,.T.);
#2655=EDGE_CURVE('',#2078,#2113,#1076,.T.);
#2656=EDGE_CURVE('',#2108,#2061,#1077,.T.);
#2657=EDGE_CURVE('',#2076,#2061,#1078,.T.);
#2658=EDGE_CURVE('',#2076,#2110,#1079,.T.);
#2659=EDGE_CURVE('',#2114,#1981,#1080,.T.);
#2660=EDGE_CURVE('',#2114,#1984,#1081,.T.);
#2661=EDGE_CURVE('',#1980,#2114,#1082,.T.);
#2662=EDGE_CURVE('',#2034,#2075,#1083,.T.);
#2663=EDGE_CURVE('',#2075,#1958,#1084,.T.);
#2664=EDGE_CURVE('',#2036,#1987,#1085,.T.);
#2665=EDGE_CURVE('',#1992,#2037,#1086,.T.);
#2666=EDGE_CURVE('',#2115,#2116,#1087,.T.);
#2667=EDGE_CURVE('',#2115,#1963,#1088,.T.);
#2668=EDGE_CURVE('',#2116,#1962,#1089,.T.);
#2669=EDGE_CURVE('',#2117,#1964,#1090,.T.);
#2670=EDGE_CURVE('',#2116,#2117,#1770,.T.);
#2671=EDGE_CURVE('',#2117,#2115,#1091,.T.);
#2672=EDGE_CURVE('',#2118,#2119,#1092,.T.);
#2673=EDGE_CURVE('',#2119,#2007,#1771,.T.);
#2674=EDGE_CURVE('',#2118,#2006,#114,.T.);
#2675=EDGE_CURVE('',#2119,#2120,#1772,.T.);
#2676=EDGE_CURVE('',#2120,#2005,#1773,.T.);
#2677=EDGE_CURVE('',#2120,#2118,#1093,.T.);
#2678=EDGE_CURVE('',#2121,#2119,#1094,.T.);
#2679=EDGE_CURVE('',#2121,#2122,#1774,.T.);
#2680=EDGE_CURVE('',#2122,#2120,#1095,.T.);
#2681=EDGE_CURVE('',#2118,#2123,#1096,.T.);
#2682=EDGE_CURVE('',#2123,#2121,#1097,.T.);
#2683=EDGE_CURVE('',#2101,#2010,#1775,.T.);
#2684=EDGE_CURVE('',#2102,#2009,#115,.T.);
#2685=EDGE_CURVE('',#2101,#2124,#1776,.T.);
#2686=EDGE_CURVE('',#2124,#2008,#1777,.T.);
#2687=EDGE_CURVE('',#2124,#2102,#1098,.T.);
#2688=EDGE_CURVE('',#2124,#2099,#1099,.T.);
#2689=EDGE_CURVE('',#2001,#2106,#266,.T.);
#2690=EDGE_CURVE('',#2106,#2125,#1778,.T.);
#2691=EDGE_CURVE('',#2125,#1999,#1779,.T.);
#2692=EDGE_CURVE('',#2125,#2107,#1100,.T.);
#2693=EDGE_CURVE('',#2107,#2000,#116,.T.);
#2694=EDGE_CURVE('',#2125,#2104,#1101,.T.);
#2695=EDGE_CURVE('',#2126,#2127,#1102,.T.);
#2696=EDGE_CURVE('',#2127,#2004,#1780,.T.);
#2697=EDGE_CURVE('',#2126,#2003,#117,.T.);
#2698=EDGE_CURVE('',#2127,#2128,#1781,.T.);
#2699=EDGE_CURVE('',#2128,#2002,#1782,.T.);
#2700=EDGE_CURVE('',#2128,#2126,#1103,.T.);
#2701=EDGE_CURVE('',#2129,#2127,#1104,.T.);
#2702=EDGE_CURVE('',#2129,#2130,#1783,.T.);
#2703=EDGE_CURVE('',#2130,#2128,#1105,.T.);
#2704=EDGE_CURVE('',#2126,#2131,#1106,.T.);
#2705=EDGE_CURVE('',#2131,#2129,#1107,.T.);
#2706=EDGE_CURVE('',#2132,#2133,#1108,.T.);
#2707=EDGE_CURVE('',#2133,#1980,#1784,.T.);
#2708=EDGE_CURVE('',#2132,#2114,#118,.T.);
#2709=EDGE_CURVE('',#2134,#1981,#1785,.T.);
#2710=EDGE_CURVE('',#2133,#2134,#1786,.T.);
#2711=EDGE_CURVE('',#2134,#2132,#1109,.T.);
#2712=EDGE_CURVE('',#2135,#2133,#1110,.T.);
#2713=EDGE_CURVE('',#2135,#2136,#1787,.T.);
#2714=EDGE_CURVE('',#2136,#2134,#1111,.T.);
#2715=EDGE_CURVE('',#2132,#2137,#1112,.T.);
#2716=EDGE_CURVE('',#2137,#2135,#1113,.T.);
#2717=EDGE_CURVE('',#2138,#2139,#1114,.T.);
#2718=EDGE_CURVE('',#2139,#2117,#1788,.T.);
#2719=EDGE_CURVE('',#2138,#2115,#119,.T.);
#2720=EDGE_CURVE('',#2140,#2116,#1789,.T.);
#2721=EDGE_CURVE('',#2139,#2140,#1790,.T.);
#2722=EDGE_CURVE('',#2140,#2138,#1115,.T.);
#2723=EDGE_CURVE('',#2141,#2139,#1116,.T.);
#2724=EDGE_CURVE('',#2141,#2142,#1791,.T.);
#2725=EDGE_CURVE('',#2142,#2140,#1117,.T.);
#2726=EDGE_CURVE('',#2138,#2143,#1118,.T.);
#2727=EDGE_CURVE('',#2143,#2141,#1119,.T.);
#2728=EDGE_CURVE('',#2074,#2078,#1120,.T.);
#2729=EDGE_CURVE('',#2112,#2074,#1121,.T.);
#2730=EDGE_CURVE('',#2109,#2062,#1122,.T.);
#2731=EDGE_CURVE('',#2136,#2137,#1123,.T.);
#2732=EDGE_CURVE('',#2142,#2143,#1124,.T.);
#2733=EDGE_CURVE('',#2130,#2131,#1125,.T.);
#2734=EDGE_CURVE('',#2122,#2123,#1126,.T.);
#2735=EDGE_CURVE('',#2022,#2019,#1792,.T.);
#2736=EDGE_CURVE('',#2018,#2023,#1793,.T.);
#2737=EDGE_CURVE('',#2024,#2017,#1794,.F.);
#2738=EDGE_CURVE('',#2025,#2016,#1795,.T.);
#2739=EDGE_CURVE('',#2011,#1994,#1796,.T.);
#2740=EDGE_CURVE('',#2144,#2145,#1797,.T.);
#2741=EDGE_CURVE('',#2145,#2146,#1127,.T.);
#2742=EDGE_CURVE('',#2146,#2147,#1798,.T.);
#2743=EDGE_CURVE('',#2147,#2144,#1128,.T.);
#2744=EDGE_CURVE('',#2148,#2149,#1799,.T.);
#2745=EDGE_CURVE('',#2149,#2147,#1800,.T.);
#2746=EDGE_CURVE('',#2146,#2148,#1801,.T.);
#2747=EDGE_CURVE('',#2150,#2151,#267,.T.);
#2748=EDGE_CURVE('',#2151,#2152,#268,.T.);
#2749=EDGE_CURVE('',#2152,#2153,#1129,.T.);
#2750=EDGE_CURVE('',#2153,#2154,#1802,.T.);
#2751=EDGE_CURVE('',#2154,#2149,#1130,.T.);
#2752=EDGE_CURVE('',#2148,#2155,#1131,.T.);
#2753=EDGE_CURVE('',#2155,#2156,#269,.T.);
#2754=EDGE_CURVE('',#2156,#2157,#270,.T.);
#2755=EDGE_CURVE('',#2157,#2150,#1132,.T.);
#2756=EDGE_CURVE('',#2158,#2144,#1133,.T.);
#2757=EDGE_CURVE('',#2159,#2154,#1134,.T.);
#2758=EDGE_CURVE('',#2158,#2159,#1135,.T.);
#2759=EDGE_CURVE('',#2153,#2160,#1136,.T.);
#2760=EDGE_CURVE('',#2161,#2160,#1803,.T.);
#2761=EDGE_CURVE('',#2161,#2162,#1137,.T.);
#2762=EDGE_CURVE('',#2162,#2163,#1138,.T.);
#2763=EDGE_CURVE('',#2163,#2164,#1139,.T.);
#2764=EDGE_CURVE('',#2164,#2165,#1140,.T.);
#2765=EDGE_CURVE('',#2165,#2166,#1141,.T.);
#2766=EDGE_CURVE('',#2166,#2159,#1142,.T.);
#2767=EDGE_CURVE('',#2152,#2150,#1804,.T.);
#2768=EDGE_CURVE('',#2157,#2167,#1805,.T.);
#2769=EDGE_CURVE('',#2168,#2167,#1143,.T.);
#2770=EDGE_CURVE('',#2168,#2169,#1806,.T.);
#2771=EDGE_CURVE('',#2169,#2170,#1807,.T.);
#2772=EDGE_CURVE('',#2171,#2170,#1144,.T.);
#2773=EDGE_CURVE('',#2171,#2172,#1808,.T.);
#2774=EDGE_CURVE('',#2172,#2173,#1809,.T.);
#2775=EDGE_CURVE('',#2160,#2173,#1145,.T.);
#2776=EDGE_CURVE('',#2151,#2174,#1146,.T.);
#2777=EDGE_CURVE('',#2174,#2174,#1810,.T.);
#2778=EDGE_CURVE('',#2175,#2176,#1811,.T.);
#2779=EDGE_CURVE('',#2176,#2177,#1147,.T.);
#2780=EDGE_CURVE('',#2177,#2178,#1812,.T.);
#2781=EDGE_CURVE('',#2178,#2175,#1148,.T.);
#2782=EDGE_CURVE('',#2179,#2180,#1813,.T.);
#2783=EDGE_CURVE('',#2180,#2178,#1814,.T.);
#2784=EDGE_CURVE('',#2177,#2179,#1815,.T.);
#2785=EDGE_CURVE('',#2170,#2181,#271,.T.);
#2786=EDGE_CURVE('',#2181,#2180,#1149,.T.);
#2787=EDGE_CURVE('',#2179,#2161,#1150,.T.);
#2788=EDGE_CURVE('',#2173,#2171,#272,.T.);
#2789=EDGE_CURVE('',#2158,#2182,#1151,.T.);
#2790=EDGE_CURVE('',#2183,#2182,#1152,.T.);
#2791=EDGE_CURVE('',#2183,#2184,#1153,.T.);
#2792=EDGE_CURVE('',#2184,#2185,#1154,.T.);
#2793=EDGE_CURVE('',#2186,#2185,#1155,.T.);
#2794=EDGE_CURVE('',#2187,#2186,#1156,.T.);
#2795=EDGE_CURVE('',#2187,#2188,#1157,.T.);
#2796=EDGE_CURVE('',#2189,#2188,#1158,.T.);
#2797=EDGE_CURVE('',#2189,#2190,#1159,.T.);
#2798=EDGE_CURVE('',#2190,#2176,#1160,.T.);
#2799=EDGE_CURVE('',#2145,#2175,#1161,.T.);
#2800=EDGE_CURVE('',#2191,#2191,#1816,.T.);
#2801=EDGE_CURVE('',#2192,#2192,#1817,.T.);
#2802=EDGE_CURVE('',#2146,#2178,#1162,.T.);
#2803=EDGE_CURVE('',#2180,#2193,#1163,.T.);
#2804=EDGE_CURVE('',#2193,#2168,#273,.T.);
#2805=EDGE_CURVE('',#2167,#2194,#274,.T.);
#2806=EDGE_CURVE('',#2194,#2148,#1164,.T.);
#2807=EDGE_CURVE('',#2181,#2193,#1818,.T.);
#2808=EDGE_CURVE('',#2169,#2195,#1165,.T.);
#2809=EDGE_CURVE('',#2195,#2195,#1819,.T.);
#2810=EDGE_CURVE('',#2196,#2197,#1820,.T.);
#2811=EDGE_CURVE('',#2198,#2196,#1166,.T.);
#2812=EDGE_CURVE('',#2198,#2199,#1821,.T.);
#2813=EDGE_CURVE('',#2197,#2199,#1167,.T.);
#2814=EDGE_CURVE('',#2200,#2201,#1822,.T.);
#2815=EDGE_CURVE('',#2202,#2200,#1168,.T.);
#2816=EDGE_CURVE('',#2202,#2203,#1823,.T.);
#2817=EDGE_CURVE('',#2201,#2203,#1169,.T.);
#2818=EDGE_CURVE('',#2199,#2202,#1170,.T.);
#2819=EDGE_CURVE('',#2203,#2198,#1171,.T.);
#2820=EDGE_CURVE('',#2204,#2196,#1172,.T.);
#2821=EDGE_CURVE('',#2204,#2182,#1173,.T.);
#2822=EDGE_CURVE('',#2166,#2205,#1174,.T.);
#2823=EDGE_CURVE('',#2205,#2206,#1175,.T.);
#2824=EDGE_CURVE('',#2206,#2207,#1176,.T.);
#2825=EDGE_CURVE('',#2201,#2207,#1177,.T.);
#2826=EDGE_CURVE('',#2208,#2208,#1824,.T.);
#2827=EDGE_CURVE('',#2197,#2209,#1178,.T.);
#2828=EDGE_CURVE('',#2209,#2210,#1179,.T.);
#2829=EDGE_CURVE('',#2211,#2210,#1180,.T.);
#2830=EDGE_CURVE('',#2211,#2204,#1181,.T.);
#2831=EDGE_CURVE('',#2207,#2212,#1825,.T.);
#2832=EDGE_CURVE('',#2212,#2200,#1182,.T.);
#2833=EDGE_CURVE('',#2213,#2214,#1183,.T.);
#2834=EDGE_CURVE('',#2214,#2215,#1184,.T.);
#2835=EDGE_CURVE('',#2215,#2216,#1185,.T.);
#2836=EDGE_CURVE('',#2213,#2216,#1186,.T.);
#2837=EDGE_CURVE('',#2214,#2185,#1187,.T.);
#2838=EDGE_CURVE('',#2184,#2215,#1188,.T.);
#2839=EDGE_CURVE('',#2217,#2164,#1189,.T.);
#2840=EDGE_CURVE('',#2218,#2217,#1190,.T.);
#2841=EDGE_CURVE('',#2165,#2218,#1191,.T.);
#2842=EDGE_CURVE('',#2205,#2218,#1192,.T.);
#2843=EDGE_CURVE('',#2206,#2219,#1826,.T.);
#2844=EDGE_CURVE('',#2220,#2217,#1193,.T.);
#2845=EDGE_CURVE('',#2219,#2220,#1194,.T.);
#2846=EDGE_CURVE('',#2208,#2221,#1195,.T.);
#2847=EDGE_CURVE('',#2221,#2222,#1827,.T.);
#2848=EDGE_CURVE('',#2222,#2221,#1828,.T.);
#2849=EDGE_CURVE('',#2223,#2223,#1829,.T.);
#2850=EDGE_CURVE('',#2223,#2224,#1196,.T.);
#2851=EDGE_CURVE('',#2224,#2225,#1830,.T.);
#2852=EDGE_CURVE('',#2225,#2224,#1831,.T.);
#2853=EDGE_CURVE('',#2226,#2188,#1197,.T.);
#2854=EDGE_CURVE('',#2216,#2187,#1198,.T.);
#2855=EDGE_CURVE('',#2183,#2227,#1199,.T.);
#2856=EDGE_CURVE('',#2226,#2227,#1200,.T.);
#2857=EDGE_CURVE('',#2228,#2211,#1201,.T.);
#2858=EDGE_CURVE('',#2229,#2228,#1202,.T.);
#2859=EDGE_CURVE('',#2227,#2229,#1203,.T.);
#2860=EDGE_CURVE('',#2172,#2230,#1204,.T.);
#2861=EDGE_CURVE('',#2230,#2230,#1832,.T.);
#2862=EDGE_CURVE('',#2230,#2225,#1205,.T.);
#2863=EDGE_CURVE('',#2231,#2226,#1206,.T.);
#2864=EDGE_CURVE('',#2229,#2231,#1207,.T.);
#2865=EDGE_CURVE('',#2232,#2231,#1208,.T.);
#2866=EDGE_CURVE('',#2228,#2232,#1209,.T.);
#2867=EDGE_CURVE('',#2210,#2232,#1210,.T.);
#2868=EDGE_CURVE('',#2189,#2209,#1211,.T.);
#2869=EDGE_CURVE('',#2191,#2233,#1212,.T.);
#2870=EDGE_CURVE('',#2233,#2233,#1833,.T.);
#2871=EDGE_CURVE('',#2192,#2234,#1213,.T.);
#2872=EDGE_CURVE('',#2234,#2234,#1834,.T.);
#2873=EDGE_CURVE('',#2186,#2213,#1214,.T.);
#2874=EDGE_CURVE('',#2194,#2155,#1835,.T.);
#2875=EDGE_CURVE('',#2156,#2235,#1215,.T.);
#2876=EDGE_CURVE('',#2235,#2235,#1836,.T.);
#2877=EDGE_CURVE('',#2235,#2234,#1216,.T.);
#2878=EDGE_CURVE('',#2195,#2233,#1217,.T.);
#2879=EDGE_CURVE('',#2219,#2212,#1218,.T.);
#2880=EDGE_CURVE('',#2174,#2222,#1219,.T.);
#2881=EDGE_CURVE('',#2162,#2190,#1220,.T.);
#2882=EDGE_CURVE('',#2220,#2163,#1221,.T.);
#2883=EDGE_CURVE('',#2236,#2236,#1837,.T.);
#2884=EDGE_CURVE('',#2237,#2237,#1838,.T.);
#2885=EDGE_CURVE('',#2238,#2238,#1839,.T.);
#2886=EDGE_CURVE('',#2238,#2239,#1222,.T.);
#2887=EDGE_CURVE('',#2239,#2239,#1840,.T.);
#2888=EDGE_CURVE('',#2240,#2241,#1841,.T.);
#2889=EDGE_CURVE('',#2241,#2240,#1842,.T.);
#2890=EDGE_CURVE('',#2241,#2239,#1223,.T.);
#2891=EDGE_CURVE('',#2240,#2242,#1224,.T.);
#2892=EDGE_CURVE('',#2242,#2243,#1843,.T.);
#2893=EDGE_CURVE('',#2243,#2242,#1844,.T.);
#2894=EDGE_CURVE('',#2236,#2243,#1225,.T.);
#2895=EDGE_CURVE('',#2244,#2244,#1845,.T.);
#2896=EDGE_CURVE('',#2245,#2246,#1846,.T.);
#2897=EDGE_CURVE('',#2245,#2237,#1226,.T.);
#2898=EDGE_CURVE('',#2246,#2245,#1847,.T.);
#2899=EDGE_CURVE('',#2247,#2247,#1848,.T.);
#2900=EDGE_CURVE('',#2248,#2248,#1849,.T.);
#2901=EDGE_CURVE('',#2249,#2249,#1850,.T.);
#2902=EDGE_CURVE('',#2250,#2250,#1851,.T.);
#2903=EDGE_CURVE('',#2251,#2251,#1852,.T.);
#2904=EDGE_CURVE('',#2252,#2252,#1853,.T.);
#2905=EDGE_CURVE('',#2253,#2253,#1854,.T.);
#2906=EDGE_CURVE('',#2254,#2254,#1855,.T.);
#2907=EDGE_CURVE('',#2255,#2255,#1856,.T.);
#2908=EDGE_CURVE('',#2256,#2256,#1857,.T.);
#2909=EDGE_CURVE('',#2257,#2257,#1858,.T.);
#2910=EDGE_CURVE('',#2258,#2258,#1859,.T.);
#2911=EDGE_CURVE('',#2259,#2259,#1860,.T.);
#2912=EDGE_CURVE('',#2260,#2260,#1861,.T.);
#2913=EDGE_CURVE('',#2254,#2260,#1227,.T.);
#2914=EDGE_CURVE('',#2255,#2249,#1228,.T.);
#2915=EDGE_CURVE('',#2256,#2248,#1229,.T.);
#2916=EDGE_CURVE('',#2257,#2252,#1230,.T.);
#2917=EDGE_CURVE('',#2258,#2250,#1231,.T.);
#2918=EDGE_CURVE('',#2261,#2262,#1862,.T.);
#2919=EDGE_CURVE('',#2262,#2261,#1863,.T.);
#2920=EDGE_CURVE('',#2261,#2263,#1232,.T.);
#2921=EDGE_CURVE('',#2264,#2263,#1864,.T.);
#2922=EDGE_CURVE('',#2263,#2264,#1865,.T.);
#2923=EDGE_CURVE('',#2262,#2251,#1233,.T.);
#2924=EDGE_CURVE('',#2246,#2264,#1234,.T.);
#2925=EDGE_CURVE('',#2244,#2259,#1235,.T.);
#2926=EDGE_CURVE('',#2247,#2253,#1236,.T.);
#2927=EDGE_CURVE('',#2265,#2265,#1866,.T.);
#2928=EDGE_CURVE('',#2265,#2266,#1237,.T.);
#2929=EDGE_CURVE('',#2266,#2266,#120,.T.);
#2930=EDGE_CURVE('',#2267,#2267,#1867,.T.);
#2931=EDGE_CURVE('',#2267,#2268,#1238,.T.);
#2932=EDGE_CURVE('',#2268,#2268,#121,.T.);
#2933=EDGE_CURVE('',#2269,#2270,#1239,.T.);
#2934=EDGE_CURVE('',#2270,#2271,#1240,.T.);
#2935=EDGE_CURVE('',#2272,#2271,#1241,.T.);
#2936=EDGE_CURVE('',#2269,#2272,#1242,.T.);
#2937=EDGE_CURVE('',#2273,#2269,#1243,.T.);
#2938=EDGE_CURVE('',#2274,#2272,#1244,.T.);
#2939=EDGE_CURVE('',#2273,#2274,#1245,.T.);
#2940=EDGE_CURVE('',#2275,#2273,#1246,.T.);
#2941=EDGE_CURVE('',#2276,#2274,#1247,.F.);
#2942=EDGE_CURVE('',#2275,#2276,#1248,.F.);
#2943=EDGE_CURVE('',#2275,#2270,#1249,.T.);
#2944=EDGE_CURVE('',#2271,#2276,#1250,.T.);
#2945=ORIENTED_EDGE('',*,*,#2277,.T.);
#2946=ORIENTED_EDGE('',*,*,#2278,.T.);
#2947=ORIENTED_EDGE('',*,*,#2279,.T.);
#2948=ORIENTED_EDGE('',*,*,#2280,.T.);
#2949=ORIENTED_EDGE('',*,*,#2281,.T.);
#2950=ORIENTED_EDGE('',*,*,#2282,.T.);
#2951=ORIENTED_EDGE('',*,*,#2279,.F.);
#2952=ORIENTED_EDGE('',*,*,#2283,.T.);
#2953=ORIENTED_EDGE('',*,*,#2284,.T.);
#2954=ORIENTED_EDGE('',*,*,#2285,.T.);
#2955=ORIENTED_EDGE('',*,*,#2286,.T.);
#2956=ORIENTED_EDGE('',*,*,#2287,.T.);
#2957=ORIENTED_EDGE('',*,*,#2281,.F.);
#2958=ORIENTED_EDGE('',*,*,#2288,.T.);
#2959=ORIENTED_EDGE('',*,*,#2289,.T.);
#2960=ORIENTED_EDGE('',*,*,#2290,.T.);
#2961=ORIENTED_EDGE('',*,*,#2291,.T.);
#2962=ORIENTED_EDGE('',*,*,#2292,.T.);
#2963=ORIENTED_EDGE('',*,*,#2286,.F.);
#2964=ORIENTED_EDGE('',*,*,#2293,.T.);
#2965=ORIENTED_EDGE('',*,*,#2294,.T.);
#2966=ORIENTED_EDGE('',*,*,#2295,.T.);
#2967=ORIENTED_EDGE('',*,*,#2291,.F.);
#2968=ORIENTED_EDGE('',*,*,#2296,.T.);
#2969=ORIENTED_EDGE('',*,*,#2297,.T.);
#2970=ORIENTED_EDGE('',*,*,#2298,.T.);
#2971=ORIENTED_EDGE('',*,*,#2294,.F.);
#2972=ORIENTED_EDGE('',*,*,#2299,.T.);
#2973=ORIENTED_EDGE('',*,*,#2300,.T.);
#2974=ORIENTED_EDGE('',*,*,#2301,.T.);
#2975=ORIENTED_EDGE('',*,*,#2302,.T.);
#2976=ORIENTED_EDGE('',*,*,#2303,.T.);
#2977=ORIENTED_EDGE('',*,*,#2297,.F.);
#2978=ORIENTED_EDGE('',*,*,#2304,.T.);
#2979=ORIENTED_EDGE('',*,*,#2305,.T.);
#2980=ORIENTED_EDGE('',*,*,#2306,.T.);
#2981=ORIENTED_EDGE('',*,*,#2307,.T.);
#2982=ORIENTED_EDGE('',*,*,#2308,.T.);
#2983=ORIENTED_EDGE('',*,*,#2302,.F.);
#2984=ORIENTED_EDGE('',*,*,#2309,.T.);
#2985=ORIENTED_EDGE('',*,*,#2310,.T.);
#2986=ORIENTED_EDGE('',*,*,#2311,.T.);
#2987=ORIENTED_EDGE('',*,*,#2307,.F.);
#2988=ORIENTED_EDGE('',*,*,#2312,.T.);
#2989=ORIENTED_EDGE('',*,*,#2277,.F.);
#2990=ORIENTED_EDGE('',*,*,#2313,.F.);
#2991=ORIENTED_EDGE('',*,*,#2314,.F.);
#2992=ORIENTED_EDGE('',*,*,#2315,.T.);
#2993=ORIENTED_EDGE('',*,*,#2316,.F.);
#2994=ORIENTED_EDGE('',*,*,#2280,.F.);
#2995=ORIENTED_EDGE('',*,*,#2282,.F.);
#2996=ORIENTED_EDGE('',*,*,#2287,.F.);
#2997=ORIENTED_EDGE('',*,*,#2317,.F.);
#2998=ORIENTED_EDGE('',*,*,#2318,.F.);
#2999=ORIENTED_EDGE('',*,*,#2319,.F.);
#3000=ORIENTED_EDGE('',*,*,#2320,.T.);
#3001=ORIENTED_EDGE('',*,*,#2313,.T.);
#3002=ORIENTED_EDGE('',*,*,#2292,.F.);
#3003=ORIENTED_EDGE('',*,*,#2321,.T.);
#3004=ORIENTED_EDGE('',*,*,#2322,.F.);
#3005=ORIENTED_EDGE('',*,*,#2323,.F.);
#3006=ORIENTED_EDGE('',*,*,#2317,.T.);
#3007=ORIENTED_EDGE('',*,*,#2295,.F.);
#3008=ORIENTED_EDGE('',*,*,#2324,.F.);
#3009=ORIENTED_EDGE('',*,*,#2325,.F.);
#3010=ORIENTED_EDGE('',*,*,#2326,.F.);
#3011=ORIENTED_EDGE('',*,*,#2327,.F.);
#3012=ORIENTED_EDGE('',*,*,#2328,.F.);
#3013=ORIENTED_EDGE('',*,*,#2329,.F.);
#3014=ORIENTED_EDGE('',*,*,#2321,.F.);
#3015=ORIENTED_EDGE('',*,*,#2298,.F.);
#3016=ORIENTED_EDGE('',*,*,#2330,.T.);
#3017=ORIENTED_EDGE('',*,*,#2331,.F.);
#3018=ORIENTED_EDGE('',*,*,#2332,.F.);
#3019=ORIENTED_EDGE('',*,*,#2324,.T.);
#3020=ORIENTED_EDGE('',*,*,#2303,.F.);
#3021=ORIENTED_EDGE('',*,*,#2308,.F.);
#3022=ORIENTED_EDGE('',*,*,#2311,.F.);
#3023=ORIENTED_EDGE('',*,*,#2333,.T.);
#3024=ORIENTED_EDGE('',*,*,#2334,.T.);
#3025=ORIENTED_EDGE('',*,*,#2335,.F.);
#3026=ORIENTED_EDGE('',*,*,#2336,.F.);
#3027=ORIENTED_EDGE('',*,*,#2330,.F.);
#3028=ORIENTED_EDGE('',*,*,#2310,.F.);
#3029=ORIENTED_EDGE('',*,*,#2337,.F.);
#3030=ORIENTED_EDGE('',*,*,#2338,.T.);
#3031=ORIENTED_EDGE('',*,*,#2339,.F.);
#3032=ORIENTED_EDGE('',*,*,#2333,.F.);
#3033=ORIENTED_EDGE('',*,*,#2312,.F.);
#3034=ORIENTED_EDGE('',*,*,#2340,.F.);
#3035=ORIENTED_EDGE('',*,*,#2341,.T.);
#3036=ORIENTED_EDGE('',*,*,#2337,.T.);
#3037=ORIENTED_EDGE('',*,*,#2309,.F.);
#3038=ORIENTED_EDGE('',*,*,#2342,.T.);
#3039=ORIENTED_EDGE('',*,*,#2343,.T.);
#3040=ORIENTED_EDGE('',*,*,#2340,.T.);
#3041=ORIENTED_EDGE('',*,*,#2344,.T.);
#3042=ORIENTED_EDGE('',*,*,#2319,.T.);
#3043=ORIENTED_EDGE('',*,*,#2345,.T.);
#3044=ORIENTED_EDGE('',*,*,#2346,.T.);
#3045=ORIENTED_EDGE('',*,*,#2347,.T.);
#3046=ORIENTED_EDGE('',*,*,#2348,.T.);
#3047=ORIENTED_EDGE('',*,*,#2349,.T.);
#3048=ORIENTED_EDGE('',*,*,#2345,.F.);
#3049=ORIENTED_EDGE('',*,*,#2318,.T.);
#3050=ORIENTED_EDGE('',*,*,#2350,.T.);
#3051=ORIENTED_EDGE('',*,*,#2351,.T.);
#3052=ORIENTED_EDGE('',*,*,#2352,.T.);
#3053=ORIENTED_EDGE('',*,*,#2353,.T.);
#3054=ORIENTED_EDGE('',*,*,#2354,.T.);
#3055=ORIENTED_EDGE('',*,*,#2355,.F.);
#3056=ORIENTED_EDGE('',*,*,#2356,.F.);
#3057=ORIENTED_EDGE('',*,*,#2357,.F.);
#3058=ORIENTED_EDGE('',*,*,#2358,.T.);
#3059=ORIENTED_EDGE('',*,*,#2356,.T.);
#3060=ORIENTED_EDGE('',*,*,#2328,.T.);
#3061=ORIENTED_EDGE('',*,*,#2359,.T.);
#3062=ORIENTED_EDGE('',*,*,#2360,.T.);
#3063=ORIENTED_EDGE('',*,*,#2327,.T.);
#3064=ORIENTED_EDGE('',*,*,#2361,.T.);
#3065=ORIENTED_EDGE('',*,*,#2362,.T.);
#3066=ORIENTED_EDGE('',*,*,#2359,.F.);
#3067=ORIENTED_EDGE('',*,*,#2363,.F.);
#3068=ORIENTED_EDGE('',*,*,#2364,.F.);
#3069=ORIENTED_EDGE('',*,*,#2365,.F.);
#3070=ORIENTED_EDGE('',*,*,#2326,.T.);
#3071=ORIENTED_EDGE('',*,*,#2364,.T.);
#3072=ORIENTED_EDGE('',*,*,#2366,.T.);
#3073=ORIENTED_EDGE('',*,*,#2367,.T.);
#3074=ORIENTED_EDGE('',*,*,#2361,.F.);
#3075=ORIENTED_EDGE('',*,*,#2368,.T.);
#3076=ORIENTED_EDGE('',*,*,#2369,.T.);
#3077=ORIENTED_EDGE('',*,*,#2365,.T.);
#3078=ORIENTED_EDGE('',*,*,#2325,.T.);
#3079=ORIENTED_EDGE('',*,*,#2370,.T.);
#3080=ORIENTED_EDGE('',*,*,#2371,.T.);
#3081=ORIENTED_EDGE('',*,*,#2368,.F.);
#3082=ORIENTED_EDGE('',*,*,#2332,.T.);
#3083=ORIENTED_EDGE('',*,*,#2372,.T.);
#3084=ORIENTED_EDGE('',*,*,#2363,.T.);
#3085=ORIENTED_EDGE('',*,*,#2373,.T.);
#3086=ORIENTED_EDGE('',*,*,#2374,.T.);
#3087=ORIENTED_EDGE('',*,*,#2375,.T.);
#3088=ORIENTED_EDGE('',*,*,#2376,.T.);
#3089=ORIENTED_EDGE('',*,*,#2377,.T.);
#3090=ORIENTED_EDGE('',*,*,#2374,.F.);
#3091=ORIENTED_EDGE('',*,*,#2378,.T.);
#3092=ORIENTED_EDGE('',*,*,#2357,.T.);
#3093=ORIENTED_EDGE('',*,*,#2379,.T.);
#3094=ORIENTED_EDGE('',*,*,#2354,.F.);
#3095=ORIENTED_EDGE('',*,*,#2380,.T.);
#3096=ORIENTED_EDGE('',*,*,#2322,.T.);
#3097=ORIENTED_EDGE('',*,*,#2381,.T.);
#3098=ORIENTED_EDGE('',*,*,#2382,.T.);
#3099=ORIENTED_EDGE('',*,*,#2355,.T.);
#3100=ORIENTED_EDGE('',*,*,#2383,.T.);
#3101=ORIENTED_EDGE('',*,*,#2381,.F.);
#3102=ORIENTED_EDGE('',*,*,#2329,.T.);
#3103=ORIENTED_EDGE('',*,*,#2384,.T.);
#3104=ORIENTED_EDGE('',*,*,#2370,.F.);
#3105=ORIENTED_EDGE('',*,*,#2331,.T.);
#3106=ORIENTED_EDGE('',*,*,#2385,.T.);
#3107=ORIENTED_EDGE('',*,*,#2386,.T.);
#3108=ORIENTED_EDGE('',*,*,#2387,.T.);
#3109=ORIENTED_EDGE('',*,*,#2388,.T.);
#3110=ORIENTED_EDGE('',*,*,#2335,.T.);
#3111=ORIENTED_EDGE('',*,*,#2389,.T.);
#3112=ORIENTED_EDGE('',*,*,#2390,.T.);
#3113=ORIENTED_EDGE('',*,*,#2391,.T.);
#3114=ORIENTED_EDGE('',*,*,#2385,.F.);
#3115=ORIENTED_EDGE('',*,*,#2336,.T.);
#3116=ORIENTED_EDGE('',*,*,#2388,.F.);
#3117=ORIENTED_EDGE('',*,*,#2392,.T.);
#3118=ORIENTED_EDGE('',*,*,#2350,.F.);
#3119=ORIENTED_EDGE('',*,*,#2323,.T.);
#3120=ORIENTED_EDGE('',*,*,#2380,.F.);
#3121=ORIENTED_EDGE('',*,*,#2351,.F.);
#3122=ORIENTED_EDGE('',*,*,#2393,.F.);
#3123=ORIENTED_EDGE('',*,*,#2394,.F.);
#3124=ORIENTED_EDGE('',*,*,#2395,.F.);
#3125=ORIENTED_EDGE('',*,*,#2396,.F.);
#3126=ORIENTED_EDGE('',*,*,#2397,.F.);
#3127=ORIENTED_EDGE('',*,*,#2398,.T.);
#3128=ORIENTED_EDGE('',*,*,#2399,.F.);
#3129=ORIENTED_EDGE('',*,*,#2379,.F.);
#3130=ORIENTED_EDGE('',*,*,#2358,.F.);
#3131=ORIENTED_EDGE('',*,*,#2400,.F.);
#3132=ORIENTED_EDGE('',*,*,#2393,.T.);
#3133=ORIENTED_EDGE('',*,*,#2382,.F.);
#3134=ORIENTED_EDGE('',*,*,#2383,.F.);
#3135=ORIENTED_EDGE('',*,*,#2378,.F.);
#3136=ORIENTED_EDGE('',*,*,#2353,.F.);
#3137=ORIENTED_EDGE('',*,*,#2401,.F.);
#3138=ORIENTED_EDGE('',*,*,#2402,.F.);
#3139=ORIENTED_EDGE('',*,*,#2403,.T.);
#3140=ORIENTED_EDGE('',*,*,#2404,.F.);
#3141=ORIENTED_EDGE('',*,*,#2405,.T.);
#3142=ORIENTED_EDGE('',*,*,#2348,.F.);
#3143=ORIENTED_EDGE('',*,*,#2406,.T.);
#3144=ORIENTED_EDGE('',*,*,#2407,.T.);
#3145=ORIENTED_EDGE('',*,*,#2408,.T.);
#3146=ORIENTED_EDGE('',*,*,#2409,.F.);
#3147=ORIENTED_EDGE('',*,*,#2410,.T.);
#3148=ORIENTED_EDGE('',*,*,#2346,.F.);
#3149=ORIENTED_EDGE('',*,*,#2411,.T.);
#3150=ORIENTED_EDGE('',*,*,#2412,.T.);
#3151=ORIENTED_EDGE('',*,*,#2413,.T.);
#3152=ORIENTED_EDGE('',*,*,#2414,.T.);
#3153=ORIENTED_EDGE('',*,*,#2362,.F.);
#3154=ORIENTED_EDGE('',*,*,#2367,.F.);
#3155=ORIENTED_EDGE('',*,*,#2415,.F.);
#3156=ORIENTED_EDGE('',*,*,#2416,.F.);
#3157=ORIENTED_EDGE('',*,*,#2417,.F.);
#3158=ORIENTED_EDGE('',*,*,#2418,.T.);
#3159=ORIENTED_EDGE('',*,*,#2419,.T.);
#3160=ORIENTED_EDGE('',*,*,#2420,.T.);
#3161=ORIENTED_EDGE('',*,*,#2421,.F.);
#3162=ORIENTED_EDGE('',*,*,#2422,.T.);
#3163=ORIENTED_EDGE('',*,*,#2423,.T.);
#3164=ORIENTED_EDGE('',*,*,#2424,.T.);
#3165=ORIENTED_EDGE('',*,*,#2425,.F.);
#3166=ORIENTED_EDGE('',*,*,#2394,.T.);
#3167=ORIENTED_EDGE('',*,*,#2400,.T.);
#3168=ORIENTED_EDGE('',*,*,#2360,.F.);
#3169=ORIENTED_EDGE('',*,*,#2366,.F.);
#3170=ORIENTED_EDGE('',*,*,#2372,.F.);
#3171=ORIENTED_EDGE('',*,*,#2426,.F.);
#3172=ORIENTED_EDGE('',*,*,#2415,.T.);
#3173=ORIENTED_EDGE('',*,*,#2377,.F.);
#3174=ORIENTED_EDGE('',*,*,#2427,.F.);
#3175=ORIENTED_EDGE('',*,*,#2428,.T.);
#3176=ORIENTED_EDGE('',*,*,#2429,.F.);
#3177=ORIENTED_EDGE('',*,*,#2430,.F.);
#3178=ORIENTED_EDGE('',*,*,#2431,.F.);
#3179=ORIENTED_EDGE('',*,*,#2416,.T.);
#3180=ORIENTED_EDGE('',*,*,#2426,.T.);
#3181=ORIENTED_EDGE('',*,*,#2384,.F.);
#3182=ORIENTED_EDGE('',*,*,#2391,.F.);
#3183=ORIENTED_EDGE('',*,*,#2432,.F.);
#3184=ORIENTED_EDGE('',*,*,#2433,.F.);
#3185=ORIENTED_EDGE('',*,*,#2434,.F.);
#3186=ORIENTED_EDGE('',*,*,#2435,.T.);
#3187=ORIENTED_EDGE('',*,*,#2436,.F.);
#3188=ORIENTED_EDGE('',*,*,#2437,.F.);
#3189=ORIENTED_EDGE('',*,*,#2375,.F.);
#3190=ORIENTED_EDGE('',*,*,#2373,.F.);
#3191=ORIENTED_EDGE('',*,*,#2369,.F.);
#3192=ORIENTED_EDGE('',*,*,#2371,.F.);
#3193=ORIENTED_EDGE('',*,*,#2436,.T.);
#3194=ORIENTED_EDGE('',*,*,#2438,.T.);
#3195=ORIENTED_EDGE('',*,*,#2439,.T.);
#3196=ORIENTED_EDGE('',*,*,#2432,.T.);
#3197=ORIENTED_EDGE('',*,*,#2387,.F.);
#3198=ORIENTED_EDGE('',*,*,#2440,.T.);
#3199=ORIENTED_EDGE('',*,*,#2441,.T.);
#3200=ORIENTED_EDGE('',*,*,#2442,.T.);
#3201=ORIENTED_EDGE('',*,*,#2443,.T.);
#3202=ORIENTED_EDGE('',*,*,#2444,.T.);
#3203=ORIENTED_EDGE('',*,*,#2390,.F.);
#3204=ORIENTED_EDGE('',*,*,#2445,.T.);
#3205=ORIENTED_EDGE('',*,*,#2446,.F.);
#3206=ORIENTED_EDGE('',*,*,#2447,.T.);
#3207=ORIENTED_EDGE('',*,*,#2448,.F.);
#3208=ORIENTED_EDGE('',*,*,#2386,.F.);
#3209=ORIENTED_EDGE('',*,*,#2444,.F.);
#3210=ORIENTED_EDGE('',*,*,#2449,.F.);
#3211=ORIENTED_EDGE('',*,*,#2450,.F.);
#3212=ORIENTED_EDGE('',*,*,#2451,.T.);
#3213=ORIENTED_EDGE('',*,*,#2440,.F.);
#3214=ORIENTED_EDGE('',*,*,#2288,.F.);
#3215=ORIENTED_EDGE('',*,*,#2452,.F.);
#3216=ORIENTED_EDGE('',*,*,#2453,.T.);
#3217=ORIENTED_EDGE('',*,*,#2454,.T.);
#3218=ORIENTED_EDGE('',*,*,#2455,.F.);
#3219=ORIENTED_EDGE('',*,*,#2456,.T.);
#3220=ORIENTED_EDGE('',*,*,#2457,.T.);
#3221=ORIENTED_EDGE('',*,*,#2342,.F.);
#3222=ORIENTED_EDGE('',*,*,#2301,.F.);
#3223=ORIENTED_EDGE('',*,*,#2458,.F.);
#3224=ORIENTED_EDGE('',*,*,#2459,.F.);
#3225=ORIENTED_EDGE('',*,*,#2460,.F.);
#3226=ORIENTED_EDGE('',*,*,#2461,.F.);
#3227=ORIENTED_EDGE('',*,*,#2306,.F.);
#3228=ORIENTED_EDGE('',*,*,#2462,.F.);
#3229=ORIENTED_EDGE('',*,*,#2463,.F.);
#3230=ORIENTED_EDGE('',*,*,#2464,.F.);
#3231=ORIENTED_EDGE('',*,*,#2465,.F.);
#3232=ORIENTED_EDGE('',*,*,#2304,.F.);
#3233=ORIENTED_EDGE('',*,*,#2299,.F.);
#3234=ORIENTED_EDGE('',*,*,#2296,.F.);
#3235=ORIENTED_EDGE('',*,*,#2293,.F.);
#3236=ORIENTED_EDGE('',*,*,#2285,.F.);
#3237=ORIENTED_EDGE('',*,*,#2466,.F.);
#3238=ORIENTED_EDGE('',*,*,#2467,.F.);
#3239=ORIENTED_EDGE('',*,*,#2468,.F.);
#3240=ORIENTED_EDGE('',*,*,#2469,.F.);
#3241=ORIENTED_EDGE('',*,*,#2290,.F.);
#3242=ORIENTED_EDGE('',*,*,#2470,.F.);
#3243=ORIENTED_EDGE('',*,*,#2471,.F.);
#3244=ORIENTED_EDGE('',*,*,#2472,.F.);
#3245=ORIENTED_EDGE('',*,*,#2473,.F.);
#3246=ORIENTED_EDGE('',*,*,#2278,.F.);
#3247=ORIENTED_EDGE('',*,*,#2316,.T.);
#3248=ORIENTED_EDGE('',*,*,#2474,.T.);
#3249=ORIENTED_EDGE('',*,*,#2475,.F.);
#3250=ORIENTED_EDGE('',*,*,#2344,.F.);
#3251=ORIENTED_EDGE('',*,*,#2405,.F.);
#3252=ORIENTED_EDGE('',*,*,#2476,.F.);
#3253=ORIENTED_EDGE('',*,*,#2477,.F.);
#3254=ORIENTED_EDGE('',*,*,#2397,.T.);
#3255=ORIENTED_EDGE('',*,*,#2478,.T.);
#3256=ORIENTED_EDGE('',*,*,#2479,.F.);
#3257=ORIENTED_EDGE('',*,*,#2423,.F.);
#3258=ORIENTED_EDGE('',*,*,#2480,.T.);
#3259=ORIENTED_EDGE('',*,*,#2481,.T.);
#3260=ORIENTED_EDGE('',*,*,#2482,.F.);
#3261=ORIENTED_EDGE('',*,*,#2483,.T.);
#3262=ORIENTED_EDGE('',*,*,#2484,.T.);
#3263=ORIENTED_EDGE('',*,*,#2485,.F.);
#3264=ORIENTED_EDGE('',*,*,#2486,.F.);
#3265=ORIENTED_EDGE('',*,*,#2454,.F.);
#3266=ORIENTED_EDGE('',*,*,#2487,.T.);
#3267=ORIENTED_EDGE('',*,*,#2314,.T.);
#3268=ORIENTED_EDGE('',*,*,#2320,.F.);
#3269=ORIENTED_EDGE('',*,*,#2488,.T.);
#3270=ORIENTED_EDGE('',*,*,#2489,.T.);
#3271=ORIENTED_EDGE('',*,*,#2389,.F.);
#3272=ORIENTED_EDGE('',*,*,#2334,.F.);
#3273=ORIENTED_EDGE('',*,*,#2339,.T.);
#3274=ORIENTED_EDGE('',*,*,#2490,.T.);
#3275=ORIENTED_EDGE('',*,*,#2456,.F.);
#3276=ORIENTED_EDGE('',*,*,#2491,.T.);
#3277=ORIENTED_EDGE('',*,*,#2492,.F.);
#3278=ORIENTED_EDGE('',*,*,#2493,.T.);
#3279=ORIENTED_EDGE('',*,*,#2494,.T.);
#3280=ORIENTED_EDGE('',*,*,#2495,.T.);
#3281=ORIENTED_EDGE('',*,*,#2496,.T.);
#3282=ORIENTED_EDGE('',*,*,#2497,.T.);
#3283=ORIENTED_EDGE('',*,*,#2419,.F.);
#3284=ORIENTED_EDGE('',*,*,#2498,.F.);
#3285=ORIENTED_EDGE('',*,*,#2499,.T.);
#3286=ORIENTED_EDGE('',*,*,#2429,.T.);
#3287=ORIENTED_EDGE('',*,*,#2500,.F.);
#3288=ORIENTED_EDGE('',*,*,#2501,.F.);
#3289=ORIENTED_EDGE('',*,*,#2445,.F.);
#3290=ORIENTED_EDGE('',*,*,#2502,.T.);
#3291=ORIENTED_EDGE('',*,*,#2503,.T.);
#3292=ORIENTED_EDGE('',*,*,#2489,.F.);
#3293=ORIENTED_EDGE('',*,*,#2504,.T.);
#3294=ORIENTED_EDGE('',*,*,#2505,.T.);
#3295=ORIENTED_EDGE('',*,*,#2506,.T.);
#3296=ORIENTED_EDGE('',*,*,#2504,.F.);
#3297=ORIENTED_EDGE('',*,*,#2506,.F.);
#3298=ORIENTED_EDGE('',*,*,#2507,.F.);
#3299=ORIENTED_EDGE('',*,*,#2508,.T.);
#3300=ORIENTED_EDGE('',*,*,#2505,.F.);
#3301=ORIENTED_EDGE('',*,*,#2503,.F.);
#3302=ORIENTED_EDGE('',*,*,#2509,.T.);
#3303=ORIENTED_EDGE('',*,*,#2510,.T.);
#3304=ORIENTED_EDGE('',*,*,#2511,.T.);
#3305=ORIENTED_EDGE('',*,*,#2509,.F.);
#3306=ORIENTED_EDGE('',*,*,#2511,.F.);
#3307=ORIENTED_EDGE('',*,*,#2512,.F.);
#3308=ORIENTED_EDGE('',*,*,#2513,.T.);
#3309=ORIENTED_EDGE('',*,*,#2510,.F.);
#3310=ORIENTED_EDGE('',*,*,#2514,.T.);
#3311=ORIENTED_EDGE('',*,*,#2515,.T.);
#3312=ORIENTED_EDGE('',*,*,#2514,.F.);
#3313=ORIENTED_EDGE('',*,*,#2516,.F.);
#3314=ORIENTED_EDGE('',*,*,#2517,.T.);
#3315=ORIENTED_EDGE('',*,*,#2515,.F.);
#3316=ORIENTED_EDGE('',*,*,#2517,.F.);
#3317=ORIENTED_EDGE('',*,*,#2518,.T.);
#3318=ORIENTED_EDGE('',*,*,#2519,.T.);
#3319=ORIENTED_EDGE('',*,*,#2518,.F.);
#3320=ORIENTED_EDGE('',*,*,#2520,.F.);
#3321=ORIENTED_EDGE('',*,*,#2521,.T.);
#3322=ORIENTED_EDGE('',*,*,#2519,.F.);
#3323=ORIENTED_EDGE('',*,*,#2521,.F.);
#3324=ORIENTED_EDGE('',*,*,#2522,.T.);
#3325=ORIENTED_EDGE('',*,*,#2523,.T.);
#3326=ORIENTED_EDGE('',*,*,#2524,.T.);
#3327=ORIENTED_EDGE('',*,*,#2421,.T.);
#3328=ORIENTED_EDGE('',*,*,#2523,.F.);
#3329=ORIENTED_EDGE('',*,*,#2525,.F.);
#3330=ORIENTED_EDGE('',*,*,#2526,.F.);
#3331=ORIENTED_EDGE('',*,*,#2527,.T.);
#3332=ORIENTED_EDGE('',*,*,#2418,.F.);
#3333=ORIENTED_EDGE('',*,*,#2528,.F.);
#3334=ORIENTED_EDGE('',*,*,#2529,.F.);
#3335=ORIENTED_EDGE('',*,*,#2498,.T.);
#3336=ORIENTED_EDGE('',*,*,#2529,.T.);
#3337=ORIENTED_EDGE('',*,*,#2530,.F.);
#3338=ORIENTED_EDGE('',*,*,#2430,.T.);
#3339=ORIENTED_EDGE('',*,*,#2499,.F.);
#3340=ORIENTED_EDGE('',*,*,#2528,.T.);
#3341=ORIENTED_EDGE('',*,*,#2417,.T.);
#3342=ORIENTED_EDGE('',*,*,#2431,.T.);
#3343=ORIENTED_EDGE('',*,*,#2530,.T.);
#3344=ORIENTED_EDGE('',*,*,#2424,.F.);
#3345=ORIENTED_EDGE('',*,*,#2479,.T.);
#3346=ORIENTED_EDGE('',*,*,#2531,.F.);
#3347=ORIENTED_EDGE('',*,*,#2532,.F.);
#3348=ORIENTED_EDGE('',*,*,#2532,.T.);
#3349=ORIENTED_EDGE('',*,*,#2533,.T.);
#3350=ORIENTED_EDGE('',*,*,#2395,.T.);
#3351=ORIENTED_EDGE('',*,*,#2425,.T.);
#3352=ORIENTED_EDGE('',*,*,#2402,.T.);
#3353=ORIENTED_EDGE('',*,*,#2534,.T.);
#3354=ORIENTED_EDGE('',*,*,#2535,.T.);
#3355=ORIENTED_EDGE('',*,*,#2536,.T.);
#3356=ORIENTED_EDGE('',*,*,#2534,.F.);
#3357=ORIENTED_EDGE('',*,*,#2401,.T.);
#3358=ORIENTED_EDGE('',*,*,#2352,.F.);
#3359=ORIENTED_EDGE('',*,*,#2399,.T.);
#3360=ORIENTED_EDGE('',*,*,#2537,.T.);
#3361=ORIENTED_EDGE('',*,*,#2516,.T.);
#3362=ORIENTED_EDGE('',*,*,#2538,.T.);
#3363=ORIENTED_EDGE('',*,*,#2539,.T.);
#3364=ORIENTED_EDGE('',*,*,#2448,.T.);
#3365=ORIENTED_EDGE('',*,*,#2540,.T.);
#3366=ORIENTED_EDGE('',*,*,#2540,.F.);
#3367=ORIENTED_EDGE('',*,*,#2447,.F.);
#3368=ORIENTED_EDGE('',*,*,#2541,.F.);
#3369=ORIENTED_EDGE('',*,*,#2542,.F.);
#3370=ORIENTED_EDGE('',*,*,#2543,.T.);
#3371=ORIENTED_EDGE('',*,*,#2476,.T.);
#3372=ORIENTED_EDGE('',*,*,#2404,.T.);
#3373=ORIENTED_EDGE('',*,*,#2544,.T.);
#3374=ORIENTED_EDGE('',*,*,#2446,.T.);
#3375=ORIENTED_EDGE('',*,*,#2501,.T.);
#3376=ORIENTED_EDGE('',*,*,#2545,.T.);
#3377=ORIENTED_EDGE('',*,*,#2541,.T.);
#3378=ORIENTED_EDGE('',*,*,#2536,.F.);
#3379=ORIENTED_EDGE('',*,*,#2546,.F.);
#3380=ORIENTED_EDGE('',*,*,#2544,.F.);
#3381=ORIENTED_EDGE('',*,*,#2403,.F.);
#3382=ORIENTED_EDGE('',*,*,#2539,.F.);
#3383=ORIENTED_EDGE('',*,*,#2547,.T.);
#3384=ORIENTED_EDGE('',*,*,#2427,.T.);
#3385=ORIENTED_EDGE('',*,*,#2376,.F.);
#3386=ORIENTED_EDGE('',*,*,#2437,.T.);
#3387=ORIENTED_EDGE('',*,*,#2520,.T.);
#3388=ORIENTED_EDGE('',*,*,#2535,.F.);
#3389=ORIENTED_EDGE('',*,*,#2537,.F.);
#3390=ORIENTED_EDGE('',*,*,#2398,.F.);
#3391=ORIENTED_EDGE('',*,*,#2477,.T.);
#3392=ORIENTED_EDGE('',*,*,#2543,.F.);
#3393=ORIENTED_EDGE('',*,*,#2546,.T.);
#3394=ORIENTED_EDGE('',*,*,#2538,.F.);
#3395=ORIENTED_EDGE('',*,*,#2542,.T.);
#3396=ORIENTED_EDGE('',*,*,#2545,.F.);
#3397=ORIENTED_EDGE('',*,*,#2500,.T.);
#3398=ORIENTED_EDGE('',*,*,#2428,.F.);
#3399=ORIENTED_EDGE('',*,*,#2547,.F.);
#3400=ORIENTED_EDGE('',*,*,#2548,.T.);
#3401=ORIENTED_EDGE('',*,*,#2549,.T.);
#3402=ORIENTED_EDGE('',*,*,#2550,.T.);
#3403=ORIENTED_EDGE('',*,*,#2551,.T.);
#3404=ORIENTED_EDGE('',*,*,#2441,.F.);
#3405=ORIENTED_EDGE('',*,*,#2451,.F.);
#3406=ORIENTED_EDGE('',*,*,#2551,.F.);
#3407=ORIENTED_EDGE('',*,*,#2550,.F.);
#3408=ORIENTED_EDGE('',*,*,#2552,.F.);
#3409=ORIENTED_EDGE('',*,*,#2548,.F.);
#3410=ORIENTED_EDGE('',*,*,#2553,.F.);
#3411=ORIENTED_EDGE('',*,*,#2554,.T.);
#3412=ORIENTED_EDGE('',*,*,#2549,.F.);
#3413=ORIENTED_EDGE('',*,*,#2555,.T.);
#3414=ORIENTED_EDGE('',*,*,#2556,.T.);
#3415=ORIENTED_EDGE('',*,*,#2557,.T.);
#3416=ORIENTED_EDGE('',*,*,#2558,.T.);
#3417=ORIENTED_EDGE('',*,*,#2450,.T.);
#3418=ORIENTED_EDGE('',*,*,#2559,.F.);
#3419=ORIENTED_EDGE('',*,*,#2560,.T.);
#3420=ORIENTED_EDGE('',*,*,#2561,.T.);
#3421=ORIENTED_EDGE('',*,*,#2562,.T.);
#3422=ORIENTED_EDGE('',*,*,#2563,.F.);
#3423=ORIENTED_EDGE('',*,*,#2564,.F.);
#3424=ORIENTED_EDGE('',*,*,#2565,.T.);
#3425=ORIENTED_EDGE('',*,*,#2556,.F.);
#3426=ORIENTED_EDGE('',*,*,#2566,.F.);
#3427=ORIENTED_EDGE('',*,*,#2562,.F.);
#3428=ORIENTED_EDGE('',*,*,#2567,.F.);
#3429=ORIENTED_EDGE('',*,*,#2568,.T.);
#3430=ORIENTED_EDGE('',*,*,#2569,.T.);
#3431=ORIENTED_EDGE('',*,*,#2570,.T.);
#3432=ORIENTED_EDGE('',*,*,#2571,.T.);
#3433=ORIENTED_EDGE('',*,*,#2409,.T.);
#3434=ORIENTED_EDGE('',*,*,#2572,.F.);
#3435=ORIENTED_EDGE('',*,*,#2571,.F.);
#3436=ORIENTED_EDGE('',*,*,#2570,.F.);
#3437=ORIENTED_EDGE('',*,*,#2573,.F.);
#3438=ORIENTED_EDGE('',*,*,#2568,.F.);
#3439=ORIENTED_EDGE('',*,*,#2574,.T.);
#3440=ORIENTED_EDGE('',*,*,#2575,.F.);
#3441=ORIENTED_EDGE('',*,*,#2569,.F.);
#3442=ORIENTED_EDGE('',*,*,#2576,.T.);
#3443=ORIENTED_EDGE('',*,*,#2577,.T.);
#3444=ORIENTED_EDGE('',*,*,#2578,.F.);
#3445=ORIENTED_EDGE('',*,*,#2579,.T.);
#3446=ORIENTED_EDGE('',*,*,#2580,.F.);
#3447=ORIENTED_EDGE('',*,*,#2576,.F.);
#3448=ORIENTED_EDGE('',*,*,#2581,.F.);
#3449=ORIENTED_EDGE('',*,*,#2582,.T.);
#3450=ORIENTED_EDGE('',*,*,#2583,.T.);
#3451=ORIENTED_EDGE('',*,*,#2584,.F.);
#3452=ORIENTED_EDGE('',*,*,#2585,.T.);
#3453=ORIENTED_EDGE('',*,*,#2586,.T.);
#3454=ORIENTED_EDGE('',*,*,#2587,.T.);
#3455=ORIENTED_EDGE('',*,*,#2588,.T.);
#3456=ORIENTED_EDGE('',*,*,#2589,.F.);
#3457=ORIENTED_EDGE('',*,*,#2577,.F.);
#3458=ORIENTED_EDGE('',*,*,#2566,.T.);
#3459=ORIENTED_EDGE('',*,*,#2561,.F.);
#3460=ORIENTED_EDGE('',*,*,#2590,.T.);
#3461=ORIENTED_EDGE('',*,*,#2591,.T.);
#3462=ORIENTED_EDGE('',*,*,#2592,.T.);
#3463=ORIENTED_EDGE('',*,*,#2564,.T.);
#3464=ORIENTED_EDGE('',*,*,#2593,.F.);
#3465=ORIENTED_EDGE('',*,*,#2594,.F.);
#3466=ORIENTED_EDGE('',*,*,#2553,.T.);
#3467=ORIENTED_EDGE('',*,*,#2557,.F.);
#3468=ORIENTED_EDGE('',*,*,#2565,.F.);
#3469=ORIENTED_EDGE('',*,*,#2594,.T.);
#3470=ORIENTED_EDGE('',*,*,#2595,.T.);
#3471=ORIENTED_EDGE('',*,*,#2581,.T.);
#3472=ORIENTED_EDGE('',*,*,#2596,.T.);
#3473=ORIENTED_EDGE('',*,*,#2597,.T.);
#3474=ORIENTED_EDGE('',*,*,#2598,.T.);
#3475=ORIENTED_EDGE('',*,*,#2584,.T.);
#3476=ORIENTED_EDGE('',*,*,#2579,.F.);
#3477=ORIENTED_EDGE('',*,*,#2599,.F.);
#3478=ORIENTED_EDGE('',*,*,#2600,.F.);
#3479=ORIENTED_EDGE('',*,*,#2575,.T.);
#3480=ORIENTED_EDGE('',*,*,#2601,.T.);
#3481=ORIENTED_EDGE('',*,*,#2599,.T.);
#3482=ORIENTED_EDGE('',*,*,#2578,.T.);
#3483=ORIENTED_EDGE('',*,*,#2589,.T.);
#3484=ORIENTED_EDGE('',*,*,#2531,.T.);
#3485=ORIENTED_EDGE('',*,*,#2478,.F.);
#3486=ORIENTED_EDGE('',*,*,#2396,.T.);
#3487=ORIENTED_EDGE('',*,*,#2533,.F.);
#3488=ORIENTED_EDGE('',*,*,#2580,.T.);
#3489=ORIENTED_EDGE('',*,*,#2600,.T.);
#3490=ORIENTED_EDGE('',*,*,#2601,.F.);
#3491=ORIENTED_EDGE('',*,*,#2574,.F.);
#3492=ORIENTED_EDGE('',*,*,#2563,.T.);
#3493=ORIENTED_EDGE('',*,*,#2554,.F.);
#3494=ORIENTED_EDGE('',*,*,#2595,.F.);
#3495=ORIENTED_EDGE('',*,*,#2593,.T.);
#3496=ORIENTED_EDGE('',*,*,#2488,.F.);
#3497=ORIENTED_EDGE('',*,*,#2602,.T.);
#3498=ORIENTED_EDGE('',*,*,#2603,.T.);
#3499=ORIENTED_EDGE('',*,*,#2602,.F.);
#3500=ORIENTED_EDGE('',*,*,#2603,.F.);
#3501=ORIENTED_EDGE('',*,*,#2502,.F.);
#3502=ORIENTED_EDGE('',*,*,#2604,.T.);
#3503=ORIENTED_EDGE('',*,*,#2605,.T.);
#3504=ORIENTED_EDGE('',*,*,#2604,.F.);
#3505=ORIENTED_EDGE('',*,*,#2605,.F.);
#3506=ORIENTED_EDGE('',*,*,#2525,.T.);
#3507=ORIENTED_EDGE('',*,*,#2522,.F.);
#3508=ORIENTED_EDGE('',*,*,#2420,.F.);
#3509=ORIENTED_EDGE('',*,*,#2497,.F.);
#3510=ORIENTED_EDGE('',*,*,#2606,.T.);
#3511=ORIENTED_EDGE('',*,*,#2607,.T.);
#3512=ORIENTED_EDGE('',*,*,#2608,.T.);
#3513=ORIENTED_EDGE('',*,*,#2609,.T.);
#3514=ORIENTED_EDGE('',*,*,#2610,.F.);
#3515=ORIENTED_EDGE('',*,*,#2611,.F.);
#3516=ORIENTED_EDGE('',*,*,#2612,.T.);
#3517=ORIENTED_EDGE('',*,*,#2613,.T.);
#3518=ORIENTED_EDGE('',*,*,#2614,.T.);
#3519=ORIENTED_EDGE('',*,*,#2615,.T.);
#3520=ORIENTED_EDGE('',*,*,#2612,.F.);
#3521=ORIENTED_EDGE('',*,*,#2616,.F.);
#3522=ORIENTED_EDGE('',*,*,#2617,.T.);
#3523=ORIENTED_EDGE('',*,*,#2614,.F.);
#3524=ORIENTED_EDGE('',*,*,#2618,.F.);
#3525=ORIENTED_EDGE('',*,*,#2609,.F.);
#3526=ORIENTED_EDGE('',*,*,#2607,.F.);
#3527=ORIENTED_EDGE('',*,*,#2619,.F.);
#3528=ORIENTED_EDGE('',*,*,#2620,.F.);
#3529=ORIENTED_EDGE('',*,*,#2621,.F.);
#3530=ORIENTED_EDGE('',*,*,#2622,.T.);
#3531=ORIENTED_EDGE('',*,*,#2527,.F.);
#3532=ORIENTED_EDGE('',*,*,#2623,.F.);
#3533=ORIENTED_EDGE('',*,*,#2622,.F.);
#3534=ORIENTED_EDGE('',*,*,#2624,.F.);
#3535=ORIENTED_EDGE('',*,*,#2480,.F.);
#3536=ORIENTED_EDGE('',*,*,#2422,.F.);
#3537=ORIENTED_EDGE('',*,*,#2524,.F.);
#3538=ORIENTED_EDGE('',*,*,#2526,.T.);
#3539=ORIENTED_EDGE('',*,*,#2608,.F.);
#3540=ORIENTED_EDGE('',*,*,#2613,.F.);
#3541=ORIENTED_EDGE('',*,*,#2615,.F.);
#3542=ORIENTED_EDGE('',*,*,#2606,.F.);
#3543=ORIENTED_EDGE('',*,*,#2496,.F.);
#3544=ORIENTED_EDGE('',*,*,#2625,.F.);
#3545=ORIENTED_EDGE('',*,*,#2481,.F.);
#3546=ORIENTED_EDGE('',*,*,#2624,.T.);
#3547=ORIENTED_EDGE('',*,*,#2626,.F.);
#3548=ORIENTED_EDGE('',*,*,#2627,.F.);
#3549=ORIENTED_EDGE('',*,*,#2623,.T.);
#3550=ORIENTED_EDGE('',*,*,#2619,.T.);
#3551=ORIENTED_EDGE('',*,*,#2627,.T.);
#3552=ORIENTED_EDGE('',*,*,#2628,.F.);
#3553=ORIENTED_EDGE('',*,*,#2629,.F.);
#3554=ORIENTED_EDGE('',*,*,#2630,.T.);
#3555=ORIENTED_EDGE('',*,*,#2621,.T.);
#3556=ORIENTED_EDGE('',*,*,#2631,.F.);
#3557=ORIENTED_EDGE('',*,*,#2632,.F.);
#3558=ORIENTED_EDGE('',*,*,#2628,.T.);
#3559=ORIENTED_EDGE('',*,*,#2626,.T.);
#3560=ORIENTED_EDGE('',*,*,#2572,.T.);
#3561=ORIENTED_EDGE('',*,*,#2408,.F.);
#3562=ORIENTED_EDGE('',*,*,#2633,.F.);
#3563=ORIENTED_EDGE('',*,*,#2508,.F.);
#3564=ORIENTED_EDGE('',*,*,#2596,.F.);
#3565=ORIENTED_EDGE('',*,*,#2618,.T.);
#3566=ORIENTED_EDGE('',*,*,#2617,.F.);
#3567=ORIENTED_EDGE('',*,*,#2634,.F.);
#3568=ORIENTED_EDGE('',*,*,#2610,.T.);
#3569=ORIENTED_EDGE('',*,*,#2620,.T.);
#3570=ORIENTED_EDGE('',*,*,#2630,.F.);
#3571=ORIENTED_EDGE('',*,*,#2635,.F.);
#3572=ORIENTED_EDGE('',*,*,#2631,.T.);
#3573=ORIENTED_EDGE('',*,*,#2635,.T.);
#3574=ORIENTED_EDGE('',*,*,#2629,.T.);
#3575=ORIENTED_EDGE('',*,*,#2632,.T.);
#3576=ORIENTED_EDGE('',*,*,#2636,.F.);
#3577=ORIENTED_EDGE('',*,*,#2637,.F.);
#3578=ORIENTED_EDGE('',*,*,#2638,.F.);
#3579=ORIENTED_EDGE('',*,*,#2637,.T.);
#3580=ORIENTED_EDGE('',*,*,#2639,.F.);
#3581=ORIENTED_EDGE('',*,*,#2640,.F.);
#3582=ORIENTED_EDGE('',*,*,#2641,.T.);
#3583=ORIENTED_EDGE('',*,*,#2642,.F.);
#3584=ORIENTED_EDGE('',*,*,#2643,.F.);
#3585=ORIENTED_EDGE('',*,*,#2644,.F.);
#3586=ORIENTED_EDGE('',*,*,#2643,.T.);
#3587=ORIENTED_EDGE('',*,*,#2645,.F.);
#3588=ORIENTED_EDGE('',*,*,#2646,.F.);
#3589=ORIENTED_EDGE('',*,*,#2647,.T.);
#3590=ORIENTED_EDGE('',*,*,#2648,.F.);
#3591=ORIENTED_EDGE('',*,*,#2649,.F.);
#3592=ORIENTED_EDGE('',*,*,#2650,.F.);
#3593=ORIENTED_EDGE('',*,*,#2651,.F.);
#3594=ORIENTED_EDGE('',*,*,#2652,.F.);
#3595=ORIENTED_EDGE('',*,*,#2653,.F.);
#3596=ORIENTED_EDGE('',*,*,#2652,.T.);
#3597=ORIENTED_EDGE('',*,*,#2654,.T.);
#3598=ORIENTED_EDGE('',*,*,#2598,.F.);
#3599=ORIENTED_EDGE('',*,*,#2655,.T.);
#3600=ORIENTED_EDGE('',*,*,#2649,.T.);
#3601=ORIENTED_EDGE('',*,*,#2656,.T.);
#3602=ORIENTED_EDGE('',*,*,#2657,.F.);
#3603=ORIENTED_EDGE('',*,*,#2658,.T.);
#3604=ORIENTED_EDGE('',*,*,#2659,.F.);
#3605=ORIENTED_EDGE('',*,*,#2660,.T.);
#3606=ORIENTED_EDGE('',*,*,#2438,.F.);
#3607=ORIENTED_EDGE('',*,*,#2435,.F.);
#3608=ORIENTED_EDGE('',*,*,#2661,.F.);
#3609=ORIENTED_EDGE('',*,*,#2433,.T.);
#3610=ORIENTED_EDGE('',*,*,#2439,.F.);
#3611=ORIENTED_EDGE('',*,*,#2660,.F.);
#3612=ORIENTED_EDGE('',*,*,#2662,.F.);
#3613=ORIENTED_EDGE('',*,*,#2507,.T.);
#3614=ORIENTED_EDGE('',*,*,#2633,.T.);
#3615=ORIENTED_EDGE('',*,*,#2407,.F.);
#3616=ORIENTED_EDGE('',*,*,#2663,.F.);
#3617=ORIENTED_EDGE('',*,*,#2347,.F.);
#3618=ORIENTED_EDGE('',*,*,#2410,.F.);
#3619=ORIENTED_EDGE('',*,*,#2573,.T.);
#3620=ORIENTED_EDGE('',*,*,#2587,.F.);
#3621=ORIENTED_EDGE('',*,*,#2663,.T.);
#3622=ORIENTED_EDGE('',*,*,#2406,.F.);
#3623=ORIENTED_EDGE('',*,*,#2552,.T.);
#3624=ORIENTED_EDGE('',*,*,#2592,.F.);
#3625=ORIENTED_EDGE('',*,*,#2512,.T.);
#3626=ORIENTED_EDGE('',*,*,#2664,.T.);
#3627=ORIENTED_EDGE('',*,*,#2442,.F.);
#3628=ORIENTED_EDGE('',*,*,#2665,.F.);
#3629=ORIENTED_EDGE('',*,*,#2449,.T.);
#3630=ORIENTED_EDGE('',*,*,#2443,.F.);
#3631=ORIENTED_EDGE('',*,*,#2664,.F.);
#3632=ORIENTED_EDGE('',*,*,#2513,.F.);
#3633=ORIENTED_EDGE('',*,*,#2666,.F.);
#3634=ORIENTED_EDGE('',*,*,#2667,.T.);
#3635=ORIENTED_EDGE('',*,*,#2412,.F.);
#3636=ORIENTED_EDGE('',*,*,#2668,.F.);
#3637=ORIENTED_EDGE('',*,*,#2392,.F.);
#3638=ORIENTED_EDGE('',*,*,#2414,.F.);
#3639=ORIENTED_EDGE('',*,*,#2669,.F.);
#3640=ORIENTED_EDGE('',*,*,#2670,.F.);
#3641=ORIENTED_EDGE('',*,*,#2668,.T.);
#3642=ORIENTED_EDGE('',*,*,#2411,.F.);
#3643=ORIENTED_EDGE('',*,*,#2349,.F.);
#3644=ORIENTED_EDGE('',*,*,#2671,.F.);
#3645=ORIENTED_EDGE('',*,*,#2669,.T.);
#3646=ORIENTED_EDGE('',*,*,#2413,.F.);
#3647=ORIENTED_EDGE('',*,*,#2667,.F.);
#3648=ORIENTED_EDGE('',*,*,#2672,.T.);
#3649=ORIENTED_EDGE('',*,*,#2673,.T.);
#3650=ORIENTED_EDGE('',*,*,#2468,.T.);
#3651=ORIENTED_EDGE('',*,*,#2674,.F.);
#3652=ORIENTED_EDGE('',*,*,#2284,.F.);
#3653=ORIENTED_EDGE('',*,*,#2469,.T.);
#3654=ORIENTED_EDGE('',*,*,#2673,.F.);
#3655=ORIENTED_EDGE('',*,*,#2675,.T.);
#3656=ORIENTED_EDGE('',*,*,#2676,.T.);
#3657=ORIENTED_EDGE('',*,*,#2466,.T.);
#3658=ORIENTED_EDGE('',*,*,#2467,.T.);
#3659=ORIENTED_EDGE('',*,*,#2676,.F.);
#3660=ORIENTED_EDGE('',*,*,#2677,.T.);
#3661=ORIENTED_EDGE('',*,*,#2674,.T.);
#3662=ORIENTED_EDGE('',*,*,#2675,.F.);
#3663=ORIENTED_EDGE('',*,*,#2678,.F.);
#3664=ORIENTED_EDGE('',*,*,#2679,.T.);
#3665=ORIENTED_EDGE('',*,*,#2680,.T.);
#3666=ORIENTED_EDGE('',*,*,#2672,.F.);
#3667=ORIENTED_EDGE('',*,*,#2681,.T.);
#3668=ORIENTED_EDGE('',*,*,#2682,.T.);
#3669=ORIENTED_EDGE('',*,*,#2678,.T.);
#3670=ORIENTED_EDGE('',*,*,#2640,.T.);
#3671=ORIENTED_EDGE('',*,*,#2683,.T.);
#3672=ORIENTED_EDGE('',*,*,#2472,.T.);
#3673=ORIENTED_EDGE('',*,*,#2684,.F.);
#3674=ORIENTED_EDGE('',*,*,#2289,.F.);
#3675=ORIENTED_EDGE('',*,*,#2473,.T.);
#3676=ORIENTED_EDGE('',*,*,#2683,.F.);
#3677=ORIENTED_EDGE('',*,*,#2685,.T.);
#3678=ORIENTED_EDGE('',*,*,#2686,.T.);
#3679=ORIENTED_EDGE('',*,*,#2470,.T.);
#3680=ORIENTED_EDGE('',*,*,#2471,.T.);
#3681=ORIENTED_EDGE('',*,*,#2686,.F.);
#3682=ORIENTED_EDGE('',*,*,#2687,.T.);
#3683=ORIENTED_EDGE('',*,*,#2684,.T.);
#3684=ORIENTED_EDGE('',*,*,#2636,.T.);
#3685=ORIENTED_EDGE('',*,*,#2688,.F.);
#3686=ORIENTED_EDGE('',*,*,#2685,.F.);
#3687=ORIENTED_EDGE('',*,*,#2639,.T.);
#3688=ORIENTED_EDGE('',*,*,#2300,.F.);
#3689=ORIENTED_EDGE('',*,*,#2461,.T.);
#3690=ORIENTED_EDGE('',*,*,#2689,.T.);
#3691=ORIENTED_EDGE('',*,*,#2690,.T.);
#3692=ORIENTED_EDGE('',*,*,#2691,.T.);
#3693=ORIENTED_EDGE('',*,*,#2458,.T.);
#3694=ORIENTED_EDGE('',*,*,#2459,.T.);
#3695=ORIENTED_EDGE('',*,*,#2691,.F.);
#3696=ORIENTED_EDGE('',*,*,#2692,.T.);
#3697=ORIENTED_EDGE('',*,*,#2693,.T.);
#3698=ORIENTED_EDGE('',*,*,#2460,.T.);
#3699=ORIENTED_EDGE('',*,*,#2693,.F.);
#3700=ORIENTED_EDGE('',*,*,#2646,.T.);
#3701=ORIENTED_EDGE('',*,*,#2689,.F.);
#3702=ORIENTED_EDGE('',*,*,#2644,.T.);
#3703=ORIENTED_EDGE('',*,*,#2647,.F.);
#3704=ORIENTED_EDGE('',*,*,#2692,.F.);
#3705=ORIENTED_EDGE('',*,*,#2694,.T.);
#3706=ORIENTED_EDGE('',*,*,#2642,.T.);
#3707=ORIENTED_EDGE('',*,*,#2694,.F.);
#3708=ORIENTED_EDGE('',*,*,#2690,.F.);
#3709=ORIENTED_EDGE('',*,*,#2645,.T.);
#3710=ORIENTED_EDGE('',*,*,#2695,.T.);
#3711=ORIENTED_EDGE('',*,*,#2696,.T.);
#3712=ORIENTED_EDGE('',*,*,#2464,.T.);
#3713=ORIENTED_EDGE('',*,*,#2697,.F.);
#3714=ORIENTED_EDGE('',*,*,#2305,.F.);
#3715=ORIENTED_EDGE('',*,*,#2465,.T.);
#3716=ORIENTED_EDGE('',*,*,#2696,.F.);
#3717=ORIENTED_EDGE('',*,*,#2698,.T.);
#3718=ORIENTED_EDGE('',*,*,#2699,.T.);
#3719=ORIENTED_EDGE('',*,*,#2462,.T.);
#3720=ORIENTED_EDGE('',*,*,#2463,.T.);
#3721=ORIENTED_EDGE('',*,*,#2699,.F.);
#3722=ORIENTED_EDGE('',*,*,#2700,.T.);
#3723=ORIENTED_EDGE('',*,*,#2697,.T.);
#3724=ORIENTED_EDGE('',*,*,#2698,.F.);
#3725=ORIENTED_EDGE('',*,*,#2701,.F.);
#3726=ORIENTED_EDGE('',*,*,#2702,.T.);
#3727=ORIENTED_EDGE('',*,*,#2703,.T.);
#3728=ORIENTED_EDGE('',*,*,#2695,.F.);
#3729=ORIENTED_EDGE('',*,*,#2704,.T.);
#3730=ORIENTED_EDGE('',*,*,#2705,.T.);
#3731=ORIENTED_EDGE('',*,*,#2701,.T.);
#3732=ORIENTED_EDGE('',*,*,#2706,.T.);
#3733=ORIENTED_EDGE('',*,*,#2707,.T.);
#3734=ORIENTED_EDGE('',*,*,#2661,.T.);
#3735=ORIENTED_EDGE('',*,*,#2708,.F.);
#3736=ORIENTED_EDGE('',*,*,#2709,.T.);
#3737=ORIENTED_EDGE('',*,*,#2434,.T.);
#3738=ORIENTED_EDGE('',*,*,#2707,.F.);
#3739=ORIENTED_EDGE('',*,*,#2710,.T.);
#3740=ORIENTED_EDGE('',*,*,#2659,.T.);
#3741=ORIENTED_EDGE('',*,*,#2709,.F.);
#3742=ORIENTED_EDGE('',*,*,#2711,.T.);
#3743=ORIENTED_EDGE('',*,*,#2708,.T.);
#3744=ORIENTED_EDGE('',*,*,#2710,.F.);
#3745=ORIENTED_EDGE('',*,*,#2712,.F.);
#3746=ORIENTED_EDGE('',*,*,#2713,.T.);
#3747=ORIENTED_EDGE('',*,*,#2714,.T.);
#3748=ORIENTED_EDGE('',*,*,#2706,.F.);
#3749=ORIENTED_EDGE('',*,*,#2715,.T.);
#3750=ORIENTED_EDGE('',*,*,#2716,.T.);
#3751=ORIENTED_EDGE('',*,*,#2712,.T.);
#3752=ORIENTED_EDGE('',*,*,#2717,.T.);
#3753=ORIENTED_EDGE('',*,*,#2718,.T.);
#3754=ORIENTED_EDGE('',*,*,#2671,.T.);
#3755=ORIENTED_EDGE('',*,*,#2719,.F.);
#3756=ORIENTED_EDGE('',*,*,#2720,.T.);
#3757=ORIENTED_EDGE('',*,*,#2670,.T.);
#3758=ORIENTED_EDGE('',*,*,#2718,.F.);
#3759=ORIENTED_EDGE('',*,*,#2721,.T.);
#3760=ORIENTED_EDGE('',*,*,#2666,.T.);
#3761=ORIENTED_EDGE('',*,*,#2720,.F.);
#3762=ORIENTED_EDGE('',*,*,#2722,.T.);
#3763=ORIENTED_EDGE('',*,*,#2719,.T.);
#3764=ORIENTED_EDGE('',*,*,#2721,.F.);
#3765=ORIENTED_EDGE('',*,*,#2723,.F.);
#3766=ORIENTED_EDGE('',*,*,#2724,.T.);
#3767=ORIENTED_EDGE('',*,*,#2725,.T.);
#3768=ORIENTED_EDGE('',*,*,#2717,.F.);
#3769=ORIENTED_EDGE('',*,*,#2726,.T.);
#3770=ORIENTED_EDGE('',*,*,#2727,.T.);
#3771=ORIENTED_EDGE('',*,*,#2723,.T.);
#3772=ORIENTED_EDGE('',*,*,#2588,.F.);
#3773=ORIENTED_EDGE('',*,*,#2582,.F.);
#3774=ORIENTED_EDGE('',*,*,#2583,.F.);
#3775=ORIENTED_EDGE('',*,*,#2662,.T.);
#3776=ORIENTED_EDGE('',*,*,#2586,.F.);
#3777=ORIENTED_EDGE('',*,*,#2728,.T.);
#3778=ORIENTED_EDGE('',*,*,#2597,.F.);
#3779=ORIENTED_EDGE('',*,*,#2651,.T.);
#3780=ORIENTED_EDGE('',*,*,#2729,.T.);
#3781=ORIENTED_EDGE('',*,*,#2585,.F.);
#3782=ORIENTED_EDGE('',*,*,#2654,.F.);
#3783=ORIENTED_EDGE('',*,*,#2657,.T.);
#3784=ORIENTED_EDGE('',*,*,#2559,.T.);
#3785=ORIENTED_EDGE('',*,*,#2665,.T.);
#3786=ORIENTED_EDGE('',*,*,#2591,.F.);
#3787=ORIENTED_EDGE('',*,*,#2558,.F.);
#3788=ORIENTED_EDGE('',*,*,#2567,.T.);
#3789=ORIENTED_EDGE('',*,*,#2555,.F.);
#3790=ORIENTED_EDGE('',*,*,#2648,.T.);
#3791=ORIENTED_EDGE('',*,*,#2730,.T.);
#3792=ORIENTED_EDGE('',*,*,#2560,.F.);
#3793=ORIENTED_EDGE('',*,*,#2656,.F.);
#3794=ORIENTED_EDGE('',*,*,#2713,.F.);
#3795=ORIENTED_EDGE('',*,*,#2716,.F.);
#3796=ORIENTED_EDGE('',*,*,#2731,.F.);
#3797=ORIENTED_EDGE('',*,*,#2711,.F.);
#3798=ORIENTED_EDGE('',*,*,#2714,.F.);
#3799=ORIENTED_EDGE('',*,*,#2731,.T.);
#3800=ORIENTED_EDGE('',*,*,#2715,.F.);
#3801=ORIENTED_EDGE('',*,*,#2653,.T.);
#3802=ORIENTED_EDGE('',*,*,#2655,.F.);
#3803=ORIENTED_EDGE('',*,*,#2728,.F.);
#3804=ORIENTED_EDGE('',*,*,#2729,.F.);
#3805=ORIENTED_EDGE('',*,*,#2650,.T.);
#3806=ORIENTED_EDGE('',*,*,#2658,.F.);
#3807=ORIENTED_EDGE('',*,*,#2590,.F.);
#3808=ORIENTED_EDGE('',*,*,#2730,.F.);
#3809=ORIENTED_EDGE('',*,*,#2724,.F.);
#3810=ORIENTED_EDGE('',*,*,#2727,.F.);
#3811=ORIENTED_EDGE('',*,*,#2732,.F.);
#3812=ORIENTED_EDGE('',*,*,#2722,.F.);
#3813=ORIENTED_EDGE('',*,*,#2725,.F.);
#3814=ORIENTED_EDGE('',*,*,#2732,.T.);
#3815=ORIENTED_EDGE('',*,*,#2726,.F.);
#3816=ORIENTED_EDGE('',*,*,#2702,.F.);
#3817=ORIENTED_EDGE('',*,*,#2705,.F.);
#3818=ORIENTED_EDGE('',*,*,#2733,.F.);
#3819=ORIENTED_EDGE('',*,*,#2700,.F.);
#3820=ORIENTED_EDGE('',*,*,#2703,.F.);
#3821=ORIENTED_EDGE('',*,*,#2733,.T.);
#3822=ORIENTED_EDGE('',*,*,#2704,.F.);
#3823=ORIENTED_EDGE('',*,*,#2679,.F.);
#3824=ORIENTED_EDGE('',*,*,#2682,.F.);
#3825=ORIENTED_EDGE('',*,*,#2734,.F.);
#3826=ORIENTED_EDGE('',*,*,#2677,.F.);
#3827=ORIENTED_EDGE('',*,*,#2680,.F.);
#3828=ORIENTED_EDGE('',*,*,#2734,.T.);
#3829=ORIENTED_EDGE('',*,*,#2681,.F.);
#3830=ORIENTED_EDGE('',*,*,#2638,.T.);
#3831=ORIENTED_EDGE('',*,*,#2641,.F.);
#3832=ORIENTED_EDGE('',*,*,#2687,.F.);
#3833=ORIENTED_EDGE('',*,*,#2688,.T.);
#3834=ORIENTED_EDGE('',*,*,#2492,.T.);
#3835=ORIENTED_EDGE('',*,*,#2735,.T.);
#3836=ORIENTED_EDGE('',*,*,#2485,.T.);
#3837=ORIENTED_EDGE('',*,*,#2736,.T.);
#3838=ORIENTED_EDGE('',*,*,#2736,.F.);
#3839=ORIENTED_EDGE('',*,*,#2484,.F.);
#3840=ORIENTED_EDGE('',*,*,#2737,.F.);
#3841=ORIENTED_EDGE('',*,*,#2493,.F.);
#3842=ORIENTED_EDGE('',*,*,#2616,.T.);
#3843=ORIENTED_EDGE('',*,*,#2611,.T.);
#3844=ORIENTED_EDGE('',*,*,#2634,.T.);
#3845=ORIENTED_EDGE('',*,*,#2494,.F.);
#3846=ORIENTED_EDGE('',*,*,#2737,.T.);
#3847=ORIENTED_EDGE('',*,*,#2483,.F.);
#3848=ORIENTED_EDGE('',*,*,#2738,.F.);
#3849=ORIENTED_EDGE('',*,*,#2735,.F.);
#3850=ORIENTED_EDGE('',*,*,#2491,.F.);
#3851=ORIENTED_EDGE('',*,*,#2455,.T.);
#3852=ORIENTED_EDGE('',*,*,#2486,.T.);
#3853=ORIENTED_EDGE('',*,*,#2625,.T.);
#3854=ORIENTED_EDGE('',*,*,#2495,.F.);
#3855=ORIENTED_EDGE('',*,*,#2738,.T.);
#3856=ORIENTED_EDGE('',*,*,#2482,.T.);
#3857=ORIENTED_EDGE('',*,*,#2315,.F.);
#3858=ORIENTED_EDGE('',*,*,#2487,.F.);
#3859=ORIENTED_EDGE('',*,*,#2453,.F.);
#3860=ORIENTED_EDGE('',*,*,#2739,.F.);
#3861=ORIENTED_EDGE('',*,*,#2474,.F.);
#3862=ORIENTED_EDGE('',*,*,#2283,.F.);
#3863=ORIENTED_EDGE('',*,*,#2475,.T.);
#3864=ORIENTED_EDGE('',*,*,#2739,.T.);
#3865=ORIENTED_EDGE('',*,*,#2452,.T.);
#3866=ORIENTED_EDGE('',*,*,#2338,.F.);
#3867=ORIENTED_EDGE('',*,*,#2341,.F.);
#3868=ORIENTED_EDGE('',*,*,#2343,.F.);
#3869=ORIENTED_EDGE('',*,*,#2457,.F.);
#3870=ORIENTED_EDGE('',*,*,#2490,.F.);
#3871=ORIENTED_EDGE('',*,*,#2740,.T.);
#3872=ORIENTED_EDGE('',*,*,#2741,.T.);
#3873=ORIENTED_EDGE('',*,*,#2742,.T.);
#3874=ORIENTED_EDGE('',*,*,#2743,.T.);
#3875=ORIENTED_EDGE('',*,*,#2744,.T.);
#3876=ORIENTED_EDGE('',*,*,#2745,.T.);
#3877=ORIENTED_EDGE('',*,*,#2742,.F.);
#3878=ORIENTED_EDGE('',*,*,#2746,.T.);
#3879=ORIENTED_EDGE('',*,*,#2747,.T.);
#3880=ORIENTED_EDGE('',*,*,#2748,.T.);
#3881=ORIENTED_EDGE('',*,*,#2749,.T.);
#3882=ORIENTED_EDGE('',*,*,#2750,.T.);
#3883=ORIENTED_EDGE('',*,*,#2751,.T.);
#3884=ORIENTED_EDGE('',*,*,#2744,.F.);
#3885=ORIENTED_EDGE('',*,*,#2752,.T.);
#3886=ORIENTED_EDGE('',*,*,#2753,.T.);
#3887=ORIENTED_EDGE('',*,*,#2754,.T.);
#3888=ORIENTED_EDGE('',*,*,#2755,.T.);
#3889=ORIENTED_EDGE('',*,*,#2756,.T.);
#3890=ORIENTED_EDGE('',*,*,#2743,.F.);
#3891=ORIENTED_EDGE('',*,*,#2745,.F.);
#3892=ORIENTED_EDGE('',*,*,#2751,.F.);
#3893=ORIENTED_EDGE('',*,*,#2757,.F.);
#3894=ORIENTED_EDGE('',*,*,#2758,.F.);
#3895=ORIENTED_EDGE('',*,*,#2750,.F.);
#3896=ORIENTED_EDGE('',*,*,#2759,.T.);
#3897=ORIENTED_EDGE('',*,*,#2760,.F.);
#3898=ORIENTED_EDGE('',*,*,#2761,.T.);
#3899=ORIENTED_EDGE('',*,*,#2762,.T.);
#3900=ORIENTED_EDGE('',*,*,#2763,.T.);
#3901=ORIENTED_EDGE('',*,*,#2764,.T.);
#3902=ORIENTED_EDGE('',*,*,#2765,.T.);
#3903=ORIENTED_EDGE('',*,*,#2766,.T.);
#3904=ORIENTED_EDGE('',*,*,#2757,.T.);
#3905=ORIENTED_EDGE('',*,*,#2749,.F.);
#3906=ORIENTED_EDGE('',*,*,#2767,.T.);
#3907=ORIENTED_EDGE('',*,*,#2755,.F.);
#3908=ORIENTED_EDGE('',*,*,#2768,.T.);
#3909=ORIENTED_EDGE('',*,*,#2769,.F.);
#3910=ORIENTED_EDGE('',*,*,#2770,.T.);
#3911=ORIENTED_EDGE('',*,*,#2771,.T.);
#3912=ORIENTED_EDGE('',*,*,#2772,.F.);
#3913=ORIENTED_EDGE('',*,*,#2773,.T.);
#3914=ORIENTED_EDGE('',*,*,#2774,.T.);
#3915=ORIENTED_EDGE('',*,*,#2775,.F.);
#3916=ORIENTED_EDGE('',*,*,#2759,.F.);
#3917=ORIENTED_EDGE('',*,*,#2747,.F.);
#3918=ORIENTED_EDGE('',*,*,#2767,.F.);
#3919=ORIENTED_EDGE('',*,*,#2748,.F.);
#3920=ORIENTED_EDGE('',*,*,#2776,.T.);
#3921=ORIENTED_EDGE('',*,*,#2777,.F.);
#3922=ORIENTED_EDGE('',*,*,#2776,.F.);
#3923=ORIENTED_EDGE('',*,*,#2778,.T.);
#3924=ORIENTED_EDGE('',*,*,#2779,.T.);
#3925=ORIENTED_EDGE('',*,*,#2780,.T.);
#3926=ORIENTED_EDGE('',*,*,#2781,.T.);
#3927=ORIENTED_EDGE('',*,*,#2782,.T.);
#3928=ORIENTED_EDGE('',*,*,#2783,.T.);
#3929=ORIENTED_EDGE('',*,*,#2780,.F.);
#3930=ORIENTED_EDGE('',*,*,#2784,.T.);
#3931=ORIENTED_EDGE('',*,*,#2785,.T.);
#3932=ORIENTED_EDGE('',*,*,#2786,.T.);
#3933=ORIENTED_EDGE('',*,*,#2782,.F.);
#3934=ORIENTED_EDGE('',*,*,#2787,.T.);
#3935=ORIENTED_EDGE('',*,*,#2760,.T.);
#3936=ORIENTED_EDGE('',*,*,#2775,.T.);
#3937=ORIENTED_EDGE('',*,*,#2788,.T.);
#3938=ORIENTED_EDGE('',*,*,#2772,.T.);
#3939=ORIENTED_EDGE('',*,*,#2740,.F.);
#3940=ORIENTED_EDGE('',*,*,#2756,.F.);
#3941=ORIENTED_EDGE('',*,*,#2789,.T.);
#3942=ORIENTED_EDGE('',*,*,#2790,.F.);
#3943=ORIENTED_EDGE('',*,*,#2791,.T.);
#3944=ORIENTED_EDGE('',*,*,#2792,.T.);
#3945=ORIENTED_EDGE('',*,*,#2793,.F.);
#3946=ORIENTED_EDGE('',*,*,#2794,.F.);
#3947=ORIENTED_EDGE('',*,*,#2795,.T.);
#3948=ORIENTED_EDGE('',*,*,#2796,.F.);
#3949=ORIENTED_EDGE('',*,*,#2797,.T.);
#3950=ORIENTED_EDGE('',*,*,#2798,.T.);
#3951=ORIENTED_EDGE('',*,*,#2778,.F.);
#3952=ORIENTED_EDGE('',*,*,#2799,.F.);
#3953=ORIENTED_EDGE('',*,*,#2800,.T.);
#3954=ORIENTED_EDGE('',*,*,#2801,.T.);
#3955=ORIENTED_EDGE('',*,*,#2741,.F.);
#3956=ORIENTED_EDGE('',*,*,#2799,.T.);
#3957=ORIENTED_EDGE('',*,*,#2781,.F.);
#3958=ORIENTED_EDGE('',*,*,#2802,.F.);
#3959=ORIENTED_EDGE('',*,*,#2746,.F.);
#3960=ORIENTED_EDGE('',*,*,#2802,.T.);
#3961=ORIENTED_EDGE('',*,*,#2783,.F.);
#3962=ORIENTED_EDGE('',*,*,#2803,.T.);
#3963=ORIENTED_EDGE('',*,*,#2804,.T.);
#3964=ORIENTED_EDGE('',*,*,#2769,.T.);
#3965=ORIENTED_EDGE('',*,*,#2805,.T.);
#3966=ORIENTED_EDGE('',*,*,#2806,.T.);
#3967=ORIENTED_EDGE('',*,*,#2786,.F.);
#3968=ORIENTED_EDGE('',*,*,#2807,.T.);
#3969=ORIENTED_EDGE('',*,*,#2803,.F.);
#3970=ORIENTED_EDGE('',*,*,#2785,.F.);
#3971=ORIENTED_EDGE('',*,*,#2771,.F.);
#3972=ORIENTED_EDGE('',*,*,#2808,.T.);
#3973=ORIENTED_EDGE('',*,*,#2809,.F.);
#3974=ORIENTED_EDGE('',*,*,#2808,.F.);
#3975=ORIENTED_EDGE('',*,*,#2770,.F.);
#3976=ORIENTED_EDGE('',*,*,#2804,.F.);
#3977=ORIENTED_EDGE('',*,*,#2807,.F.);
#3978=ORIENTED_EDGE('',*,*,#2810,.F.);
#3979=ORIENTED_EDGE('',*,*,#2811,.F.);
#3980=ORIENTED_EDGE('',*,*,#2812,.T.);
#3981=ORIENTED_EDGE('',*,*,#2813,.F.);
#3982=ORIENTED_EDGE('',*,*,#2814,.F.);
#3983=ORIENTED_EDGE('',*,*,#2815,.F.);
#3984=ORIENTED_EDGE('',*,*,#2816,.T.);
#3985=ORIENTED_EDGE('',*,*,#2817,.F.);
#3986=ORIENTED_EDGE('',*,*,#2818,.F.);
#3987=ORIENTED_EDGE('',*,*,#2812,.F.);
#3988=ORIENTED_EDGE('',*,*,#2819,.F.);
#3989=ORIENTED_EDGE('',*,*,#2816,.F.);
#3990=ORIENTED_EDGE('',*,*,#2817,.T.);
#3991=ORIENTED_EDGE('',*,*,#2819,.T.);
#3992=ORIENTED_EDGE('',*,*,#2811,.T.);
#3993=ORIENTED_EDGE('',*,*,#2820,.F.);
#3994=ORIENTED_EDGE('',*,*,#2821,.T.);
#3995=ORIENTED_EDGE('',*,*,#2789,.F.);
#3996=ORIENTED_EDGE('',*,*,#2758,.T.);
#3997=ORIENTED_EDGE('',*,*,#2766,.F.);
#3998=ORIENTED_EDGE('',*,*,#2822,.T.);
#3999=ORIENTED_EDGE('',*,*,#2823,.T.);
#4000=ORIENTED_EDGE('',*,*,#2824,.T.);
#4001=ORIENTED_EDGE('',*,*,#2825,.F.);
#4002=ORIENTED_EDGE('',*,*,#2826,.T.);
#4003=ORIENTED_EDGE('',*,*,#2810,.T.);
#4004=ORIENTED_EDGE('',*,*,#2827,.T.);
#4005=ORIENTED_EDGE('',*,*,#2828,.T.);
#4006=ORIENTED_EDGE('',*,*,#2829,.F.);
#4007=ORIENTED_EDGE('',*,*,#2830,.T.);
#4008=ORIENTED_EDGE('',*,*,#2820,.T.);
#4009=ORIENTED_EDGE('',*,*,#2814,.T.);
#4010=ORIENTED_EDGE('',*,*,#2825,.T.);
#4011=ORIENTED_EDGE('',*,*,#2831,.T.);
#4012=ORIENTED_EDGE('',*,*,#2832,.T.);
#4013=ORIENTED_EDGE('',*,*,#2833,.T.);
#4014=ORIENTED_EDGE('',*,*,#2834,.T.);
#4015=ORIENTED_EDGE('',*,*,#2835,.T.);
#4016=ORIENTED_EDGE('',*,*,#2836,.F.);
#4017=ORIENTED_EDGE('',*,*,#2837,.T.);
#4018=ORIENTED_EDGE('',*,*,#2792,.F.);
#4019=ORIENTED_EDGE('',*,*,#2838,.T.);
#4020=ORIENTED_EDGE('',*,*,#2834,.F.);
#4021=ORIENTED_EDGE('',*,*,#2764,.F.);
#4022=ORIENTED_EDGE('',*,*,#2839,.F.);
#4023=ORIENTED_EDGE('',*,*,#2840,.F.);
#4024=ORIENTED_EDGE('',*,*,#2841,.F.);
#4025=ORIENTED_EDGE('',*,*,#2765,.F.);
#4026=ORIENTED_EDGE('',*,*,#2841,.T.);
#4027=ORIENTED_EDGE('',*,*,#2842,.F.);
#4028=ORIENTED_EDGE('',*,*,#2822,.F.);
#4029=ORIENTED_EDGE('',*,*,#2843,.F.);
#4030=ORIENTED_EDGE('',*,*,#2823,.F.);
#4031=ORIENTED_EDGE('',*,*,#2842,.T.);
#4032=ORIENTED_EDGE('',*,*,#2840,.T.);
#4033=ORIENTED_EDGE('',*,*,#2844,.F.);
#4034=ORIENTED_EDGE('',*,*,#2845,.F.);
#4035=ORIENTED_EDGE('',*,*,#2826,.F.);
#4036=ORIENTED_EDGE('',*,*,#2846,.T.);
#4037=ORIENTED_EDGE('',*,*,#2847,.T.);
#4038=ORIENTED_EDGE('',*,*,#2848,.T.);
#4039=ORIENTED_EDGE('',*,*,#2846,.F.);
#4040=ORIENTED_EDGE('',*,*,#2849,.F.);
#4041=ORIENTED_EDGE('',*,*,#2850,.T.);
#4042=ORIENTED_EDGE('',*,*,#2851,.T.);
#4043=ORIENTED_EDGE('',*,*,#2852,.T.);
#4044=ORIENTED_EDGE('',*,*,#2850,.F.);
#4045=ORIENTED_EDGE('',*,*,#2853,.T.);
#4046=ORIENTED_EDGE('',*,*,#2795,.F.);
#4047=ORIENTED_EDGE('',*,*,#2854,.F.);
#4048=ORIENTED_EDGE('',*,*,#2835,.F.);
#4049=ORIENTED_EDGE('',*,*,#2838,.F.);
#4050=ORIENTED_EDGE('',*,*,#2791,.F.);
#4051=ORIENTED_EDGE('',*,*,#2855,.T.);
#4052=ORIENTED_EDGE('',*,*,#2856,.F.);
#4053=ORIENTED_EDGE('',*,*,#2821,.F.);
#4054=ORIENTED_EDGE('',*,*,#2830,.F.);
#4055=ORIENTED_EDGE('',*,*,#2857,.F.);
#4056=ORIENTED_EDGE('',*,*,#2858,.F.);
#4057=ORIENTED_EDGE('',*,*,#2859,.F.);
#4058=ORIENTED_EDGE('',*,*,#2855,.F.);
#4059=ORIENTED_EDGE('',*,*,#2790,.T.);
#4060=ORIENTED_EDGE('',*,*,#2788,.F.);
#4061=ORIENTED_EDGE('',*,*,#2774,.F.);
#4062=ORIENTED_EDGE('',*,*,#2860,.T.);
#4063=ORIENTED_EDGE('',*,*,#2861,.F.);
#4064=ORIENTED_EDGE('',*,*,#2860,.F.);
#4065=ORIENTED_EDGE('',*,*,#2773,.F.);
#4066=ORIENTED_EDGE('',*,*,#2861,.T.);
#4067=ORIENTED_EDGE('',*,*,#2862,.T.);
#4068=ORIENTED_EDGE('',*,*,#2851,.F.);
#4069=ORIENTED_EDGE('',*,*,#2852,.F.);
#4070=ORIENTED_EDGE('',*,*,#2862,.F.);
#4071=ORIENTED_EDGE('',*,*,#2863,.T.);
#4072=ORIENTED_EDGE('',*,*,#2856,.T.);
#4073=ORIENTED_EDGE('',*,*,#2859,.T.);
#4074=ORIENTED_EDGE('',*,*,#2864,.T.);
#4075=ORIENTED_EDGE('',*,*,#2865,.T.);
#4076=ORIENTED_EDGE('',*,*,#2864,.F.);
#4077=ORIENTED_EDGE('',*,*,#2858,.T.);
#4078=ORIENTED_EDGE('',*,*,#2866,.T.);
#4079=ORIENTED_EDGE('',*,*,#2867,.T.);
#4080=ORIENTED_EDGE('',*,*,#2866,.F.);
#4081=ORIENTED_EDGE('',*,*,#2857,.T.);
#4082=ORIENTED_EDGE('',*,*,#2829,.T.);
#4083=ORIENTED_EDGE('',*,*,#2796,.T.);
#4084=ORIENTED_EDGE('',*,*,#2853,.F.);
#4085=ORIENTED_EDGE('',*,*,#2863,.F.);
#4086=ORIENTED_EDGE('',*,*,#2865,.F.);
#4087=ORIENTED_EDGE('',*,*,#2867,.F.);
#4088=ORIENTED_EDGE('',*,*,#2828,.F.);
#4089=ORIENTED_EDGE('',*,*,#2868,.F.);
#4090=ORIENTED_EDGE('',*,*,#2800,.F.);
#4091=ORIENTED_EDGE('',*,*,#2869,.T.);
#4092=ORIENTED_EDGE('',*,*,#2870,.T.);
#4093=ORIENTED_EDGE('',*,*,#2869,.F.);
#4094=ORIENTED_EDGE('',*,*,#2801,.F.);
#4095=ORIENTED_EDGE('',*,*,#2871,.T.);
#4096=ORIENTED_EDGE('',*,*,#2872,.T.);
#4097=ORIENTED_EDGE('',*,*,#2871,.F.);
#4098=ORIENTED_EDGE('',*,*,#2873,.T.);
#4099=ORIENTED_EDGE('',*,*,#2836,.T.);
#4100=ORIENTED_EDGE('',*,*,#2854,.T.);
#4101=ORIENTED_EDGE('',*,*,#2794,.T.);
#4102=ORIENTED_EDGE('',*,*,#2873,.F.);
#4103=ORIENTED_EDGE('',*,*,#2793,.T.);
#4104=ORIENTED_EDGE('',*,*,#2837,.F.);
#4105=ORIENTED_EDGE('',*,*,#2833,.F.);
#4106=ORIENTED_EDGE('',*,*,#2753,.F.);
#4107=ORIENTED_EDGE('',*,*,#2874,.F.);
#4108=ORIENTED_EDGE('',*,*,#2805,.F.);
#4109=ORIENTED_EDGE('',*,*,#2768,.F.);
#4110=ORIENTED_EDGE('',*,*,#2754,.F.);
#4111=ORIENTED_EDGE('',*,*,#2875,.T.);
#4112=ORIENTED_EDGE('',*,*,#2876,.F.);
#4113=ORIENTED_EDGE('',*,*,#2875,.F.);
#4114=ORIENTED_EDGE('',*,*,#2876,.T.);
#4115=ORIENTED_EDGE('',*,*,#2877,.T.);
#4116=ORIENTED_EDGE('',*,*,#2872,.F.);
#4117=ORIENTED_EDGE('',*,*,#2877,.F.);
#4118=ORIENTED_EDGE('',*,*,#2809,.T.);
#4119=ORIENTED_EDGE('',*,*,#2878,.T.);
#4120=ORIENTED_EDGE('',*,*,#2870,.F.);
#4121=ORIENTED_EDGE('',*,*,#2878,.F.);
#4122=ORIENTED_EDGE('',*,*,#2879,.T.);
#4123=ORIENTED_EDGE('',*,*,#2831,.F.);
#4124=ORIENTED_EDGE('',*,*,#2824,.F.);
#4125=ORIENTED_EDGE('',*,*,#2843,.T.);
#4126=ORIENTED_EDGE('',*,*,#2777,.T.);
#4127=ORIENTED_EDGE('',*,*,#2880,.T.);
#4128=ORIENTED_EDGE('',*,*,#2847,.F.);
#4129=ORIENTED_EDGE('',*,*,#2848,.F.);
#4130=ORIENTED_EDGE('',*,*,#2880,.F.);
#4131=ORIENTED_EDGE('',*,*,#2752,.F.);
#4132=ORIENTED_EDGE('',*,*,#2806,.F.);
#4133=ORIENTED_EDGE('',*,*,#2874,.T.);
#4134=ORIENTED_EDGE('',*,*,#2881,.F.);
#4135=ORIENTED_EDGE('',*,*,#2761,.F.);
#4136=ORIENTED_EDGE('',*,*,#2787,.F.);
#4137=ORIENTED_EDGE('',*,*,#2784,.F.);
#4138=ORIENTED_EDGE('',*,*,#2779,.F.);
#4139=ORIENTED_EDGE('',*,*,#2798,.F.);
#4140=ORIENTED_EDGE('',*,*,#2815,.T.);
#4141=ORIENTED_EDGE('',*,*,#2832,.F.);
#4142=ORIENTED_EDGE('',*,*,#2879,.F.);
#4143=ORIENTED_EDGE('',*,*,#2845,.T.);
#4144=ORIENTED_EDGE('',*,*,#2882,.T.);
#4145=ORIENTED_EDGE('',*,*,#2762,.F.);
#4146=ORIENTED_EDGE('',*,*,#2881,.T.);
#4147=ORIENTED_EDGE('',*,*,#2797,.F.);
#4148=ORIENTED_EDGE('',*,*,#2868,.T.);
#4149=ORIENTED_EDGE('',*,*,#2827,.F.);
#4150=ORIENTED_EDGE('',*,*,#2813,.T.);
#4151=ORIENTED_EDGE('',*,*,#2818,.T.);
#4152=ORIENTED_EDGE('',*,*,#2849,.T.);
#4153=ORIENTED_EDGE('',*,*,#2763,.F.);
#4154=ORIENTED_EDGE('',*,*,#2882,.F.);
#4155=ORIENTED_EDGE('',*,*,#2844,.T.);
#4156=ORIENTED_EDGE('',*,*,#2839,.T.);
#4157=ORIENTED_EDGE('',*,*,#2883,.F.);
#4158=ORIENTED_EDGE('',*,*,#2884,.F.);
#4159=ORIENTED_EDGE('',*,*,#2885,.F.);
#4160=ORIENTED_EDGE('',*,*,#2886,.T.);
#4161=ORIENTED_EDGE('',*,*,#2887,.F.);
#4162=ORIENTED_EDGE('',*,*,#2886,.F.);
#4163=ORIENTED_EDGE('',*,*,#2888,.F.);
#4164=ORIENTED_EDGE('',*,*,#2889,.F.);
#4165=ORIENTED_EDGE('',*,*,#2890,.T.);
#4166=ORIENTED_EDGE('',*,*,#2887,.T.);
#4167=ORIENTED_EDGE('',*,*,#2890,.F.);
#4168=ORIENTED_EDGE('',*,*,#2888,.T.);
#4169=ORIENTED_EDGE('',*,*,#2889,.T.);
#4170=ORIENTED_EDGE('',*,*,#2891,.T.);
#4171=ORIENTED_EDGE('',*,*,#2892,.T.);
#4172=ORIENTED_EDGE('',*,*,#2893,.T.);
#4173=ORIENTED_EDGE('',*,*,#2891,.F.);
#4174=ORIENTED_EDGE('',*,*,#2883,.T.);
#4175=ORIENTED_EDGE('',*,*,#2894,.T.);
#4176=ORIENTED_EDGE('',*,*,#2892,.F.);
#4177=ORIENTED_EDGE('',*,*,#2893,.F.);
#4178=ORIENTED_EDGE('',*,*,#2894,.F.);
#4179=ORIENTED_EDGE('',*,*,#2885,.T.);
#4180=ORIENTED_EDGE('',*,*,#2895,.T.);
#4181=ORIENTED_EDGE('',*,*,#2896,.F.);
#4182=ORIENTED_EDGE('',*,*,#2897,.T.);
#4183=ORIENTED_EDGE('',*,*,#2884,.T.);
#4184=ORIENTED_EDGE('',*,*,#2897,.F.);
#4185=ORIENTED_EDGE('',*,*,#2898,.F.);
#4186=ORIENTED_EDGE('',*,*,#2899,.T.);
#4187=ORIENTED_EDGE('',*,*,#2900,.T.);
#4188=ORIENTED_EDGE('',*,*,#2901,.T.);
#4189=ORIENTED_EDGE('',*,*,#2902,.T.);
#4190=ORIENTED_EDGE('',*,*,#2903,.F.);
#4191=ORIENTED_EDGE('',*,*,#2904,.T.);
#4192=ORIENTED_EDGE('',*,*,#2905,.F.);
#4193=ORIENTED_EDGE('',*,*,#2906,.F.);
#4194=ORIENTED_EDGE('',*,*,#2907,.F.);
#4195=ORIENTED_EDGE('',*,*,#2908,.F.);
#4196=ORIENTED_EDGE('',*,*,#2909,.F.);
#4197=ORIENTED_EDGE('',*,*,#2910,.F.);
#4198=ORIENTED_EDGE('',*,*,#2911,.F.);
#4199=ORIENTED_EDGE('',*,*,#2912,.T.);
#4200=ORIENTED_EDGE('',*,*,#2906,.T.);
#4201=ORIENTED_EDGE('',*,*,#2913,.T.);
#4202=ORIENTED_EDGE('',*,*,#2912,.F.);
#4203=ORIENTED_EDGE('',*,*,#2913,.F.);
#4204=ORIENTED_EDGE('',*,*,#2907,.T.);
#4205=ORIENTED_EDGE('',*,*,#2914,.T.);
#4206=ORIENTED_EDGE('',*,*,#2901,.F.);
#4207=ORIENTED_EDGE('',*,*,#2914,.F.);
#4208=ORIENTED_EDGE('',*,*,#2908,.T.);
#4209=ORIENTED_EDGE('',*,*,#2915,.T.);
#4210=ORIENTED_EDGE('',*,*,#2900,.F.);
#4211=ORIENTED_EDGE('',*,*,#2915,.F.);
#4212=ORIENTED_EDGE('',*,*,#2909,.T.);
#4213=ORIENTED_EDGE('',*,*,#2916,.T.);
#4214=ORIENTED_EDGE('',*,*,#2904,.F.);
#4215=ORIENTED_EDGE('',*,*,#2916,.F.);
#4216=ORIENTED_EDGE('',*,*,#2910,.T.);
#4217=ORIENTED_EDGE('',*,*,#2917,.T.);
#4218=ORIENTED_EDGE('',*,*,#2902,.F.);
#4219=ORIENTED_EDGE('',*,*,#2917,.F.);
#4220=ORIENTED_EDGE('',*,*,#2918,.T.);
#4221=ORIENTED_EDGE('',*,*,#2919,.T.);
#4222=ORIENTED_EDGE('',*,*,#2920,.T.);
#4223=ORIENTED_EDGE('',*,*,#2921,.F.);
#4224=ORIENTED_EDGE('',*,*,#2922,.F.);
#4225=ORIENTED_EDGE('',*,*,#2920,.F.);
#4226=ORIENTED_EDGE('',*,*,#2918,.F.);
#4227=ORIENTED_EDGE('',*,*,#2919,.F.);
#4228=ORIENTED_EDGE('',*,*,#2923,.T.);
#4229=ORIENTED_EDGE('',*,*,#2903,.T.);
#4230=ORIENTED_EDGE('',*,*,#2923,.F.);
#4231=ORIENTED_EDGE('',*,*,#2896,.T.);
#4232=ORIENTED_EDGE('',*,*,#2924,.T.);
#4233=ORIENTED_EDGE('',*,*,#2921,.T.);
#4234=ORIENTED_EDGE('',*,*,#2922,.T.);
#4235=ORIENTED_EDGE('',*,*,#2924,.F.);
#4236=ORIENTED_EDGE('',*,*,#2898,.T.);
#4237=ORIENTED_EDGE('',*,*,#2895,.F.);
#4238=ORIENTED_EDGE('',*,*,#2925,.T.);
#4239=ORIENTED_EDGE('',*,*,#2911,.T.);
#4240=ORIENTED_EDGE('',*,*,#2925,.F.);
#4241=ORIENTED_EDGE('',*,*,#2899,.F.);
#4242=ORIENTED_EDGE('',*,*,#2926,.T.);
#4243=ORIENTED_EDGE('',*,*,#2905,.T.);
#4244=ORIENTED_EDGE('',*,*,#2926,.F.);
#4245=ORIENTED_EDGE('',*,*,#2927,.F.);
#4246=ORIENTED_EDGE('',*,*,#2928,.T.);
#4247=ORIENTED_EDGE('',*,*,#2929,.F.);
#4248=ORIENTED_EDGE('',*,*,#2928,.F.);
#4249=ORIENTED_EDGE('',*,*,#2930,.F.);
#4250=ORIENTED_EDGE('',*,*,#2931,.T.);
#4251=ORIENTED_EDGE('',*,*,#2932,.F.);
#4252=ORIENTED_EDGE('',*,*,#2931,.F.);
#4253=ORIENTED_EDGE('',*,*,#2933,.T.);
#4254=ORIENTED_EDGE('',*,*,#2934,.T.);
#4255=ORIENTED_EDGE('',*,*,#2935,.F.);
#4256=ORIENTED_EDGE('',*,*,#2936,.F.);
#4257=ORIENTED_EDGE('',*,*,#2927,.T.);
#4258=ORIENTED_EDGE('',*,*,#2930,.T.);
#4259=ORIENTED_EDGE('',*,*,#2937,.T.);
#4260=ORIENTED_EDGE('',*,*,#2936,.T.);
#4261=ORIENTED_EDGE('',*,*,#2938,.F.);
#4262=ORIENTED_EDGE('',*,*,#2939,.F.);
#4263=ORIENTED_EDGE('',*,*,#2932,.T.);
#4264=ORIENTED_EDGE('',*,*,#2940,.T.);
#4265=ORIENTED_EDGE('',*,*,#2939,.T.);
#4266=ORIENTED_EDGE('',*,*,#2941,.F.);
#4267=ORIENTED_EDGE('',*,*,#2942,.F.);
#4268=ORIENTED_EDGE('',*,*,#2943,.F.);
#4269=ORIENTED_EDGE('',*,*,#2942,.T.);
#4270=ORIENTED_EDGE('',*,*,#2944,.F.);
#4271=ORIENTED_EDGE('',*,*,#2934,.F.);
#4272=ORIENTED_EDGE('',*,*,#2929,.T.);
#4273=ORIENTED_EDGE('',*,*,#2943,.T.);
#4274=ORIENTED_EDGE('',*,*,#2933,.F.);
#4275=ORIENTED_EDGE('',*,*,#2937,.F.);
#4276=ORIENTED_EDGE('',*,*,#2940,.F.);
#4277=ORIENTED_EDGE('',*,*,#2944,.T.);
#4278=ORIENTED_EDGE('',*,*,#2941,.T.);
#4279=ORIENTED_EDGE('',*,*,#2938,.T.);
#4280=ORIENTED_EDGE('',*,*,#2935,.T.);
#4281=CYLINDRICAL_SURFACE('',#4694,1.);
#4282=CYLINDRICAL_SURFACE('',#4700,1.);
#4283=CYLINDRICAL_SURFACE('',#4705,1.);
#4284=CYLINDRICAL_SURFACE('',#4710,1.);
#4285=CYLINDRICAL_SURFACE('',#4715,1.);
#4286=CYLINDRICAL_SURFACE('',#4719,2.);
#4287=CYLINDRICAL_SURFACE('',#4723,2.);
#4288=CYLINDRICAL_SURFACE('',#4729,2.);
#4289=CYLINDRICAL_SURFACE('',#4731,1.);
#4290=CYLINDRICAL_SURFACE('',#4734,1.);
#4291=CYLINDRICAL_SURFACE('',#4736,1.);
#4292=CYLINDRICAL_SURFACE('',#4743,1.);
#4293=CYLINDRICAL_SURFACE('',#4746,1.);
#4294=CYLINDRICAL_SURFACE('',#4752,1.);
#4295=CYLINDRICAL_SURFACE('',#4754,1.);
#4296=CYLINDRICAL_SURFACE('',#4758,1.);
#4297=CYLINDRICAL_SURFACE('',#4760,1.);
#4298=CYLINDRICAL_SURFACE('',#4762,1.);
#4299=CYLINDRICAL_SURFACE('',#4766,1.);
#4300=CYLINDRICAL_SURFACE('',#4768,1.);
#4301=CYLINDRICAL_SURFACE('',#4771,1.);
#4302=CYLINDRICAL_SURFACE('',#4784,1.2);
#4303=CYLINDRICAL_SURFACE('',#4793,1.2);
#4304=CYLINDRICAL_SURFACE('',#4812,1.05);
#4305=CYLINDRICAL_SURFACE('',#4816,1.05);
#4306=CYLINDRICAL_SURFACE('',#4822,1.1);
#4307=CYLINDRICAL_SURFACE('',#4826,1.1);
#4308=CYLINDRICAL_SURFACE('',#4828,3.);
#4309=CYLINDRICAL_SURFACE('',#4837,1.);
#4310=CYLINDRICAL_SURFACE('',#4840,1.);
#4311=CYLINDRICAL_SURFACE('',#4843,1.);
#4312=CYLINDRICAL_SURFACE('',#4845,1.);
#4313=CYLINDRICAL_SURFACE('',#4862,0.2);
#4314=CYLINDRICAL_SURFACE('',#4866,0.2);
#4315=CYLINDRICAL_SURFACE('',#4872,0.2);
#4316=CYLINDRICAL_SURFACE('',#4877,0.2);
#4317=CYLINDRICAL_SURFACE('',#4886,0.2);
#4318=CYLINDRICAL_SURFACE('',#4891,0.2);
#4319=CYLINDRICAL_SURFACE('',#4897,1.05);
#4320=CYLINDRICAL_SURFACE('',#4900,1.05);
#4321=CYLINDRICAL_SURFACE('',#4904,1.);
#4322=CYLINDRICAL_SURFACE('',#4916,1.);
#4323=CYLINDRICAL_SURFACE('',#4938,1.2);
#4324=CYLINDRICAL_SURFACE('',#4942,1.2);
#4325=CYLINDRICAL_SURFACE('',#4945,0.2);
#4326=CYLINDRICAL_SURFACE('',#4951,0.2);
#4327=CYLINDRICAL_SURFACE('',#4952,1.);
#4328=CYLINDRICAL_SURFACE('',#4955,0.2);
#4329=CYLINDRICAL_SURFACE('',#4961,0.2);
#4330=CYLINDRICAL_SURFACE('',#4962,1.);
#4331=CYLINDRICAL_SURFACE('',#4966,0.2);
#4332=CYLINDRICAL_SURFACE('',#4968,0.2);
#4333=CYLINDRICAL_SURFACE('',#4970,1.);
#4334=CYLINDRICAL_SURFACE('',#4971,0.2);
#4335=CYLINDRICAL_SURFACE('',#4977,0.2);
#4336=CYLINDRICAL_SURFACE('',#4978,1.);
#4337=CYLINDRICAL_SURFACE('',#4981,0.2);
#4338=CYLINDRICAL_SURFACE('',#4987,0.2);
#4339=CYLINDRICAL_SURFACE('',#4988,1.);
#4340=CYLINDRICAL_SURFACE('',#4991,0.2);
#4341=CYLINDRICAL_SURFACE('',#4997,0.2);
#4342=CYLINDRICAL_SURFACE('',#4998,1.);
#4343=CYLINDRICAL_SURFACE('',#5002,0.2);
#4344=CYLINDRICAL_SURFACE('',#5003,1.);
#4345=CYLINDRICAL_SURFACE('',#5004,0.2);
#4346=CYLINDRICAL_SURFACE('',#5006,1.);
#4347=CYLINDRICAL_SURFACE('',#5026,4.375);
#4348=CYLINDRICAL_SURFACE('',#5027,4.375);
#4349=CYLINDRICAL_SURFACE('',#5030,2.);
#4350=CYLINDRICAL_SURFACE('',#5033,1.);
#4351=CYLINDRICAL_SURFACE('',#5039,1.);
#4352=CYLINDRICAL_SURFACE('',#5051,2.25);
#4353=CYLINDRICAL_SURFACE('',#5053,1.);
#4354=CYLINDRICAL_SURFACE('',#5059,1.);
#4355=CYLINDRICAL_SURFACE('',#5064,2.);
#4356=CYLINDRICAL_SURFACE('',#5067,2.25);
#4357=CYLINDRICAL_SURFACE('',#5069,8.1875);
#4358=CYLINDRICAL_SURFACE('',#5072,5.6875);
#4359=CYLINDRICAL_SURFACE('',#5087,1.05);
#4360=CYLINDRICAL_SURFACE('',#5090,1.05);
#4361=CYLINDRICAL_SURFACE('',#5096,2.25);
#4362=CYLINDRICAL_SURFACE('',#5103,1.05);
#4363=CYLINDRICAL_SURFACE('',#5105,1.05);
#4364=CYLINDRICAL_SURFACE('',#5109,2.25);
#4365=CYLINDRICAL_SURFACE('',#5114,4.375);
#4366=CYLINDRICAL_SURFACE('',#5124,8.);
#4367=CYLINDRICAL_SURFACE('',#5133,6.571);
#4368=CYLINDRICAL_SURFACE('',#5136,4.35);
#4369=CYLINDRICAL_SURFACE('',#5156,1.50000002235174);
#4370=CYLINDRICAL_SURFACE('',#5157,1.5);
#4371=CYLINDRICAL_SURFACE('',#5158,1.5);
#4372=CYLINDRICAL_SURFACE('',#5159,1.5);
#4373=CYLINDRICAL_SURFACE('',#5160,1.5);
#4374=CYLINDRICAL_SURFACE('',#5166,4.);
#4375=CYLINDRICAL_SURFACE('',#5168,2.075);
#4376=CYLINDRICAL_SURFACE('',#5169,9.6);
#4377=CYLINDRICAL_SURFACE('',#5171,1.1);
#4378=CYLINDRICAL_SURFACE('',#5174,1.1);
#4379=ADVANCED_FACE('',(#287),#4281,.T.);
#4380=ADVANCED_FACE('',(#288),#275,.F.);
#4381=ADVANCED_FACE('',(#289),#4282,.T.);
#4382=ADVANCED_FACE('',(#290),#276,.F.);
#4383=ADVANCED_FACE('',(#291),#4283,.T.);
#4384=ADVANCED_FACE('',(#292),#277,.F.);
#4385=ADVANCED_FACE('',(#293),#4284,.T.);
#4386=ADVANCED_FACE('',(#294),#278,.F.);
#4387=ADVANCED_FACE('',(#295),#4285,.T.);
#4388=ADVANCED_FACE('',(#296),#122,.F.);
#4389=ADVANCED_FACE('',(#297),#123,.F.);
#4390=ADVANCED_FACE('',(#298),#4286,.T.);
#4391=ADVANCED_FACE('',(#299),#124,.T.);
#4392=ADVANCED_FACE('',(#300),#4287,.T.);
#4393=ADVANCED_FACE('',(#301),#125,.F.);
#4394=ADVANCED_FACE('',(#302),#126,.F.);
#4395=ADVANCED_FACE('',(#303),#127,.F.);
#4396=ADVANCED_FACE('',(#304),#4288,.T.);
#4397=ADVANCED_FACE('',(#305),#4289,.T.);
#4398=ADVANCED_FACE('',(#306),#4290,.T.);
#4399=ADVANCED_FACE('',(#307),#4291,.T.);
#4400=ADVANCED_FACE('',(#308),#94,.T.);
#4401=ADVANCED_FACE('',(#309),#4292,.T.);
#4402=ADVANCED_FACE('',(#310),#4293,.T.);
#4403=ADVANCED_FACE('',(#311),#95,.T.);
#4404=ADVANCED_FACE('',(#312),#4294,.T.);
#4405=ADVANCED_FACE('',(#313),#4295,.T.);
#4406=ADVANCED_FACE('',(#314),#279,.F.);
#4407=ADVANCED_FACE('',(#315),#4296,.T.);
#4408=ADVANCED_FACE('',(#316),#4297,.T.);
#4409=ADVANCED_FACE('',(#317),#4298,.T.);
#4410=ADVANCED_FACE('',(#318),#280,.F.);
#4411=ADVANCED_FACE('',(#319),#4299,.T.);
#4412=ADVANCED_FACE('',(#320),#281,.F.);
#4413=ADVANCED_FACE('',(#321),#4300,.T.);
#4414=ADVANCED_FACE('',(#322),#4301,.T.);
#4415=ADVANCED_FACE('',(#323),#282,.F.);
#4416=ADVANCED_FACE('',(#324),#128,.T.);
#4417=ADVANCED_FACE('',(#325),#129,.T.);
#4418=ADVANCED_FACE('',(#326),#130,.T.);
#4419=ADVANCED_FACE('',(#327),#131,.T.);
#4420=ADVANCED_FACE('',(#328),#132,.T.);
#4421=ADVANCED_FACE('',(#329),#133,.T.);
#4422=ADVANCED_FACE('',(#330),#4302,.F.);
#4423=ADVANCED_FACE('',(#331),#134,.T.);
#4424=ADVANCED_FACE('',(#332),#4303,.F.);
#4425=ADVANCED_FACE('',(#333),#135,.T.);
#4426=ADVANCED_FACE('',(#334),#136,.F.);
#4427=ADVANCED_FACE('',(#335,#67,#68),#137,.T.);
#4428=ADVANCED_FACE('',(#336,#69,#70),#138,.T.);
#4429=ADVANCED_FACE('',(#337),#4304,.F.);
#4430=ADVANCED_FACE('',(#338),#139,.T.);
#4431=ADVANCED_FACE('',(#339),#4305,.F.);
#4432=ADVANCED_FACE('',(#340),#140,.T.);
#4433=ADVANCED_FACE('',(#341),#55,.F.);
#4434=ADVANCED_FACE('',(#342),#4306,.F.);
#4435=ADVANCED_FACE('',(#343),#56,.F.);
#4436=ADVANCED_FACE('',(#344),#4307,.F.);
#4437=ADVANCED_FACE('',(#345),#4308,.T.);
#4438=ADVANCED_FACE('',(#346),#141,.T.);
#4439=ADVANCED_FACE('',(#347),#142,.T.);
#4440=ADVANCED_FACE('',(#348),#143,.F.);
#4441=ADVANCED_FACE('',(#349),#144,.F.);
#4442=ADVANCED_FACE('',(#350),#145,.T.);
#4443=ADVANCED_FACE('',(#351),#146,.F.);
#4444=ADVANCED_FACE('',(#352),#4309,.T.);
#4445=ADVANCED_FACE('',(#353,#71),#147,.T.);
#4446=ADVANCED_FACE('',(#354),#4310,.T.);
#4447=ADVANCED_FACE('',(#355),#148,.F.);
#4448=ADVANCED_FACE('',(#356),#4311,.T.);
#4449=ADVANCED_FACE('',(#357),#4312,.T.);
#4450=ADVANCED_FACE('',(#358),#149,.F.);
#4451=ADVANCED_FACE('',(#359,#72),#150,.T.);
#4452=ADVANCED_FACE('',(#360),#151,.T.);
#4453=ADVANCED_FACE('',(#361),#152,.T.);
#4454=ADVANCED_FACE('',(#362),#153,.T.);
#4455=ADVANCED_FACE('',(#363),#154,.T.);
#4456=ADVANCED_FACE('',(#364),#155,.T.);
#4457=ADVANCED_FACE('',(#365),#43,.T.);
#4458=ADVANCED_FACE('',(#366),#44,.T.);
#4459=ADVANCED_FACE('',(#367),#4313,.T.);
#4460=ADVANCED_FACE('',(#368),#4314,.T.);
#4461=ADVANCED_FACE('',(#369),#156,.T.);
#4462=ADVANCED_FACE('',(#370),#157,.T.);
#4463=ADVANCED_FACE('',(#371),#158,.T.);
#4464=ADVANCED_FACE('',(#372),#4315,.T.);
#4465=ADVANCED_FACE('',(#373),#4316,.T.);
#4466=ADVANCED_FACE('',(#374),#45,.T.);
#4467=ADVANCED_FACE('',(#375),#46,.T.);
#4468=ADVANCED_FACE('',(#376),#4317,.T.);
#4469=ADVANCED_FACE('',(#377),#159,.T.);
#4470=ADVANCED_FACE('',(#378),#160,.T.);
#4471=ADVANCED_FACE('',(#379),#4318,.T.);
#4472=ADVANCED_FACE('',(#380),#161,.T.);
#4473=ADVANCED_FACE('',(#381),#162,.T.);
#4474=ADVANCED_FACE('',(#382),#163,.F.);
#4475=ADVANCED_FACE('',(#383),#283,.F.);
#4476=ADVANCED_FACE('',(#384),#284,.F.);
#4477=ADVANCED_FACE('',(#385),#4319,.F.);
#4478=ADVANCED_FACE('',(#386),#164,.T.);
#4479=ADVANCED_FACE('',(#387),#4320,.F.);
#4480=ADVANCED_FACE('',(#388),#165,.T.);
#4481=ADVANCED_FACE('',(#389),#166,.F.);
#4482=ADVANCED_FACE('',(#390),#4321,.F.);
#4483=ADVANCED_FACE('',(#391),#167,.T.);
#4484=ADVANCED_FACE('',(#392),#168,.T.);
#4485=ADVANCED_FACE('',(#393),#169,.T.);
#4486=ADVANCED_FACE('',(#394),#170,.F.);
#4487=ADVANCED_FACE('',(#395),#171,.F.);
#4488=ADVANCED_FACE('',(#396),#4322,.F.);
#4489=ADVANCED_FACE('',(#397),#172,.T.);
#4490=ADVANCED_FACE('',(#398),#173,.T.);
#4491=ADVANCED_FACE('',(#399),#174,.T.);
#4492=ADVANCED_FACE('',(#400),#175,.T.);
#4493=ADVANCED_FACE('',(#401),#176,.F.);
#4494=ADVANCED_FACE('',(#402),#177,.F.);
#4495=ADVANCED_FACE('',(#403),#178,.F.);
#4496=ADVANCED_FACE('',(#404),#179,.F.);
#4497=ADVANCED_FACE('',(#405),#180,.F.);
#4498=ADVANCED_FACE('',(#406),#181,.T.);
#4499=ADVANCED_FACE('',(#407),#182,.T.);
#4500=ADVANCED_FACE('',(#408),#183,.F.);
#4501=ADVANCED_FACE('',(#409),#184,.F.);
#4502=ADVANCED_FACE('',(#410),#185,.T.);
#4503=ADVANCED_FACE('',(#411),#186,.T.);
#4504=ADVANCED_FACE('',(#412),#187,.T.);
#4505=ADVANCED_FACE('',(#413),#4323,.F.);
#4506=ADVANCED_FACE('',(#414),#188,.T.);
#4507=ADVANCED_FACE('',(#415),#189,.T.);
#4508=ADVANCED_FACE('',(#416),#190,.T.);
#4509=ADVANCED_FACE('',(#417),#4324,.F.);
#4510=ADVANCED_FACE('',(#418),#191,.T.);
#4511=ADVANCED_FACE('',(#419),#4325,.T.);
#4512=ADVANCED_FACE('',(#420),#47,.T.);
#4513=ADVANCED_FACE('',(#421),#4326,.T.);
#4514=ADVANCED_FACE('',(#422),#4327,.F.);
#4515=ADVANCED_FACE('',(#423),#192,.F.);
#4516=ADVANCED_FACE('',(#424),#4328,.T.);
#4517=ADVANCED_FACE('',(#425),#48,.T.);
#4518=ADVANCED_FACE('',(#426),#4329,.T.);
#4519=ADVANCED_FACE('',(#427),#4330,.F.);
#4520=ADVANCED_FACE('',(#428),#49,.T.);
#4521=ADVANCED_FACE('',(#429),#4331,.T.);
#4522=ADVANCED_FACE('',(#430),#4332,.T.);
#4523=ADVANCED_FACE('',(#431),#193,.F.);
#4524=ADVANCED_FACE('',(#432),#4333,.F.);
#4525=ADVANCED_FACE('',(#433),#4334,.T.);
#4526=ADVANCED_FACE('',(#434),#50,.T.);
#4527=ADVANCED_FACE('',(#435),#4335,.T.);
#4528=ADVANCED_FACE('',(#436),#4336,.F.);
#4529=ADVANCED_FACE('',(#437),#194,.F.);
#4530=ADVANCED_FACE('',(#438),#4337,.T.);
#4531=ADVANCED_FACE('',(#439),#51,.T.);
#4532=ADVANCED_FACE('',(#440),#4338,.T.);
#4533=ADVANCED_FACE('',(#441),#4339,.F.);
#4534=ADVANCED_FACE('',(#442),#195,.F.);
#4535=ADVANCED_FACE('',(#443),#4340,.T.);
#4536=ADVANCED_FACE('',(#444),#52,.T.);
#4537=ADVANCED_FACE('',(#445),#4341,.T.);
#4538=ADVANCED_FACE('',(#446),#4342,.F.);
#4539=ADVANCED_FACE('',(#447),#196,.F.);
#4540=ADVANCED_FACE('',(#448),#53,.T.);
#4541=ADVANCED_FACE('',(#449),#4343,.T.);
#4542=ADVANCED_FACE('',(#450),#4344,.F.);
#4543=ADVANCED_FACE('',(#451),#4345,.T.);
#4544=ADVANCED_FACE('',(#452),#54,.T.);
#4545=ADVANCED_FACE('',(#453),#4346,.F.);
#4546=ADVANCED_FACE('',(#454),#197,.F.);
#4547=ADVANCED_FACE('',(#455),#198,.F.);
#4548=ADVANCED_FACE('',(#456),#199,.F.);
#4549=ADVANCED_FACE('',(#457),#200,.F.);
#4550=ADVANCED_FACE('',(#458),#201,.F.);
#4551=ADVANCED_FACE('',(#459),#202,.F.);
#4552=ADVANCED_FACE('',(#460),#203,.T.);
#4553=ADVANCED_FACE('',(#461),#204,.F.);
#4554=ADVANCED_FACE('',(#462),#205,.T.);
#4555=ADVANCED_FACE('',(#463),#206,.F.);
#4556=ADVANCED_FACE('',(#464),#207,.F.);
#4557=ADVANCED_FACE('',(#465),#57,.F.);
#4558=ADVANCED_FACE('',(#466),#208,.F.);
#4559=ADVANCED_FACE('',(#467),#209,.F.);
#4560=ADVANCED_FACE('',(#468),#58,.F.);
#4561=ADVANCED_FACE('',(#469),#4347,.F.);
#4562=ADVANCED_FACE('',(#470),#4348,.F.);
#4563=ADVANCED_FACE('',(#471),#210,.F.);
#4564=ADVANCED_FACE('',(#472),#4349,.T.);
#4565=ADVANCED_FACE('',(#473),#211,.F.);
#4566=ADVANCED_FACE('',(#474),#4350,.T.);
#4567=ADVANCED_FACE('',(#475),#285,.F.);
#4568=ADVANCED_FACE('',(#476),#4351,.T.);
#4569=ADVANCED_FACE('',(#477),#212,.F.);
#4570=ADVANCED_FACE('',(#478),#213,.T.);
#4571=ADVANCED_FACE('',(#479),#214,.F.);
#4572=ADVANCED_FACE('',(#480),#4352,.F.);
#4573=ADVANCED_FACE('',(#481),#4353,.T.);
#4574=ADVANCED_FACE('',(#482),#286,.F.);
#4575=ADVANCED_FACE('',(#483),#4354,.T.);
#4576=ADVANCED_FACE('',(#484,#73,#74),#215,.T.);
#4577=ADVANCED_FACE('',(#485),#216,.T.);
#4578=ADVANCED_FACE('',(#486),#4355,.T.);
#4579=ADVANCED_FACE('',(#487),#217,.F.);
#4580=ADVANCED_FACE('',(#488),#4356,.F.);
#4581=ADVANCED_FACE('',(#489),#4357,.F.);
#4582=ADVANCED_FACE('',(#490),#4358,.T.);
#4583=ADVANCED_FACE('',(#491),#218,.T.);
#4584=ADVANCED_FACE('',(#492,#75),#219,.T.);
#4585=ADVANCED_FACE('',(#493),#220,.F.);
#4586=ADVANCED_FACE('',(#494),#221,.F.);
#4587=ADVANCED_FACE('',(#495),#222,.T.);
#4588=ADVANCED_FACE('',(#496),#223,.T.);
#4589=ADVANCED_FACE('',(#497),#224,.F.);
#4590=ADVANCED_FACE('',(#498),#225,.F.);
#4591=ADVANCED_FACE('',(#499),#226,.F.);
#4592=ADVANCED_FACE('',(#500),#4359,.F.);
#4593=ADVANCED_FACE('',(#501),#4360,.F.);
#4594=ADVANCED_FACE('',(#502),#227,.T.);
#4595=ADVANCED_FACE('',(#503),#228,.T.);
#4596=ADVANCED_FACE('',(#504),#4361,.F.);
#4597=ADVANCED_FACE('',(#505),#59,.F.);
#4598=ADVANCED_FACE('',(#506),#229,.T.);
#4599=ADVANCED_FACE('',(#507),#230,.T.);
#4600=ADVANCED_FACE('',(#508),#231,.T.);
#4601=ADVANCED_FACE('',(#509),#232,.T.);
#4602=ADVANCED_FACE('',(#510),#4362,.F.);
#4603=ADVANCED_FACE('',(#511),#4363,.F.);
#4604=ADVANCED_FACE('',(#512),#233,.T.);
#4605=ADVANCED_FACE('',(#513),#234,.T.);
#4606=ADVANCED_FACE('',(#514),#4364,.F.);
#4607=ADVANCED_FACE('',(#515),#60,.F.);
#4608=ADVANCED_FACE('',(#516),#61,.F.);
#4609=ADVANCED_FACE('',(#517),#4365,.F.);
#4610=ADVANCED_FACE('',(#518),#62,.F.);
#4611=ADVANCED_FACE('',(#519),#235,.F.);
#4612=ADVANCED_FACE('',(#520),#236,.F.);
#4613=ADVANCED_FACE('',(#521,#76),#237,.T.);
#4614=ADVANCED_FACE('',(#522),#238,.F.);
#4615=ADVANCED_FACE('',(#523,#77),#239,.F.);
#4616=ADVANCED_FACE('',(#524),#4366,.T.);
#4617=ADVANCED_FACE('',(#525),#63,.T.);
#4618=ADVANCED_FACE('',(#526),#64,.F.);
#4619=ADVANCED_FACE('',(#527),#4367,.F.);
#4620=ADVANCED_FACE('',(#528,#78),#240,.T.);
#4621=ADVANCED_FACE('',(#529),#4368,.T.);
#4622=ADVANCED_FACE('',(#530,#79,#80,#81,#82,#83),#241,.T.);
#4623=ADVANCED_FACE('',(#531,#84,#85,#86,#87,#88),#242,.F.);
#4624=ADVANCED_FACE('',(#532,#89),#243,.T.);
#4625=ADVANCED_FACE('',(#533),#4369,.F.);
#4626=ADVANCED_FACE('',(#534),#4370,.F.);
#4627=ADVANCED_FACE('',(#535),#4371,.F.);
#4628=ADVANCED_FACE('',(#536),#4372,.F.);
#4629=ADVANCED_FACE('',(#537),#4373,.F.);
#4630=ADVANCED_FACE('',(#538),#65,.T.);
#4631=ADVANCED_FACE('',(#539),#4374,.T.);
#4632=ADVANCED_FACE('',(#540),#66,.T.);
#4633=ADVANCED_FACE('',(#541),#4375,.F.);
#4634=ADVANCED_FACE('',(#542),#4376,.T.);
#4635=ADVANCED_FACE('',(#543),#4377,.F.);
#4636=ADVANCED_FACE('',(#544),#4378,.F.);
#4637=ADVANCED_FACE('',(#545,#90,#91),#244,.T.);
#4638=ADVANCED_FACE('',(#546,#92),#245,.T.);
#4639=ADVANCED_FACE('',(#547),#246,.T.);
#4640=ADVANCED_FACE('',(#548,#93),#247,.T.);
#4641=ADVANCED_FACE('',(#549),#248,.T.);
#4642=ADVANCED_FACE('',(#550),#249,.T.);
#4643=CLOSED_SHELL('',(#4379,#4380,#4381,#4382,#4383,#4384,#4385,#4386,
#4387,#4388,#4389,#4390,#4391,#4392,#4393,#4394,#4395,#4396,#4397,#4398,
#4399,#4400,#4401,#4402,#4403,#4404,#4405,#4406,#4407,#4408,#4409,#4410,
#4411,#4412,#4413,#4414,#4415,#4416,#4417,#4418,#4419,#4420,#4421,#4422,
#4423,#4424,#4425,#4426,#4427,#4428,#4429,#4430,#4431,#4432,#4433,#4434,
#4435,#4436,#4437,#4438,#4439,#4440,#4441,#4442,#4443,#4444,#4445,#4446,
#4447,#4448,#4449,#4450,#4451,#4452,#4453,#4454,#4455,#4456,#4457,#4458,
#4459,#4460,#4461,#4462,#4463,#4464,#4465,#4466,#4467,#4468,#4469,#4470,
#4471,#4472,#4473,#4474,#4475,#4476,#4477,#4478,#4479,#4480,#4481,#4482,
#4483,#4484,#4485,#4486,#4487,#4488,#4489,#4490,#4491,#4492,#4493,#4494,
#4495,#4496,#4497,#4498,#4499,#4500,#4501,#4502,#4503,#4504,#4505,#4506,
#4507,#4508,#4509,#4510,#4511,#4512,#4513,#4514,#4515,#4516,#4517,#4518,
#4519,#4520,#4521,#4522,#4523,#4524,#4525,#4526,#4527,#4528,#4529,#4530,
#4531,#4532,#4533,#4534,#4535,#4536,#4537,#4538,#4539,#4540,#4541,#4542,
#4543,#4544,#4545,#4546,#4547,#4548,#4549,#4550,#4551,#4552,#4553,#4554,
#4555,#4556,#4557,#4558,#4559,#4560,#4561,#4562,#4563,#4564,#4565));
#4644=CLOSED_SHELL('',(#4566,#4567,#4568,#4569,#4570,#4571,#4572,#4573,
#4574,#4575,#4576,#4577,#4578,#4579,#4580,#4581,#4582,#4583,#4584,#4585,
#4586,#4587,#4588,#4589,#4590,#4591,#4592,#4593,#4594,#4595,#4596,#4597,
#4598,#4599,#4600,#4601,#4602,#4603,#4604,#4605,#4606,#4607,#4608,#4609,
#4610,#4611,#4612,#4613,#4614));
#4645=CLOSED_SHELL('',(#4615,#4616,#4617,#4618,#4619,#4620,#4621,#4622,
#4623,#4624,#4625,#4626,#4627,#4628,#4629,#4630,#4631,#4632,#4633,#4634));
#4646=CLOSED_SHELL('',(#4635,#4636,#4637,#4638,#4639,#4640,#4641,#4642));
#4647=DERIVED_UNIT_ELEMENT(#4655,1.);
#4648=DERIVED_UNIT_ELEMENT(#8234,-3.);
#4649=DERIVED_UNIT_ELEMENT(#4655,1.);
#4650=DERIVED_UNIT_ELEMENT(#8234,-3.);
#4651=DERIVED_UNIT_ELEMENT(#4655,1.);
#4652=DERIVED_UNIT_ELEMENT(#8234,-3.);
#4653=DERIVED_UNIT_ELEMENT(#4655,1.);
#4654=DERIVED_UNIT_ELEMENT(#8234,-3.);
#4655=(
MASS_UNIT()
NAMED_UNIT(*)
SI_UNIT(.KILO.,.GRAM.)
);
#4656=DERIVED_UNIT((#4647,#4648));
#4657=DERIVED_UNIT((#4649,#4650));
#4658=DERIVED_UNIT((#4651,#4652));
#4659=DERIVED_UNIT((#4653,#4654));
#4660=MEASURE_REPRESENTATION_ITEM('density measure',
POSITIVE_RATIO_MEASURE(7850.),#4656);
#4661=MEASURE_REPRESENTATION_ITEM('density measure',
POSITIVE_RATIO_MEASURE(7850.),#4657);
#4662=MEASURE_REPRESENTATION_ITEM('density measure',
POSITIVE_RATIO_MEASURE(7850.),#4658);
#4663=MEASURE_REPRESENTATION_ITEM('density measure',
POSITIVE_RATIO_MEASURE(7850.),#4659);
#4664=PROPERTY_DEFINITION_REPRESENTATION(#4684,#4672);
#4665=PROPERTY_DEFINITION_REPRESENTATION(#4685,#4673);
#4666=PROPERTY_DEFINITION_REPRESENTATION(#4686,#4674);
#4667=PROPERTY_DEFINITION_REPRESENTATION(#4687,#4675);
#4668=PROPERTY_DEFINITION_REPRESENTATION(#4688,#4676);
#4669=PROPERTY_DEFINITION_REPRESENTATION(#4689,#4677);
#4670=PROPERTY_DEFINITION_REPRESENTATION(#4690,#4678);
#4671=PROPERTY_DEFINITION_REPRESENTATION(#4691,#4679);
#4672=REPRESENTATION('material name',(#4680),#8228);
#4673=REPRESENTATION('density',(#4660),#8228);
#4674=REPRESENTATION('material name',(#4681),#8229);
#4675=REPRESENTATION('density',(#4661),#8229);
#4676=REPRESENTATION('material name',(#4682),#8230);
#4677=REPRESENTATION('density',(#4662),#8230);
#4678=REPRESENTATION('material name',(#4683),#8231);
#4679=REPRESENTATION('density',(#4663),#8231);
#4680=DESCRIPTIVE_REPRESENTATION_ITEM('Steel','Steel');
#4681=DESCRIPTIVE_REPRESENTATION_ITEM('Steel','Steel');
#4682=DESCRIPTIVE_REPRESENTATION_ITEM('Steel','Steel');
#4683=DESCRIPTIVE_REPRESENTATION_ITEM('Steel','Steel');
#4684=PROPERTY_DEFINITION('material property','material name',#8258);
#4685=PROPERTY_DEFINITION('material property','density of part',#8258);
#4686=PROPERTY_DEFINITION('material property','material name',#8259);
#4687=PROPERTY_DEFINITION('material property','density of part',#8259);
#4688=PROPERTY_DEFINITION('material property','material name',#8260);
#4689=PROPERTY_DEFINITION('material property','density of part',#8260);
#4690=PROPERTY_DEFINITION('material property','material name',#8261);
#4691=PROPERTY_DEFINITION('material property','density of part',#8261);
#4692=AXIS2_PLACEMENT_3D('',#6586,#5187,#5188);
#4693=AXIS2_PLACEMENT_3D('',#6587,#5189,#5190);
#4694=AXIS2_PLACEMENT_3D('',#6588,#5191,#5192);
#4695=AXIS2_PLACEMENT_3D('',#6591,#5193,#5194);
#4696=AXIS2_PLACEMENT_3D('',#6595,#5196,#5197);
#4697=AXIS2_PLACEMENT_3D('',#6608,#5199,#5200);
#4698=AXIS2_PLACEMENT_3D('',#6609,#5201,#5202);
#4699=AXIS2_PLACEMENT_3D('',#6610,#5203,#5204);
#4700=AXIS2_PLACEMENT_3D('',#6611,#5205,#5206);
#4701=AXIS2_PLACEMENT_3D('',#6635,#5208,#5209);
#4702=AXIS2_PLACEMENT_3D('',#6670,#5213,#5214);
#4703=AXIS2_PLACEMENT_3D('',#6671,#5215,#5216);
#4704=AXIS2_PLACEMENT_3D('',#6672,#5217,#5218);
#4705=AXIS2_PLACEMENT_3D('',#6673,#5219,#5220);
#4706=AXIS2_PLACEMENT_3D('',#6676,#5221,#5222);
#4707=AXIS2_PLACEMENT_3D('',#6690,#5225,#5226);
#4708=AXIS2_PLACEMENT_3D('',#6691,#5227,#5228);
#4709=AXIS2_PLACEMENT_3D('',#6692,#5229,#5230);
#4710=AXIS2_PLACEMENT_3D('',#6693,#5231,#5232);
#4711=AXIS2_PLACEMENT_3D('',#6717,#5234,#5235);
#4712=AXIS2_PLACEMENT_3D('',#6752,#5239,#5240);
#4713=AXIS2_PLACEMENT_3D('',#6753,#5241,#5242);
#4714=AXIS2_PLACEMENT_3D('',#6754,#5243,#5244);
#4715=AXIS2_PLACEMENT_3D('',#6755,#5245,#5246);
#4716=AXIS2_PLACEMENT_3D('',#6758,#5247,#5248);
#4717=AXIS2_PLACEMENT_3D('',#6761,#5251,#5252);
#4718=AXIS2_PLACEMENT_3D('',#6769,#5257,#5258);
#4719=AXIS2_PLACEMENT_3D('',#6777,#5263,#5264);
#4720=AXIS2_PLACEMENT_3D('',#6781,#5266,#5267);
#4721=AXIS2_PLACEMENT_3D('',#6782,#5268,#5269);
#4722=AXIS2_PLACEMENT_3D('',#6783,#5270,#5271);
#4723=AXIS2_PLACEMENT_3D('',#6795,#5278,#5279);
#4724=AXIS2_PLACEMENT_3D('',#6799,#5281,#5282);
#4725=AXIS2_PLACEMENT_3D('',#6800,#5283,#5284);
#4726=AXIS2_PLACEMENT_3D('',#6801,#5285,#5286);
#4727=AXIS2_PLACEMENT_3D('',#6809,#5291,#5292);
#4728=AXIS2_PLACEMENT_3D('',#6815,#5296,#5297);
#4729=AXIS2_PLACEMENT_3D('',#6819,#5300,#5301);
#4730=AXIS2_PLACEMENT_3D('',#6822,#5303,#5304);
#4731=AXIS2_PLACEMENT_3D('',#6823,#5305,#5306);
#4732=AXIS2_PLACEMENT_3D('',#6825,#5307,#5308);
#4733=AXIS2_PLACEMENT_3D('',#6827,#5309,#5310);
#4734=AXIS2_PLACEMENT_3D('',#6839,#5313,#5314);
#4735=AXIS2_PLACEMENT_3D('',#6848,#5315,#5316);
#4736=AXIS2_PLACEMENT_3D('',#6849,#5317,#5318);
#4737=AXIS2_PLACEMENT_3D('',#6854,#5320,#5321);
#4738=AXIS2_PLACEMENT_3D('',#6857,#5323,#5324);
#4739=AXIS2_PLACEMENT_3D('',#6858,#5325,#5326);
#4740=AXIS2_PLACEMENT_3D('',#6860,#5327,#5328);
#4741=AXIS2_PLACEMENT_3D('',#6862,#5329,#5330);
#4742=AXIS2_PLACEMENT_3D('',#6863,#5331,#5332);
#4743=AXIS2_PLACEMENT_3D('',#6864,#5333,#5334);
#4744=AXIS2_PLACEMENT_3D('',#6868,#5336,#5337);
#4745=AXIS2_PLACEMENT_3D('',#6869,#5338,#5339);
#4746=AXIS2_PLACEMENT_3D('',#6870,#5340,#5341);
#4747=AXIS2_PLACEMENT_3D('',#6872,#5342,#5343);
#4748=AXIS2_PLACEMENT_3D('',#6874,#5345,#5346);
#4749=AXIS2_PLACEMENT_3D('',#6877,#5347,#5348);
#4750=AXIS2_PLACEMENT_3D('',#6878,#5349,#5350);
#4751=AXIS2_PLACEMENT_3D('',#6879,#5351,#5352);
#4752=AXIS2_PLACEMENT_3D('',#6880,#5353,#5354);
#4753=AXIS2_PLACEMENT_3D('',#6883,#5356,#5357);
#4754=AXIS2_PLACEMENT_3D('',#6884,#5358,#5359);
#4755=AXIS2_PLACEMENT_3D('',#6886,#5360,#5361);
#4756=AXIS2_PLACEMENT_3D('',#6898,#5363,#5364);
#4757=AXIS2_PLACEMENT_3D('',#6899,#5365,#5366);
#4758=AXIS2_PLACEMENT_3D('',#6900,#5367,#5368);
#4759=AXIS2_PLACEMENT_3D('',#6905,#5371,#5372);
#4760=AXIS2_PLACEMENT_3D('',#6906,#5373,#5374);
#4761=AXIS2_PLACEMENT_3D('',#6910,#5376,#5377);
#4762=AXIS2_PLACEMENT_3D('',#6912,#5379,#5380);
#4763=AXIS2_PLACEMENT_3D('',#6925,#5383,#5384);
#4764=AXIS2_PLACEMENT_3D('',#6927,#5385,#5386);
#4765=AXIS2_PLACEMENT_3D('',#6928,#5387,#5388);
#4766=AXIS2_PLACEMENT_3D('',#6929,#5389,#5390);
#4767=AXIS2_PLACEMENT_3D('',#6945,#5392,#5393);
#4768=AXIS2_PLACEMENT_3D('',#6946,#5394,#5395);
#4769=AXIS2_PLACEMENT_3D('',#6958,#5397,#5398);
#4770=AXIS2_PLACEMENT_3D('',#6960,#5399,#5400);
#4771=AXIS2_PLACEMENT_3D('',#6962,#5402,#5403);
#4772=AXIS2_PLACEMENT_3D('',#6983,#5404,#5405);
#4773=AXIS2_PLACEMENT_3D('',#6997,#5413,#5414);
#4774=AXIS2_PLACEMENT_3D('',#6999,#5416,#5417);
#4775=AXIS2_PLACEMENT_3D('',#7003,#5419,#5420);
#4776=AXIS2_PLACEMENT_3D('',#7007,#5422,#5423);
#4777=AXIS2_PLACEMENT_3D('',#7010,#5425,#5426);
#4778=AXIS2_PLACEMENT_3D('',#7017,#5430,#5431);
#4779=AXIS2_PLACEMENT_3D('',#7019,#5432,#5433);
#4780=AXIS2_PLACEMENT_3D('',#7024,#5436,#5437);
#4781=AXIS2_PLACEMENT_3D('',#7025,#5438,#5439);
#4782=AXIS2_PLACEMENT_3D('',#7047,#5451,#5452);
#4783=AXIS2_PLACEMENT_3D('',#7049,#5454,#5455);
#4784=AXIS2_PLACEMENT_3D('',#7059,#5461,#5462);
#4785=AXIS2_PLACEMENT_3D('',#7061,#5463,#5464);
#4786=AXIS2_PLACEMENT_3D('',#7065,#5466,#5467);
#4787=AXIS2_PLACEMENT_3D('',#7068,#5469,#5470);
#4788=AXIS2_PLACEMENT_3D('',#7069,#5471,#5472);
#4789=AXIS2_PLACEMENT_3D('',#7076,#5476,#5477);
#4790=AXIS2_PLACEMENT_3D('',#7083,#5481,#5482);
#4791=AXIS2_PLACEMENT_3D('',#7087,#5484,#5485);
#4792=AXIS2_PLACEMENT_3D('',#7090,#5487,#5488);
#4793=AXIS2_PLACEMENT_3D('',#7091,#5489,#5490);
#4794=AXIS2_PLACEMENT_3D('',#7095,#5492,#5493);
#4795=AXIS2_PLACEMENT_3D('',#7097,#5495,#5496);
#4796=AXIS2_PLACEMENT_3D('',#7105,#5500,#5501);
#4797=AXIS2_PLACEMENT_3D('',#7110,#5504,#5505);
#4798=AXIS2_PLACEMENT_3D('',#7115,#5508,#5509);
#4799=AXIS2_PLACEMENT_3D('',#7117,#5510,#5511);
#4800=AXIS2_PLACEMENT_3D('',#7122,#5514,#5515);
#4801=AXIS2_PLACEMENT_3D('',#7124,#5516,#5517);
#4802=AXIS2_PLACEMENT_3D('',#7129,#5520,#5521);
#4803=AXIS2_PLACEMENT_3D('',#7131,#5522,#5523);
#4804=AXIS2_PLACEMENT_3D('',#7136,#5526,#5527);
#4805=AXIS2_PLACEMENT_3D('',#7137,#5528,#5529);
#4806=AXIS2_PLACEMENT_3D('',#7141,#5532,#5533);
#4807=AXIS2_PLACEMENT_3D('',#7163,#5546,#5547);
#4808=AXIS2_PLACEMENT_3D('',#7165,#5548,#5549);
#4809=AXIS2_PLACEMENT_3D('',#7166,#5550,#5551);
#4810=AXIS2_PLACEMENT_3D('',#7188,#5564,#5565);
#4811=AXIS2_PLACEMENT_3D('',#7190,#5566,#5567);
#4812=AXIS2_PLACEMENT_3D('',#7191,#5568,#5569);
#4813=AXIS2_PLACEMENT_3D('',#7195,#5571,#5572);
#4814=AXIS2_PLACEMENT_3D('',#7196,#5573,#5574);
#4815=AXIS2_PLACEMENT_3D('',#7197,#5575,#5576);
#4816=AXIS2_PLACEMENT_3D('',#7201,#5579,#5580);
#4817=AXIS2_PLACEMENT_3D('',#7205,#5582,#5583);
#4818=AXIS2_PLACEMENT_3D('',#7206,#5584,#5585);
#4819=AXIS2_PLACEMENT_3D('',#7207,#5586,#5587);
#4820=AXIS2_PLACEMENT_3D('',#7211,#5590,#5591);
#4821=AXIS2_PLACEMENT_3D('',#7215,#5593,#5594);
#4822=AXIS2_PLACEMENT_3D('',#7216,#5595,#5596);
#4823=AXIS2_PLACEMENT_3D('',#7218,#5597,#5598);
#4824=AXIS2_PLACEMENT_3D('',#7220,#5600,#5601);
#4825=AXIS2_PLACEMENT_3D('',#7224,#5603,#5604);
#4826=AXIS2_PLACEMENT_3D('',#7225,#5605,#5606);
#4827=AXIS2_PLACEMENT_3D('',#7227,#5607,#5608);
#4828=AXIS2_PLACEMENT_3D('',#7229,#5610,#5611);
#4829=AXIS2_PLACEMENT_3D('',#7231,#5612,#5613);
#4830=AXIS2_PLACEMENT_3D('',#7234,#5615,#5616);
#4831=AXIS2_PLACEMENT_3D('',#7235,#5617,#5618);
#4832=AXIS2_PLACEMENT_3D('',#7241,#5622,#5623);
#4833=AXIS2_PLACEMENT_3D('',#7245,#5626,#5627);
#4834=AXIS2_PLACEMENT_3D('',#7247,#5629,#5630);
#4835=AXIS2_PLACEMENT_3D('',#7248,#5631,#5632);
#4836=AXIS2_PLACEMENT_3D('',#7252,#5635,#5636);
#4837=AXIS2_PLACEMENT_3D('',#7254,#5638,#5639);
#4838=AXIS2_PLACEMENT_3D('',#7258,#5641,#5642);
#4839=AXIS2_PLACEMENT_3D('',#7260,#5644,#5645);
#4840=AXIS2_PLACEMENT_3D('',#7262,#5647,#5648);
#4841=AXIS2_PLACEMENT_3D('',#7265,#5649,#5650);
#4842=AXIS2_PLACEMENT_3D('',#7268,#5653,#5654);
#4843=AXIS2_PLACEMENT_3D('',#7272,#5657,#5658);
#4844=AXIS2_PLACEMENT_3D('',#7274,#5659,#5660);
#4845=AXIS2_PLACEMENT_3D('',#7276,#5662,#5663);
#4846=AXIS2_PLACEMENT_3D('',#7277,#5664,#5665);
#4847=AXIS2_PLACEMENT_3D('',#7278,#5666,#5667);
#4848=AXIS2_PLACEMENT_3D('',#7280,#5669,#5670);
#4849=AXIS2_PLACEMENT_3D('',#7282,#5672,#5673);
#4850=AXIS2_PLACEMENT_3D('',#7283,#5674,#5675);
#4851=AXIS2_PLACEMENT_3D('',#7284,#5676,#5677);
#4852=AXIS2_PLACEMENT_3D('',#7286,#5678,#5679);
#4853=AXIS2_PLACEMENT_3D('',#7298,#5682,#5683);
#4854=AXIS2_PLACEMENT_3D('',#7300,#5685,#5686);
#4855=AXIS2_PLACEMENT_3D('',#7304,#5689,#5690);
#4856=AXIS2_PLACEMENT_3D('',#7305,#5691,#5692);
#4857=AXIS2_PLACEMENT_3D('',#7307,#5693,#5694);
#4858=AXIS2_PLACEMENT_3D('',#7312,#5695,#5696);
#4859=AXIS2_PLACEMENT_3D('',#7321,#5697,#5698);
#4860=AXIS2_PLACEMENT_3D('',#7323,#5699,#5700);
#4861=AXIS2_PLACEMENT_3D('',#7324,#5701,#5702);
#4862=AXIS2_PLACEMENT_3D('',#7325,#5703,#5704);
#4863=AXIS2_PLACEMENT_3D('',#7328,#5706,#5707);
#4864=AXIS2_PLACEMENT_3D('',#7330,#5708,#5709);
#4865=AXIS2_PLACEMENT_3D('',#7331,#5710,#5711);
#4866=AXIS2_PLACEMENT_3D('',#7332,#5712,#5713);
#4867=AXIS2_PLACEMENT_3D('',#7334,#5715,#5716);
#4868=AXIS2_PLACEMENT_3D('',#7335,#5717,#5718);
#4869=AXIS2_PLACEMENT_3D('',#7340,#5720,#5721);
#4870=AXIS2_PLACEMENT_3D('',#7350,#5723,#5724);
#4871=AXIS2_PLACEMENT_3D('',#7353,#5727,#5728);
#4872=AXIS2_PLACEMENT_3D('',#7357,#5731,#5732);
#4873=AXIS2_PLACEMENT_3D('',#7360,#5734,#5735);
#4874=AXIS2_PLACEMENT_3D('',#7362,#5736,#5737);
#4875=AXIS2_PLACEMENT_3D('',#7364,#5738,#5739);
#4876=AXIS2_PLACEMENT_3D('',#7365,#5740,#5741);
#4877=AXIS2_PLACEMENT_3D('',#7366,#5742,#5743);
#4878=AXIS2_PLACEMENT_3D('',#7368,#5745,#5746);
#4879=AXIS2_PLACEMENT_3D('',#7369,#5747,#5748);
#4880=AXIS2_PLACEMENT_3D('',#7378,#5749,#5750);
#4881=AXIS2_PLACEMENT_3D('',#7380,#5751,#5752);
#4882=AXIS2_PLACEMENT_3D('',#7382,#5753,#5754);
#4883=AXIS2_PLACEMENT_3D('',#7383,#5755,#5756);
#4884=AXIS2_PLACEMENT_3D('',#7384,#5757,#5758);
#4885=AXIS2_PLACEMENT_3D('',#7385,#5759,#5760);
#4886=AXIS2_PLACEMENT_3D('',#7390,#5761,#5762);
#4887=AXIS2_PLACEMENT_3D('',#7393,#5764,#5765);
#4888=AXIS2_PLACEMENT_3D('',#7395,#5767,#5768);
#4889=AXIS2_PLACEMENT_3D('',#7399,#5771,#5772);
#4890=AXIS2_PLACEMENT_3D('',#7400,#5773,#5774);
#4891=AXIS2_PLACEMENT_3D('',#7401,#5775,#5776);
#4892=AXIS2_PLACEMENT_3D('',#7404,#5778,#5779);
#4893=AXIS2_PLACEMENT_3D('',#7406,#5781,#5782);
#4894=AXIS2_PLACEMENT_3D('',#7410,#5785,#5786);
#4895=AXIS2_PLACEMENT_3D('',#7411,#5787,#5788);
#4896=AXIS2_PLACEMENT_3D('',#7412,#5789,#5790);
#4897=AXIS2_PLACEMENT_3D('',#7425,#5791,#5792);
#4898=AXIS2_PLACEMENT_3D('',#7428,#5794,#5795);
#4899=AXIS2_PLACEMENT_3D('',#7429,#5796,#5797);
#4900=AXIS2_PLACEMENT_3D('',#7430,#5798,#5799);
#4901=AXIS2_PLACEMENT_3D('',#7433,#5801,#5802);
#4902=AXIS2_PLACEMENT_3D('',#7434,#5803,#5804);
#4903=AXIS2_PLACEMENT_3D('',#7435,#5805,#5806);
#4904=AXIS2_PLACEMENT_3D('',#7441,#5810,#5811);
#4905=AXIS2_PLACEMENT_3D('',#7443,#5812,#5813);
#4906=AXIS2_PLACEMENT_3D('',#7447,#5815,#5816);
#4907=AXIS2_PLACEMENT_3D('',#7450,#5818,#5819);
#4908=AXIS2_PLACEMENT_3D('',#7451,#5820,#5821);
#4909=AXIS2_PLACEMENT_3D('',#7458,#5826,#5827);
#4910=AXIS2_PLACEMENT_3D('',#7460,#5829,#5830);
#4911=AXIS2_PLACEMENT_3D('',#7463,#5831,#5832);
#4912=AXIS2_PLACEMENT_3D('',#7469,#5836,#5837);
#4913=AXIS2_PLACEMENT_3D('',#7472,#5840,#5841);
#4914=AXIS2_PLACEMENT_3D('',#7473,#5842,#5843);
#4915=AXIS2_PLACEMENT_3D('',#7476,#5845,#5846);
#4916=AXIS2_PLACEMENT_3D('',#7477,#5847,#5848);
#4917=AXIS2_PLACEMENT_3D('',#7481,#5850,#5851);
#4918=AXIS2_PLACEMENT_3D('',#7483,#5853,#5854);
#4919=AXIS2_PLACEMENT_3D('',#7487,#5857,#5858);
#4920=AXIS2_PLACEMENT_3D('',#7489,#5860,#5861);
#4921=AXIS2_PLACEMENT_3D('',#7491,#5863,#5864);
#4922=AXIS2_PLACEMENT_3D('',#7493,#5866,#5867);
#4923=AXIS2_PLACEMENT_3D('',#7494,#5868,#5869);
#4924=AXIS2_PLACEMENT_3D('',#7497,#5870,#5871);
#4925=AXIS2_PLACEMENT_3D('',#7501,#5874,#5875);
#4926=AXIS2_PLACEMENT_3D('',#7507,#5879,#5880);
#4927=AXIS2_PLACEMENT_3D('',#7510,#5881,#5882);
#4928=AXIS2_PLACEMENT_3D('',#7514,#5885,#5886);
#4929=AXIS2_PLACEMENT_3D('',#7520,#5890,#5891);
#4930=AXIS2_PLACEMENT_3D('',#7523,#5892,#5893);
#4931=AXIS2_PLACEMENT_3D('',#7527,#5896,#5897);
#4932=AXIS2_PLACEMENT_3D('',#7530,#5898,#5899);
#4933=AXIS2_PLACEMENT_3D('',#7534,#5902,#5903);
#4934=AXIS2_PLACEMENT_3D('',#7537,#5906,#5907);
#4935=AXIS2_PLACEMENT_3D('',#7541,#5911,#5912);
#4936=AXIS2_PLACEMENT_3D('',#7545,#5915,#5916);
#4937=AXIS2_PLACEMENT_3D('',#7547,#5918,#5919);
#4938=AXIS2_PLACEMENT_3D('',#7550,#5922,#5923);
#4939=AXIS2_PLACEMENT_3D('',#7551,#5924,#5925);
#4940=AXIS2_PLACEMENT_3D('',#7553,#5927,#5928);
#4941=AXIS2_PLACEMENT_3D('',#7555,#5930,#5931);
#4942=AXIS2_PLACEMENT_3D('',#7561,#5935,#5936);
#4943=AXIS2_PLACEMENT_3D('',#7564,#5938,#5939);
#4944=AXIS2_PLACEMENT_3D('',#7565,#5940,#5941);
#4945=AXIS2_PLACEMENT_3D('',#7567,#5943,#5944);
#4946=AXIS2_PLACEMENT_3D('',#7571,#5946,#5947);
#4947=AXIS2_PLACEMENT_3D('',#7572,#5948,#5949);
#4948=AXIS2_PLACEMENT_3D('',#7573,#5950,#5951);
#4949=AXIS2_PLACEMENT_3D('',#7575,#5952,#5953);
#4950=AXIS2_PLACEMENT_3D('',#7576,#5954,#5955);
#4951=AXIS2_PLACEMENT_3D('',#7577,#5956,#5957);
#4952=AXIS2_PLACEMENT_3D('',#7579,#5959,#5960);
#4953=AXIS2_PLACEMENT_3D('',#7583,#5962,#5963);
#4954=AXIS2_PLACEMENT_3D('',#7585,#5965,#5966);
#4955=AXIS2_PLACEMENT_3D('',#7589,#5969,#5970);
#4956=AXIS2_PLACEMENT_3D('',#7590,#5971,#5972);
#4957=AXIS2_PLACEMENT_3D('',#7591,#5973,#5974);
#4958=AXIS2_PLACEMENT_3D('',#7592,#5975,#5976);
#4959=AXIS2_PLACEMENT_3D('',#7594,#5977,#5978);
#4960=AXIS2_PLACEMENT_3D('',#7595,#5979,#5980);
#4961=AXIS2_PLACEMENT_3D('',#7596,#5981,#5982);
#4962=AXIS2_PLACEMENT_3D('',#7598,#5984,#5985);
#4963=AXIS2_PLACEMENT_3D('',#7600,#5987,#5988);
#4964=AXIS2_PLACEMENT_3D('',#7614,#5989,#5990);
#4965=AXIS2_PLACEMENT_3D('',#7615,#5991,#5992);
#4966=AXIS2_PLACEMENT_3D('',#7616,#5993,#5994);
#4967=AXIS2_PLACEMENT_3D('',#7618,#5996,#5997);
#4968=AXIS2_PLACEMENT_3D('',#7619,#5998,#5999);
#4969=AXIS2_PLACEMENT_3D('',#7620,#6000,#6001);
#4970=AXIS2_PLACEMENT_3D('',#7622,#6003,#6004);
#4971=AXIS2_PLACEMENT_3D('',#7623,#6005,#6006);
#4972=AXIS2_PLACEMENT_3D('',#7627,#6008,#6009);
#4973=AXIS2_PLACEMENT_3D('',#7628,#6010,#6011);
#4974=AXIS2_PLACEMENT_3D('',#7629,#6012,#6013);
#4975=AXIS2_PLACEMENT_3D('',#7631,#6014,#6015);
#4976=AXIS2_PLACEMENT_3D('',#7632,#6016,#6017);
#4977=AXIS2_PLACEMENT_3D('',#7633,#6018,#6019);
#4978=AXIS2_PLACEMENT_3D('',#7635,#6021,#6022);
#4979=AXIS2_PLACEMENT_3D('',#7639,#6024,#6025);
#4980=AXIS2_PLACEMENT_3D('',#7641,#6027,#6028);
#4981=AXIS2_PLACEMENT_3D('',#7645,#6031,#6032);
#4982=AXIS2_PLACEMENT_3D('',#7649,#6034,#6035);
#4983=AXIS2_PLACEMENT_3D('',#7650,#6036,#6037);
#4984=AXIS2_PLACEMENT_3D('',#7651,#6038,#6039);
#4985=AXIS2_PLACEMENT_3D('',#7653,#6040,#6041);
#4986=AXIS2_PLACEMENT_3D('',#7654,#6042,#6043);
#4987=AXIS2_PLACEMENT_3D('',#7655,#6044,#6045);
#4988=AXIS2_PLACEMENT_3D('',#7657,#6047,#6048);
#4989=AXIS2_PLACEMENT_3D('',#7661,#6050,#6051);
#4990=AXIS2_PLACEMENT_3D('',#7663,#6053,#6054);
#4991=AXIS2_PLACEMENT_3D('',#7667,#6057,#6058);
#4992=AXIS2_PLACEMENT_3D('',#7671,#6060,#6061);
#4993=AXIS2_PLACEMENT_3D('',#7672,#6062,#6063);
#4994=AXIS2_PLACEMENT_3D('',#7673,#6064,#6065);
#4995=AXIS2_PLACEMENT_3D('',#7675,#6066,#6067);
#4996=AXIS2_PLACEMENT_3D('',#7676,#6068,#6069);
#4997=AXIS2_PLACEMENT_3D('',#7677,#6070,#6071);
#4998=AXIS2_PLACEMENT_3D('',#7679,#6073,#6074);
#4999=AXIS2_PLACEMENT_3D('',#7683,#6076,#6077);
#5000=AXIS2_PLACEMENT_3D('',#7685,#6079,#6080);
#5001=AXIS2_PLACEMENT_3D('',#7689,#6083,#6084);
#5002=AXIS2_PLACEMENT_3D('',#7690,#6085,#6086);
#5003=AXIS2_PLACEMENT_3D('',#7692,#6088,#6089);
#5004=AXIS2_PLACEMENT_3D('',#7694,#6091,#6092);
#5005=AXIS2_PLACEMENT_3D('',#7695,#6093,#6094);
#5006=AXIS2_PLACEMENT_3D('',#7696,#6095,#6096);
#5007=AXIS2_PLACEMENT_3D('',#7698,#6098,#6099);
#5008=AXIS2_PLACEMENT_3D('',#7700,#6101,#6102);
#5009=AXIS2_PLACEMENT_3D('',#7701,#6103,#6104);
#5010=AXIS2_PLACEMENT_3D('',#7702,#6105,#6106);
#5011=AXIS2_PLACEMENT_3D('',#7703,#6107,#6108);
#5012=AXIS2_PLACEMENT_3D('',#7705,#6110,#6111);
#5013=AXIS2_PLACEMENT_3D('',#7706,#6112,#6113);
#5014=AXIS2_PLACEMENT_3D('',#7708,#6115,#6116);
#5015=AXIS2_PLACEMENT_3D('',#7709,#6117,#6118);
#5016=AXIS2_PLACEMENT_3D('',#7711,#6120,#6121);
#5017=AXIS2_PLACEMENT_3D('',#7712,#6122,#6123);
#5018=AXIS2_PLACEMENT_3D('',#7713,#6124,#6125);
#5019=AXIS2_PLACEMENT_3D('',#7714,#6126,#6127);
#5020=AXIS2_PLACEMENT_3D('',#7715,#6128,#6129);
#5021=AXIS2_PLACEMENT_3D('',#7716,#6130,#6131);
#5022=AXIS2_PLACEMENT_3D('',#7717,#6132,#6133);
#5023=AXIS2_PLACEMENT_3D('',#7718,#6134,#6135);
#5024=AXIS2_PLACEMENT_3D('',#7719,#6136,#6137);
#5025=AXIS2_PLACEMENT_3D('',#7720,#6138,#6139);
#5026=AXIS2_PLACEMENT_3D('',#7721,#6140,#6141);
#5027=AXIS2_PLACEMENT_3D('',#7722,#6142,#6143);
#5028=AXIS2_PLACEMENT_3D('',#7723,#6144,#6145);
#5029=AXIS2_PLACEMENT_3D('',#7724,#6146,#6147);
#5030=AXIS2_PLACEMENT_3D('',#7725,#6148,#6149);
#5031=AXIS2_PLACEMENT_3D('',#7726,#6150,#6151);
#5032=AXIS2_PLACEMENT_3D('',#7727,#6152,#6153);
#5033=AXIS2_PLACEMENT_3D('',#7728,#6154,#6155);
#5034=AXIS2_PLACEMENT_3D('',#7731,#6156,#6157);
#5035=AXIS2_PLACEMENT_3D('',#7735,#6159,#6160);
#5036=AXIS2_PLACEMENT_3D('',#7748,#6162,#6163);
#5037=AXIS2_PLACEMENT_3D('',#7749,#6164,#6165);
#5038=AXIS2_PLACEMENT_3D('',#7750,#6166,#6167);
#5039=AXIS2_PLACEMENT_3D('',#7751,#6168,#6169);
#5040=AXIS2_PLACEMENT_3D('',#7770,#6171,#6172);
#5041=AXIS2_PLACEMENT_3D('',#7789,#6176,#6177);
#5042=AXIS2_PLACEMENT_3D('',#7795,#6181,#6182);
#5043=AXIS2_PLACEMENT_3D('',#7799,#6184,#6185);
#5044=AXIS2_PLACEMENT_3D('',#7811,#6192,#6193);
#5045=AXIS2_PLACEMENT_3D('',#7812,#6194,#6195);
#5046=AXIS2_PLACEMENT_3D('',#7814,#6196,#6197);
#5047=AXIS2_PLACEMENT_3D('',#7818,#6199,#6200);
#5048=AXIS2_PLACEMENT_3D('',#7820,#6201,#6202);
#5049=AXIS2_PLACEMENT_3D('',#7824,#6204,#6205);
#5050=AXIS2_PLACEMENT_3D('',#7826,#6206,#6207);
#5051=AXIS2_PLACEMENT_3D('',#7828,#6209,#6210);
#5052=AXIS2_PLACEMENT_3D('',#7831,#6212,#6213);
#5053=AXIS2_PLACEMENT_3D('',#7832,#6214,#6215);
#5054=AXIS2_PLACEMENT_3D('',#7835,#6216,#6217);
#5055=AXIS2_PLACEMENT_3D('',#7839,#6219,#6220);
#5056=AXIS2_PLACEMENT_3D('',#7852,#6222,#6223);
#5057=AXIS2_PLACEMENT_3D('',#7853,#6224,#6225);
#5058=AXIS2_PLACEMENT_3D('',#7854,#6226,#6227);
#5059=AXIS2_PLACEMENT_3D('',#7855,#6228,#6229);
#5060=AXIS2_PLACEMENT_3D('',#7879,#6232,#6233);
#5061=AXIS2_PLACEMENT_3D('',#7901,#6245,#6246);
#5062=AXIS2_PLACEMENT_3D('',#7903,#6247,#6248);
#5063=AXIS2_PLACEMENT_3D('',#7904,#6249,#6250);
#5064=AXIS2_PLACEMENT_3D('',#7906,#6252,#6253);
#5065=AXIS2_PLACEMENT_3D('',#7931,#6256,#6257);
#5066=AXIS2_PLACEMENT_3D('',#7932,#6258,#6259);
#5067=AXIS2_PLACEMENT_3D('',#7933,#6260,#6261);
#5068=AXIS2_PLACEMENT_3D('',#7936,#6263,#6264);
#5069=AXIS2_PLACEMENT_3D('',#7937,#6265,#6266);
#5070=AXIS2_PLACEMENT_3D('',#7940,#6267,#6268);
#5071=AXIS2_PLACEMENT_3D('',#7944,#6270,#6271);
#5072=AXIS2_PLACEMENT_3D('',#7946,#6273,#6274);
#5073=AXIS2_PLACEMENT_3D('',#7949,#6275,#6276);
#5074=AXIS2_PLACEMENT_3D('',#7953,#6278,#6279);
#5075=AXIS2_PLACEMENT_3D('',#7955,#6281,#6282);
#5076=AXIS2_PLACEMENT_3D('',#7958,#6285,#6286);
#5077=AXIS2_PLACEMENT_3D('',#7970,#6293,#6294);
#5078=AXIS2_PLACEMENT_3D('',#7971,#6295,#6296);
#5079=AXIS2_PLACEMENT_3D('',#7979,#6301,#6302);
#5080=AXIS2_PLACEMENT_3D('',#7981,#6303,#6304);
#5081=AXIS2_PLACEMENT_3D('',#7983,#6306,#6307);
#5082=AXIS2_PLACEMENT_3D('',#7992,#6312,#6313);
#5083=AXIS2_PLACEMENT_3D('',#7995,#6316,#6317);
#5084=AXIS2_PLACEMENT_3D('',#8001,#6321,#6322);
#5085=AXIS2_PLACEMENT_3D('',#8003,#6324,#6325);
#5086=AXIS2_PLACEMENT_3D('',#8005,#6326,#6327);
#5087=AXIS2_PLACEMENT_3D('',#8009,#6330,#6331);
#5088=AXIS2_PLACEMENT_3D('',#8013,#6333,#6334);
#5089=AXIS2_PLACEMENT_3D('',#8014,#6335,#6336);
#5090=AXIS2_PLACEMENT_3D('',#8015,#6337,#6338);
#5091=AXIS2_PLACEMENT_3D('',#8017,#6339,#6340);
#5092=AXIS2_PLACEMENT_3D('',#8021,#6342,#6343);
#5093=AXIS2_PLACEMENT_3D('',#8022,#6344,#6345);
#5094=AXIS2_PLACEMENT_3D('',#8023,#6346,#6347);
#5095=AXIS2_PLACEMENT_3D('',#8030,#6352,#6353);
#5096=AXIS2_PLACEMENT_3D('',#8036,#6357,#6358);
#5097=AXIS2_PLACEMENT_3D('',#8039,#6360,#6361);
#5098=AXIS2_PLACEMENT_3D('',#8040,#6362,#6363);
#5099=AXIS2_PLACEMENT_3D('',#8042,#6365,#6366);
#5100=AXIS2_PLACEMENT_3D('',#8046,#6369,#6370);
#5101=AXIS2_PLACEMENT_3D('',#8050,#6373,#6374);
#5102=AXIS2_PLACEMENT_3D('',#8052,#6376,#6377);
#5103=AXIS2_PLACEMENT_3D('',#8054,#6379,#6380);
#5104=AXIS2_PLACEMENT_3D('',#8057,#6382,#6383);
#5105=AXIS2_PLACEMENT_3D('',#8058,#6384,#6385);
#5106=AXIS2_PLACEMENT_3D('',#8061,#6387,#6388);
#5107=AXIS2_PLACEMENT_3D('',#8062,#6389,#6390);
#5108=AXIS2_PLACEMENT_3D('',#8064,#6392,#6393);
#5109=AXIS2_PLACEMENT_3D('',#8065,#6394,#6395);
#5110=AXIS2_PLACEMENT_3D('',#8066,#6396,#6397);
#5111=AXIS2_PLACEMENT_3D('',#8069,#6399,#6400);
#5112=AXIS2_PLACEMENT_3D('',#8070,#6401,#6402);
#5113=AXIS2_PLACEMENT_3D('',#8072,#6404,#6405);
#5114=AXIS2_PLACEMENT_3D('',#8074,#6407,#6408);
#5115=AXIS2_PLACEMENT_3D('',#8076,#6410,#6411);
#5116=AXIS2_PLACEMENT_3D('',#8078,#6413,#6414);
#5117=AXIS2_PLACEMENT_3D('',#8079,#6415,#6416);
#5118=AXIS2_PLACEMENT_3D('',#8081,#6418,#6419);
#5119=AXIS2_PLACEMENT_3D('',#8083,#6421,#6422);
#5120=AXIS2_PLACEMENT_3D('',#8084,#6423,#6424);
#5121=AXIS2_PLACEMENT_3D('',#8085,#6425,#6426);
#5122=AXIS2_PLACEMENT_3D('',#8087,#6427,#6428);
#5123=AXIS2_PLACEMENT_3D('',#8089,#6429,#6430);
#5124=AXIS2_PLACEMENT_3D('',#8090,#6431,#6432);
#5125=AXIS2_PLACEMENT_3D('',#8092,#6433,#6434);
#5126=AXIS2_PLACEMENT_3D('',#8095,#6436,#6437);
#5127=AXIS2_PLACEMENT_3D('',#8096,#6438,#6439);
#5128=AXIS2_PLACEMENT_3D('',#8099,#6440,#6441);
#5129=AXIS2_PLACEMENT_3D('',#8100,#6442,#6443);
#5130=AXIS2_PLACEMENT_3D('',#8102,#6445,#6446);
#5131=AXIS2_PLACEMENT_3D('',#8106,#6448,#6449);
#5132=AXIS2_PLACEMENT_3D('',#8107,#6450,#6451);
#5133=AXIS2_PLACEMENT_3D('',#8108,#6452,#6453);
#5134=AXIS2_PLACEMENT_3D('',#8110,#6455,#6456);
#5135=AXIS2_PLACEMENT_3D('',#8112,#6457,#6458);
#5136=AXIS2_PLACEMENT_3D('',#8113,#6459,#6460);
#5137=AXIS2_PLACEMENT_3D('',#8116,#6461,#6462);
#5138=AXIS2_PLACEMENT_3D('',#8118,#6464,#6465);
#5139=AXIS2_PLACEMENT_3D('',#8119,#6466,#6467);
#5140=AXIS2_PLACEMENT_3D('',#8121,#6468,#6469);
#5141=AXIS2_PLACEMENT_3D('',#8123,#6470,#6471);
#5142=AXIS2_PLACEMENT_3D('',#8125,#6472,#6473);
#5143=AXIS2_PLACEMENT_3D('',#8127,#6474,#6475);
#5144=AXIS2_PLACEMENT_3D('',#8129,#6476,#6477);
#5145=AXIS2_PLACEMENT_3D('',#8131,#6478,#6479);
#5146=AXIS2_PLACEMENT_3D('',#8132,#6480,#6481);
#5147=AXIS2_PLACEMENT_3D('',#8134,#6482,#6483);
#5148=AXIS2_PLACEMENT_3D('',#8136,#6484,#6485);
#5149=AXIS2_PLACEMENT_3D('',#8138,#6486,#6487);
#5150=AXIS2_PLACEMENT_3D('',#8140,#6488,#6489);
#5151=AXIS2_PLACEMENT_3D('',#8142,#6490,#6491);
#5152=AXIS2_PLACEMENT_3D('',#8144,#6492,#6493);
#5153=AXIS2_PLACEMENT_3D('',#8145,#6494,#6495);
#5154=AXIS2_PLACEMENT_3D('',#8147,#6496,#6497);
#5155=AXIS2_PLACEMENT_3D('',#8149,#6498,#6499);
#5156=AXIS2_PLACEMENT_3D('',#8150,#6500,#6501);
#5157=AXIS2_PLACEMENT_3D('',#8152,#6503,#6504);
#5158=AXIS2_PLACEMENT_3D('',#8154,#6506,#6507);
#5159=AXIS2_PLACEMENT_3D('',#8156,#6509,#6510);
#5160=AXIS2_PLACEMENT_3D('',#8158,#6512,#6513);
#5161=AXIS2_PLACEMENT_3D('',#8160,#6515,#6516);
#5162=AXIS2_PLACEMENT_3D('',#8163,#6517,#6518);
#5163=AXIS2_PLACEMENT_3D('',#8164,#6519,#6520);
#5164=AXIS2_PLACEMENT_3D('',#8168,#6522,#6523);
#5165=AXIS2_PLACEMENT_3D('',#8169,#6524,#6525);
#5166=AXIS2_PLACEMENT_3D('',#8170,#6526,#6527);
#5167=AXIS2_PLACEMENT_3D('',#8172,#6529,#6530);
#5168=AXIS2_PLACEMENT_3D('',#8174,#6532,#6533);
#5169=AXIS2_PLACEMENT_3D('',#8176,#6535,#6536);
#5170=AXIS2_PLACEMENT_3D('',#8178,#6538,#6539);
#5171=AXIS2_PLACEMENT_3D('',#8179,#6540,#6541);
#5172=AXIS2_PLACEMENT_3D('',#8181,#6542,#6543);
#5173=AXIS2_PLACEMENT_3D('',#8184,#6545,#6546);
#5174=AXIS2_PLACEMENT_3D('',#8185,#6547,#6548);
#5175=AXIS2_PLACEMENT_3D('',#8187,#6549,#6550);
#5176=AXIS2_PLACEMENT_3D('',#8190,#6552,#6553);
#5177=AXIS2_PLACEMENT_3D('',#8191,#6554,#6555);
#5178=AXIS2_PLACEMENT_3D('',#8200,#6560,#6561);
#5179=AXIS2_PLACEMENT_3D('',#8206,#6565,#6566);
#5180=AXIS2_PLACEMENT_3D('',#8212,#6570,#6571);
#5181=AXIS2_PLACEMENT_3D('',#8215,#6574,#6575);
#5182=AXIS2_PLACEMENT_3D('',#8216,#6576,#6577);
#5183=AXIS2_PLACEMENT_3D('',#8217,#6578,#6579);
#5184=AXIS2_PLACEMENT_3D('',#8218,#6580,#6581);
#5185=AXIS2_PLACEMENT_3D('',#8219,#6582,#6583);
#5186=AXIS2_PLACEMENT_3D('',#8220,#6584,#6585);
#5187=DIRECTION('axis',(0.,0.,1.));
#5188=DIRECTION('refdir',(1.,0.,0.));
#5189=DIRECTION('axis',(0.,0.,1.));
#5190=DIRECTION('refdir',(1.,0.,0.));
#5191=DIRECTION('center_axis',(1.11022302462516E-16,-2.77555756156289E-17,
1.));
#5192=DIRECTION('ref_axis',(-0.707106781186548,0.707106781186548,0.));
#5193=DIRECTION('center_axis',(0.,0.,1.));
#5194=DIRECTION('ref_axis',(-0.707106781186548,0.707106781186548,0.));
#5195=DIRECTION('',(1.11022302462516E-16,-2.77555756156289E-17,1.));
#5196=DIRECTION('center_axis',(0.,0.,-1.));
#5197=DIRECTION('ref_axis',(-1.,0.,0.));
#5198=DIRECTION('',(-1.11022302462516E-16,2.77555756156289E-17,-1.));
#5199=DIRECTION('center_axis',(-1.,0.,0.));
#5200=DIRECTION('ref_axis',(0.,0.,1.));
#5201=DIRECTION('center_axis',(6.31439345255558E-16,-1.,-2.7755575615629E-17));
#5202=DIRECTION('ref_axis',(-0.707106781186547,-4.66121198671746E-16,0.707106781186548));
#5203=DIRECTION('center_axis',(-6.31439345255558E-16,1.,2.7755575615629E-17));
#5204=DIRECTION('ref_axis',(-0.707106781186547,-4.16333634234435E-16,0.707106781186548));
#5205=DIRECTION('center_axis',(-1.,-6.31439345255558E-16,1.07986515547915E-16));
#5206=DIRECTION('ref_axis',(0.,0.707106781186535,0.70710678118656));
#5207=DIRECTION('',(1.,6.31439345255558E-16,-1.07986515547915E-16));
#5208=DIRECTION('center_axis',(-1.,0.,0.));
#5209=DIRECTION('ref_axis',(0.,0.,1.));
#5210=DIRECTION('',(-1.,-6.31439345255558E-16,1.07986515547915E-16));
#5211=DIRECTION('',(1.,6.31439345255558E-16,-1.07986515547915E-16));
#5212=DIRECTION('',(1.,6.31439345255558E-16,-1.07986515547915E-16));
#5213=DIRECTION('center_axis',(0.,1.,0.));
#5214=DIRECTION('ref_axis',(0.,0.,1.));
#5215=DIRECTION('center_axis',(1.07986515547915E-16,-3.36111683793993E-19,
1.));
#5216=DIRECTION('ref_axis',(0.707106781186548,0.707106781186548,-6.93889390390724E-17));
#5217=DIRECTION('center_axis',(-1.07986515547915E-16,3.36111683793993E-19,
-1.));
#5218=DIRECTION('ref_axis',(0.707106781186548,0.707106781186548,-7.61203305697907E-17));
#5219=DIRECTION('center_axis',(-2.96675709204406E-33,1.,3.36111683793993E-19));
#5220=DIRECTION('ref_axis',(0.707106781186522,0.,0.707106781186573));
#5221=DIRECTION('center_axis',(0.,1.,0.));
#5222=DIRECTION('ref_axis',(0.,0.,1.));
#5223=DIRECTION('',(-2.96675709204406E-33,1.,3.36111683793993E-19));
#5224=DIRECTION('',(2.96675709204406E-33,-1.,-3.36111683793993E-19));
#5225=DIRECTION('center_axis',(1.,0.,0.));
#5226=DIRECTION('ref_axis',(0.,0.,1.));
#5227=DIRECTION('center_axis',(1.07986515547915E-16,-3.36111683793993E-19,
1.));
#5228=DIRECTION('ref_axis',(0.707106781186548,-0.707106781186548,-6.93889390390724E-17));
#5229=DIRECTION('center_axis',(-1.07986515547915E-16,3.36111683793993E-19,
-1.));
#5230=DIRECTION('ref_axis',(0.707106781186548,-0.707106781186548,-7.65956642714842E-17));
#5231=DIRECTION('center_axis',(1.,6.31439345255558E-16,-1.07986515547915E-16));
#5232=DIRECTION('ref_axis',(0.,-0.707106781186541,0.707106781186554));
#5233=DIRECTION('',(-1.,-6.31439345255558E-16,1.07986515547915E-16));
#5234=DIRECTION('center_axis',(1.,0.,0.));
#5235=DIRECTION('ref_axis',(0.,0.,1.));
#5236=DIRECTION('',(1.,6.31439345255558E-16,-1.07986515547915E-16));
#5237=DIRECTION('',(-1.,-6.31439345255558E-16,1.07986515547915E-16));
#5238=DIRECTION('',(-1.,-6.31439345255558E-16,1.07986515547915E-16));
#5239=DIRECTION('center_axis',(0.,0.,1.));
#5240=DIRECTION('ref_axis',(-1.,0.,0.));
#5241=DIRECTION('center_axis',(-6.31439345255558E-16,1.,2.7755575615629E-17));
#5242=DIRECTION('ref_axis',(-0.707106781186548,-4.66121198671746E-16,0.707106781186547));
#5243=DIRECTION('center_axis',(6.31439345255558E-16,-1.,-2.7755575615629E-17));
#5244=DIRECTION('ref_axis',(-0.707106781186548,-4.16333634234434E-16,0.707106781186547));
#5245=DIRECTION('center_axis',(-1.11022302462516E-16,2.77555756156289E-17,
-1.));
#5246=DIRECTION('ref_axis',(-0.707106781186554,-0.707106781186541,0.));
#5247=DIRECTION('center_axis',(0.,0.,1.));
#5248=DIRECTION('ref_axis',(-0.707106781186554,-0.707106781186541,0.));
#5249=DIRECTION('',(1.11022302462516E-16,-2.77555756156289E-17,1.));
#5250=DIRECTION('',(-1.11022302462516E-16,2.77555756156289E-17,-1.));
#5251=DIRECTION('center_axis',(0.,0.,1.));
#5252=DIRECTION('ref_axis',(1.,0.,0.));
#5253=DIRECTION('',(-1.,-6.31439345255558E-16,0.));
#5254=DIRECTION('',(-6.31439345255558E-16,1.,3.36111683794064E-19));
#5255=DIRECTION('',(-1.,-7.2321343514382E-16,0.));
#5256=DIRECTION('',(6.31439345255558E-16,-1.,0.));
#5257=DIRECTION('center_axis',(6.31439345255558E-16,-1.,-2.7755575615629E-17));
#5258=DIRECTION('ref_axis',(-1.,-6.31439345255558E-16,1.11022302462516E-16));
#5259=DIRECTION('',(0.,0.,1.));
#5260=DIRECTION('',(1.,6.31439345255558E-16,0.));
#5261=DIRECTION('',(1.,6.31439345255558E-16,0.));
#5262=DIRECTION('',(0.,0.,1.));
#5263=DIRECTION('center_axis',(0.,0.,1.));
#5264=DIRECTION('ref_axis',(0.707106781186554,0.707106781186541,0.));
#5265=DIRECTION('',(0.,0.,-1.));
#5266=DIRECTION('center_axis',(0.,0.,-1.));
#5267=DIRECTION('ref_axis',(0.707106781186548,0.707106781186548,0.));
#5268=DIRECTION('center_axis',(0.,0.,-1.));
#5269=DIRECTION('ref_axis',(0.,1.,0.));
#5270=DIRECTION('center_axis',(1.,2.96675709204406E-33,0.));
#5271=DIRECTION('ref_axis',(2.96675709204406E-33,-1.,2.74444773359287E-17));
#5272=DIRECTION('',(0.,0.,1.));
#5273=DIRECTION('',(2.96675709204406E-33,-1.,0.));
#5274=DIRECTION('',(0.,0.,-1.));
#5275=DIRECTION('',(2.96675709204406E-33,-1.,0.));
#5276=DIRECTION('',(0.,0.,1.));
#5277=DIRECTION('',(2.96675709204406E-33,-1.,0.));
#5278=DIRECTION('center_axis',(0.,0.,1.));
#5279=DIRECTION('ref_axis',(0.707106781186554,-0.707106781186541,0.));
#5280=DIRECTION('',(0.,0.,-1.));
#5281=DIRECTION('center_axis',(0.,0.,-1.));
#5282=DIRECTION('ref_axis',(0.,-1.,0.));
#5283=DIRECTION('center_axis',(0.,0.,-1.));
#5284=DIRECTION('ref_axis',(0.707106781186548,-0.707106781186548,0.));
#5285=DIRECTION('center_axis',(-6.31439345255558E-16,1.,2.7755575615629E-17));
#5286=DIRECTION('ref_axis',(1.,6.31439345255558E-16,-1.11022302462516E-16));
#5287=DIRECTION('',(1.,6.31439345255558E-16,0.));
#5288=DIRECTION('',(-1.75259624939239E-32,2.7755575615629E-17,-1.));
#5289=DIRECTION('',(-1.,-6.31439345255558E-16,0.));
#5290=DIRECTION('',(-1.,-6.31439345255558E-16,0.));
#5291=DIRECTION('center_axis',(0.,0.,1.));
#5292=DIRECTION('ref_axis',(1.,0.,0.));
#5293=DIRECTION('',(6.31439345255558E-16,-1.,0.));
#5294=DIRECTION('',(1.,7.2321343514382E-16,0.));
#5295=DIRECTION('',(-6.31439345255558E-16,1.,3.36111683794064E-19));
#5296=DIRECTION('center_axis',(1.,6.31439345255558E-16,-1.11022302462516E-16));
#5297=DIRECTION('ref_axis',(6.31439345255558E-16,-1.,-2.7755575615629E-17));
#5298=DIRECTION('',(6.31439345255558E-16,-1.,-3.36111683794057E-19));
#5299=DIRECTION('',(-1.11022302462516E-16,-4.31408307542741E-32,-1.));
#5300=DIRECTION('center_axis',(6.31439345255558E-16,-1.,-3.36111683794057E-19));
#5301=DIRECTION('ref_axis',(-0.707106781186547,-4.66121198671746E-16,0.707106781186548));
#5302=DIRECTION('',(-6.31439345255558E-16,1.,3.36111683794057E-19));
#5303=DIRECTION('center_axis',(7.2321343514382E-16,-1.,-3.7151989987218E-32));
#5304=DIRECTION('ref_axis',(-0.707106781186547,-4.66121198671746E-16,0.707106781186548));
#5305=DIRECTION('center_axis',(1.,6.31439345255558E-16,0.));
#5306=DIRECTION('ref_axis',(0.,0.707106781186548,-0.707106781186548));
#5307=DIRECTION('center_axis',(1.,6.60625627097814E-16,0.));
#5308=DIRECTION('ref_axis',(0.,0.707106781186548,-0.707106781186548));
#5309=DIRECTION('center_axis',(-1.,0.,0.));
#5310=DIRECTION('ref_axis',(0.,1.,0.));
#5311=DIRECTION('',(-1.,-6.31439345255558E-16,0.));
#5312=DIRECTION('',(-1.,-6.31439345255558E-16,0.));
#5313=DIRECTION('center_axis',(1.,6.31439345255558E-16,0.));
#5314=DIRECTION('ref_axis',(0.,0.707106781186548,-0.707106781186548));
#5315=DIRECTION('center_axis',(-1.,0.,0.));
#5316=DIRECTION('ref_axis',(0.,1.,0.));
#5317=DIRECTION('center_axis',(-1.,0.,0.));
#5318=DIRECTION('ref_axis',(0.,-0.707106781186541,-0.707106781186554));
#5319=DIRECTION('',(-1.,0.,0.));
#5320=DIRECTION('center_axis',(-0.707106781186549,0.707106781186546,0.));
#5321=DIRECTION('ref_axis',(-0.707106781186546,-0.707106781186549,4.90653893338681E-17));
#5322=DIRECTION('',(1.,0.,0.));
#5323=DIRECTION('center_axis',(-0.998053182774322,0.062368616739879,0.));
#5324=DIRECTION('ref_axis',(0.062368616739879,0.998053182774322,0.));
#5325=DIRECTION('center_axis',(-0.394060411022389,-0.80133087840996,0.45009467423153));
#5326=DIRECTION('ref_axis',(0.527852705008445,-0.598221383190791,-0.602911849699909));
#5327=DIRECTION('center_axis',(0.,-1.,0.));
#5328=DIRECTION('ref_axis',(1.,0.,0.));
#5329=DIRECTION('center_axis',(0.,0.,-1.));
#5330=DIRECTION('ref_axis',(-0.124494392884813,-0.992220311291924,0.));
#5331=DIRECTION('center_axis',(0.992220311291924,-0.124494392884814,0.));
#5332=DIRECTION('ref_axis',(0.,0.,-1.));
#5333=DIRECTION('center_axis',(0.,0.,-1.));
#5334=DIRECTION('ref_axis',(0.661628901694598,-0.749831445354488,0.));
#5335=DIRECTION('',(0.,0.,-1.));
#5336=DIRECTION('center_axis',(0.,0.707106781186554,-0.707106781186541));
#5337=DIRECTION('ref_axis',(0.,0.707106781186541,0.707106781186554));
#5338=DIRECTION('center_axis',(0.,0.,-1.));
#5339=DIRECTION('ref_axis',(0.661628901694598,-0.749831445354488,0.));
#5340=DIRECTION('center_axis',(-2.96675709204406E-33,1.,0.));
#5341=DIRECTION('ref_axis',(0.707106781186522,0.,-0.707106781186573));
#5342=DIRECTION('center_axis',(0.,0.707106781186554,0.707106781186541));
#5343=DIRECTION('ref_axis',(4.19562811583532E-33,-0.707106781186541,0.707106781186554));
#5344=DIRECTION('',(-2.96675709204406E-33,1.,0.));
#5345=DIRECTION('center_axis',(0.394060411022391,-0.801330878409958,-0.450094674231533));
#5346=DIRECTION('ref_axis',(0.527852705008438,0.598221383190805,-0.602911849699901));
#5347=DIRECTION('center_axis',(0.992220311291924,0.124494392884813,0.));
#5348=DIRECTION('ref_axis',(-0.124494392884813,0.992220311291924,0.));
#5349=DIRECTION('center_axis',(0.,0.,-1.));
#5350=DIRECTION('ref_axis',(1.,0.,0.));
#5351=DIRECTION('center_axis',(8.88178419700113E-15,1.,0.));
#5352=DIRECTION('ref_axis',(0.,0.,-1.));
#5353=DIRECTION('center_axis',(0.,0.,-1.));
#5354=DIRECTION('ref_axis',(0.661628901694598,0.749831445354488,0.));
#5355=DIRECTION('',(0.,0.,1.));
#5356=DIRECTION('center_axis',(0.,0.,-1.));
#5357=DIRECTION('ref_axis',(0.661628901694598,0.749831445354488,0.));
#5358=DIRECTION('center_axis',(2.96675709204406E-33,-1.,0.));
#5359=DIRECTION('ref_axis',(0.707106781186522,0.,-0.707106781186573));
#5360=DIRECTION('center_axis',(0.,1.,0.));
#5361=DIRECTION('ref_axis',(1.,0.,0.));
#5362=DIRECTION('',(-2.96675709204406E-33,1.,0.));
#5363=DIRECTION('center_axis',(0.99386216858624,0.110625448487482,0.));
#5364=DIRECTION('ref_axis',(0.110625448487482,-0.99386216858624,0.));
#5365=DIRECTION('center_axis',(0.,0.,1.));
#5366=DIRECTION('ref_axis',(0.707106781186548,-0.707106781186548,0.));
#5367=DIRECTION('center_axis',(0.992220311291924,0.124494392884809,0.));
#5368=DIRECTION('ref_axis',(-0.0880308294286026,0.70160571054554,-0.707106781186548));
#5369=DIRECTION('',(0.992220311291924,0.124494392884809,0.));
#5370=DIRECTION('',(-0.992220311291924,-0.124494392884809,0.));
#5371=DIRECTION('center_axis',(0.998053182774318,0.0623686167399496,0.));
#5372=DIRECTION('ref_axis',(0.0623686167399496,-0.998053182774317,0.));
#5373=DIRECTION('center_axis',(1.,0.,0.));
#5374=DIRECTION('ref_axis',(0.,0.707106781186541,-0.707106781186554));
#5375=DIRECTION('',(-1.,0.,0.));
#5376=DIRECTION('center_axis',(-0.707106781186549,-0.707106781186546,0.));
#5377=DIRECTION('ref_axis',(-0.707106781186546,0.707106781186549,4.90653893338681E-17));
#5378=DIRECTION('',(1.,0.,0.));
#5379=DIRECTION('center_axis',(-0.992220311291924,0.124494392884809,0.));
#5380=DIRECTION('ref_axis',(-0.0880308294285029,-0.701605710545546,-0.707106781186555));
#5381=DIRECTION('',(0.992220311291924,-0.124494392884809,0.));
#5382=DIRECTION('',(-0.992220311291924,0.124494392884809,0.));
#5383=DIRECTION('center_axis',(0.99386216858624,-0.11062544848748,0.));
#5384=DIRECTION('ref_axis',(0.,0.,-1.));
#5385=DIRECTION('center_axis',(0.,1.,0.));
#5386=DIRECTION('ref_axis',(1.,0.,0.));
#5387=DIRECTION('center_axis',(0.,0.,1.));
#5388=DIRECTION('ref_axis',(0.707106781186548,0.707106781186548,0.));
#5389=DIRECTION('center_axis',(2.96675709204406E-33,-1.,0.));
#5390=DIRECTION('ref_axis',(0.707106781186522,0.,-0.707106781186573));
#5391=DIRECTION('',(-2.96675709204406E-33,1.,0.));
#5392=DIRECTION('center_axis',(1.,0.,0.));
#5393=DIRECTION('ref_axis',(0.,-1.,0.));
#5394=DIRECTION('center_axis',(-1.,-6.31439345255558E-16,0.));
#5395=DIRECTION('ref_axis',(0.,-0.707106781186541,-0.707106781186554));
#5396=DIRECTION('',(1.,6.31439345255558E-16,0.));
#5397=DIRECTION('center_axis',(-1.,0.,0.));
#5398=DIRECTION('ref_axis',(0.,0.,-1.));
#5399=DIRECTION('center_axis',(1.,6.60625627097814E-16,0.));
#5400=DIRECTION('ref_axis',(0.,-0.707106781186541,-0.707106781186554));
#5401=DIRECTION('',(1.,6.31439345255558E-16,0.));
#5402=DIRECTION('center_axis',(-1.,-6.31439345255558E-16,0.));
#5403=DIRECTION('ref_axis',(0.,-0.707106781186541,-0.707106781186554));
#5404=DIRECTION('center_axis',(0.,-1.,0.));
#5405=DIRECTION('ref_axis',(1.,0.,0.));
#5406=DIRECTION('',(0.,0.,-1.));
#5407=DIRECTION('',(1.,0.,0.));
#5408=DIRECTION('',(0.,0.,1.));
#5409=DIRECTION('',(1.,0.,0.));
#5410=DIRECTION('',(0.,0.,1.));
#5411=DIRECTION('',(1.,0.,0.));
#5412=DIRECTION('',(0.,0.,1.));
#5413=DIRECTION('center_axis',(-0.124494392884809,-0.992220311291924,0.));
#5414=DIRECTION('ref_axis',(-0.992220311291924,0.124494392884809,1.03842658416285E-16));
#5415=DIRECTION('',(0.992220311291924,-0.124494392884809,-1.03842658416285E-16));
#5416=DIRECTION('center_axis',(0.,0.,-1.));
#5417=DIRECTION('ref_axis',(-1.,0.,0.));
#5418=DIRECTION('',(0.707106781186546,0.707106781186549,0.));
#5419=DIRECTION('center_axis',(0.,0.,1.));
#5420=DIRECTION('ref_axis',(0.382683432365103,-0.923879532511281,0.));
#5421=DIRECTION('',(-1.,-1.46745711639839E-15,0.));
#5422=DIRECTION('center_axis',(0.,0.,1.));
#5423=DIRECTION('ref_axis',(-0.707106781186554,-0.707106781186541,0.));
#5424=DIRECTION('',(7.91602869607952E-16,1.,0.));
#5425=DIRECTION('center_axis',(0.,0.,1.));
#5426=DIRECTION('ref_axis',(1.,0.,0.));
#5427=DIRECTION('',(-0.745355992499892,-0.666666666666709,0.));
#5428=DIRECTION('',(0.745355992499931,-0.666666666666665,0.));
#5429=DIRECTION('',(-0.749213529208738,0.662328534528437,6.28129684450877E-17));
#5430=DIRECTION('center_axis',(0.,0.,1.));
#5431=DIRECTION('ref_axis',(1.,0.,0.));
#5432=DIRECTION('center_axis',(0.,0.,1.));
#5433=DIRECTION('ref_axis',(1.,5.32907051820068E-14,0.));
#5434=DIRECTION('',(-0.745355992499892,-0.666666666666709,0.));
#5435=DIRECTION('',(0.745355992499925,-0.666666666666673,0.));
#5436=DIRECTION('center_axis',(0.,0.,1.));
#5437=DIRECTION('ref_axis',(1.,5.32907051820068E-14,0.));
#5438=DIRECTION('center_axis',(0.,0.,-1.));
#5439=DIRECTION('ref_axis',(-1.,0.,0.));
#5440=DIRECTION('',(0.992220311291924,0.124494392884809,-1.1067602550424E-16));
#5441=DIRECTION('',(1.,0.,0.));
#5442=DIRECTION('',(0.,1.,0.));
#5443=DIRECTION('',(-1.,0.,0.));
#5444=DIRECTION('',(3.6090143019103E-17,1.,0.));
#5445=DIRECTION('',(1.,0.,0.));
#5446=DIRECTION('',(0.,-1.,0.));
#5447=DIRECTION('',(-1.,0.,0.));
#5448=DIRECTION('',(-6.60625627097814E-16,1.,0.));
#5449=DIRECTION('',(1.,0.,0.));
#5450=DIRECTION('',(0.,1.,0.));
#5451=DIRECTION('center_axis',(-0.124494392884809,0.992220311291924,0.));
#5452=DIRECTION('ref_axis',(0.992220311291924,0.124494392884809,-1.1067602550424E-16));
#5453=DIRECTION('',(0.,0.,-1.));
#5454=DIRECTION('center_axis',(0.,1.,0.));
#5455=DIRECTION('ref_axis',(-1.,0.,0.));
#5456=DIRECTION('',(0.,0.,-1.));
#5457=DIRECTION('',(-1.,0.,0.));
#5458=DIRECTION('',(0.,0.,-1.));
#5459=DIRECTION('',(-1.,0.,0.));
#5460=DIRECTION('',(0.,0.,-1.));
#5461=DIRECTION('center_axis',(0.,0.,-1.));
#5462=DIRECTION('ref_axis',(1.,4.44089209850056E-14,0.));
#5463=DIRECTION('center_axis',(0.,0.,1.));
#5464=DIRECTION('ref_axis',(1.,4.44089209850056E-14,0.));
#5465=DIRECTION('',(0.,0.,-1.));
#5466=DIRECTION('center_axis',(0.,0.,-1.));
#5467=DIRECTION('ref_axis',(1.,4.44089209850056E-14,0.));
#5468=DIRECTION('',(0.,0.,-1.));
#5469=DIRECTION('center_axis',(0.,0.,1.));
#5470=DIRECTION('ref_axis',(1.,4.44089209850056E-14,0.));
#5471=DIRECTION('center_axis',(0.,0.,-1.));
#5472=DIRECTION('ref_axis',(-1.,0.,0.));
#5473=DIRECTION('',(-0.707106781186546,0.707106781186549,0.));
#5474=DIRECTION('',(-0.745355992499936,-0.666666666666659,0.));
#5475=DIRECTION('',(0.745355992499949,-0.666666666666646,0.));
#5476=DIRECTION('center_axis',(0.,0.,1.));
#5477=DIRECTION('ref_axis',(1.,-4.44089209850056E-14,0.));
#5478=DIRECTION('',(-0.749213529208678,-0.662328534528505,9.91674893546922E-17));
#5479=DIRECTION('',(-0.745355992499921,-0.666666666666677,0.));
#5480=DIRECTION('',(0.745355992499908,-0.666666666666691,0.));
#5481=DIRECTION('center_axis',(0.,0.,1.));
#5482=DIRECTION('ref_axis',(1.,-4.44089209850056E-14,0.));
#5483=DIRECTION('',(7.91602869607952E-16,1.,0.));
#5484=DIRECTION('center_axis',(0.,0.,1.));
#5485=DIRECTION('ref_axis',(-0.707106781186554,0.707106781186541,0.));
#5486=DIRECTION('',(1.,1.46745711639839E-15,0.));
#5487=DIRECTION('center_axis',(0.,0.,1.));
#5488=DIRECTION('ref_axis',(0.382683432365103,0.923879532511281,0.));
#5489=DIRECTION('center_axis',(0.,0.,-1.));
#5490=DIRECTION('ref_axis',(1.,-4.44089209850056E-14,0.));
#5491=DIRECTION('',(0.,0.,-1.));
#5492=DIRECTION('center_axis',(0.,0.,-1.));
#5493=DIRECTION('ref_axis',(1.,-4.44089209850056E-14,0.));
#5494=DIRECTION('',(0.,0.,-1.));
#5495=DIRECTION('center_axis',(1.07986515547915E-16,-3.36111683793993E-19,
1.));
#5496=DIRECTION('ref_axis',(-1.,-5.55111512312581E-17,1.07986515547915E-16));
#5497=DIRECTION('',(-6.31439345255558E-16,1.,3.36111683794057E-19));
#5498=DIRECTION('',(1.,7.2321343514382E-16,-1.07986515547915E-16));
#5499=DIRECTION('',(0.,-1.,0.));
#5500=DIRECTION('center_axis',(0.,0.,1.));
#5501=DIRECTION('ref_axis',(1.,0.,0.));
#5502=DIRECTION('',(0.,-1.,0.));
#5503=DIRECTION('',(-1.,-6.31439345255558E-16,1.07986515547915E-16));
#5504=DIRECTION('center_axis',(0.,0.,1.));
#5505=DIRECTION('ref_axis',(0.99967452226659,0.0255117528026809,0.));
#5506=DIRECTION('',(0.745355992499921,-0.666666666666676,0.));
#5507=DIRECTION('',(-0.746168724371049,-0.66575688863915,0.));
#5508=DIRECTION('center_axis',(0.,0.,1.));
#5509=DIRECTION('ref_axis',(0.99967452226659,0.0255117528026809,0.));
#5510=DIRECTION('center_axis',(0.,0.,1.));
#5511=DIRECTION('ref_axis',(1.,-4.44089209850056E-14,0.));
#5512=DIRECTION('',(0.752497948857047,-0.658594592268975,0.));
#5513=DIRECTION('',(-0.752497948857065,-0.658594592268954,0.));
#5514=DIRECTION('center_axis',(0.,0.,1.));
#5515=DIRECTION('ref_axis',(1.,-4.44089209850056E-14,0.));
#5516=DIRECTION('center_axis',(0.,0.,1.));
#5517=DIRECTION('ref_axis',(1.,0.,0.));
#5518=DIRECTION('',(0.745355992499931,-0.666666666666666,0.));
#5519=DIRECTION('',(-0.745355992499931,-0.666666666666666,0.));
#5520=DIRECTION('center_axis',(0.,0.,1.));
#5521=DIRECTION('ref_axis',(1.,0.,0.));
#5522=DIRECTION('center_axis',(0.,0.,1.));
#5523=DIRECTION('ref_axis',(1.,0.,0.));
#5524=DIRECTION('',(0.745355992499931,-0.666666666666666,0.));
#5525=DIRECTION('',(-0.74535599249993,-0.666666666666667,0.));
#5526=DIRECTION('center_axis',(0.,0.,1.));
#5527=DIRECTION('ref_axis',(1.,0.,0.));
#5528=DIRECTION('center_axis',(1.,6.31439345255558E-16,-1.11022302462516E-16));
#5529=DIRECTION('ref_axis',(6.31439345255558E-16,-1.,-2.7755575615629E-17));
#5530=DIRECTION('',(1.11022302462516E-16,4.31408307542741E-32,1.));
#5531=DIRECTION('',(6.31439345255558E-16,-1.,-3.36111683794057E-19));
#5532=DIRECTION('center_axis',(-1.,-6.60625627097814E-16,0.));
#5533=DIRECTION('ref_axis',(-6.60625627097814E-16,1.,0.));
#5534=DIRECTION('',(0.,0.,-1.));
#5535=DIRECTION('',(6.60625627097814E-16,-1.,0.));
#5536=DIRECTION('',(-6.60625627097814E-16,1.,0.));
#5537=DIRECTION('',(0.,0.,-1.));
#5538=DIRECTION('',(5.58689937633058E-65,-8.45698251349151E-50,1.));
#5539=DIRECTION('',(6.60625627097814E-16,-1.,-8.4569825134915E-50));
#5540=DIRECTION('',(0.,0.,-1.));
#5541=DIRECTION('',(0.,0.500000000000001,0.866025403784438));
#5542=DIRECTION('',(6.60625627097814E-16,-1.,0.));
#5543=DIRECTION('',(0.,0.707106781186545,-0.70710678118655));
#5544=DIRECTION('',(0.,0.,-1.));
#5545=DIRECTION('',(-1.11022302462516E-16,-4.31408307542741E-32,-1.));
#5546=DIRECTION('center_axis',(1.,6.60625627097814E-16,0.));
#5547=DIRECTION('ref_axis',(1.00076441656352E-15,-1.,-3.19704370768281E-32));
#5548=DIRECTION('center_axis',(1.,6.60625627097814E-16,0.));
#5549=DIRECTION('ref_axis',(1.00076441656352E-15,-1.,-3.19704370768281E-32));
#5550=DIRECTION('center_axis',(-1.,-6.60625627097814E-16,0.));
#5551=DIRECTION('ref_axis',(-6.60625627097814E-16,1.,0.));
#5552=DIRECTION('',(1.11022302462516E-16,-2.77555756156289E-17,1.));
#5553=DIRECTION('',(0.,0.,-1.));
#5554=DIRECTION('',(0.,0.707106781186545,0.70710678118655));
#5555=DIRECTION('',(-3.6090143019103E-17,-1.,0.));
#5556=DIRECTION('',(0.,0.500000000000001,-0.866025403784438));
#5557=DIRECTION('',(0.,0.,-1.));
#5558=DIRECTION('',(-3.6090143019103E-17,-1.,-8.4569825134915E-50));
#5559=DIRECTION('',(3.05213708421962E-66,8.45698251349151E-50,-1.));
#5560=DIRECTION('',(0.,0.,1.));
#5561=DIRECTION('',(-6.60625627097814E-16,1.,0.));
#5562=DIRECTION('',(6.60625627097814E-16,-1.,0.));
#5563=DIRECTION('',(0.,0.,1.));
#5564=DIRECTION('center_axis',(1.,-3.6090143019103E-17,0.));
#5565=DIRECTION('ref_axis',(5.00382208281761E-16,-1.,-3.19704370768281E-32));
#5566=DIRECTION('center_axis',(1.,6.60625627097814E-16,0.));
#5567=DIRECTION('ref_axis',(5.00382208281761E-16,-1.,-3.19704370768281E-32));
#5568=DIRECTION('center_axis',(1.,1.00076441656352E-15,0.));
#5569=DIRECTION('ref_axis',(1.00076441656352E-15,-1.,-3.19704370768281E-32));
#5570=DIRECTION('',(1.,1.00076441656352E-15,0.));
#5571=DIRECTION('center_axis',(1.,5.75928194024299E-16,-1.11022302462516E-16));
#5572=DIRECTION('ref_axis',(5.75928194024299E-16,-1.,-3.19704370768281E-32));
#5573=DIRECTION('center_axis',(1.,5.75928194024299E-16,-1.11022302462516E-16));
#5574=DIRECTION('ref_axis',(5.75928194024299E-16,-1.,-3.19704370768281E-32));
#5575=DIRECTION('center_axis',(-1.,-5.75928194024299E-16,1.11022302462516E-16));
#5576=DIRECTION('ref_axis',(5.75928194024299E-16,-1.,-3.19704370768281E-32));
#5577=DIRECTION('',(0.,0.,-1.));
#5578=DIRECTION('',(0.,0.,-1.));
#5579=DIRECTION('center_axis',(1.,5.00382208281761E-16,0.));
#5580=DIRECTION('ref_axis',(5.00382208281761E-16,-1.,-3.19704370768281E-32));
#5581=DIRECTION('',(1.,5.00382208281761E-16,0.));
#5582=DIRECTION('center_axis',(1.,5.75928194024299E-16,-1.11022302462516E-16));
#5583=DIRECTION('ref_axis',(5.75928194024299E-16,-1.,-3.19704370768281E-32));
#5584=DIRECTION('center_axis',(1.,5.75928194024299E-16,-1.11022302462516E-16));
#5585=DIRECTION('ref_axis',(5.75928194024299E-16,-1.,-3.19704370768281E-32));
#5586=DIRECTION('center_axis',(-1.,-5.75928194024299E-16,1.11022302462516E-16));
#5587=DIRECTION('ref_axis',(5.75928194024299E-16,-1.,-3.19704370768281E-32));
#5588=DIRECTION('',(0.,0.,-1.));
#5589=DIRECTION('',(0.,0.,-1.));
#5590=DIRECTION('center_axis',(1.,0.,0.));
#5591=DIRECTION('ref_axis',(0.,1.,0.));
#5592=DIRECTION('',(0.707106781186545,-0.70710678118655,8.65956056235497E-17));
#5593=DIRECTION('center_axis',(1.,0.,0.));
#5594=DIRECTION('ref_axis',(0.,1.,0.));
#5595=DIRECTION('center_axis',(-1.,0.,0.));
#5596=DIRECTION('ref_axis',(0.,1.,8.4569825134915E-50));
#5597=DIRECTION('center_axis',(-0.707106781186549,0.707106781186546,0.));
#5598=DIRECTION('ref_axis',(0.707106781186546,0.707106781186549,5.9799896836659E-50));
#5599=DIRECTION('',(-1.,0.,0.));
#5600=DIRECTION('center_axis',(1.,0.,0.));
#5601=DIRECTION('ref_axis',(0.,1.,0.));
#5602=DIRECTION('',(0.707106781186545,-0.70710678118655,8.65956056235497E-17));
#5603=DIRECTION('center_axis',(1.,0.,0.));
#5604=DIRECTION('ref_axis',(0.,1.,0.));
#5605=DIRECTION('center_axis',(-1.,0.,0.));
#5606=DIRECTION('ref_axis',(0.,1.,8.4569825134915E-50));
#5607=DIRECTION('center_axis',(-0.707106781186549,-0.707106781186546,0.));
#5608=DIRECTION('ref_axis',(-0.707106781186546,0.707106781186549,5.9799896836659E-50));
#5609=DIRECTION('',(-1.,0.,0.));
#5610=DIRECTION('center_axis',(0.,1.,0.));
#5611=DIRECTION('ref_axis',(-0.707106781186548,0.,-0.707106781186548));
#5612=DIRECTION('center_axis',(0.,-1.,-8.45698251349151E-50));
#5613=DIRECTION('ref_axis',(-0.707106781186548,0.,-0.707106781186548));
#5614=DIRECTION('',(0.,1.,0.));
#5615=DIRECTION('center_axis',(0.,1.,8.45698251349151E-50));
#5616=DIRECTION('ref_axis',(-0.707106781186548,0.,-0.707106781186548));
#5617=DIRECTION('center_axis',(-1.,0.,0.));
#5618=DIRECTION('ref_axis',(0.,0.,1.));
#5619=DIRECTION('',(0.,8.45698251349151E-50,-1.));
#5620=DIRECTION('',(0.,-1.,-8.4569825134915E-50));
#5621=DIRECTION('',(0.,0.,-1.));
#5622=DIRECTION('center_axis',(0.,1.,0.));
#5623=DIRECTION('ref_axis',(0.,0.,1.));
#5624=DIRECTION('',(0.,0.,1.));
#5625=DIRECTION('',(1.,0.,0.));
#5626=DIRECTION('center_axis',(0.,0.,-1.));
#5627=DIRECTION('ref_axis',(-1.,0.,0.));
#5628=DIRECTION('',(5.87792791521155E-18,-1.,4.27642353614751E-50));
#5629=DIRECTION('center_axis',(1.,0.,0.));
#5630=DIRECTION('ref_axis',(0.,0.,-1.));
#5631=DIRECTION('center_axis',(0.,-1.,0.));
#5632=DIRECTION('ref_axis',(0.,0.,-1.));
#5633=DIRECTION('',(-1.,0.,0.));
#5634=DIRECTION('',(0.,0.,-1.));
#5635=DIRECTION('center_axis',(1.,0.,0.));
#5636=DIRECTION('ref_axis',(0.,0.,-1.));
#5637=DIRECTION('',(5.87792791521155E-18,-1.,4.27642353614751E-50));
#5638=DIRECTION('center_axis',(0.,0.,-1.));
#5639=DIRECTION('ref_axis',(0.382683432365103,-0.923879532511281,0.));
#5640=DIRECTION('',(0.,0.,1.));
#5641=DIRECTION('center_axis',(0.,0.,-1.));
#5642=DIRECTION('ref_axis',(0.382683432365103,-0.923879532511281,0.));
#5643=DIRECTION('',(0.,0.,-1.));
#5644=DIRECTION('center_axis',(0.707106781186549,-0.707106781186546,0.));
#5645=DIRECTION('ref_axis',(0.,0.,-1.));
#5646=DIRECTION('',(-0.707106781186546,-0.707106781186549,0.));
#5647=DIRECTION('center_axis',(0.,0.,1.));
#5648=DIRECTION('ref_axis',(0.382683432365103,0.923879532511281,0.));
#5649=DIRECTION('center_axis',(0.,0.,-1.));
#5650=DIRECTION('ref_axis',(0.382683432365103,0.923879532511281,0.));
#5651=DIRECTION('',(0.,0.,-1.));
#5652=DIRECTION('',(0.,0.,1.));
#5653=DIRECTION('center_axis',(1.46745711639839E-15,-1.,0.));
#5654=DIRECTION('ref_axis',(1.,1.46745711639839E-15,-1.08100328868097E-16));
#5655=DIRECTION('',(0.,0.,-1.));
#5656=DIRECTION('',(-1.,-1.46745711639839E-15,0.));
#5657=DIRECTION('center_axis',(0.,0.,1.));
#5658=DIRECTION('ref_axis',(-0.707106781186554,-0.707106781186541,0.));
#5659=DIRECTION('center_axis',(0.,0.,-1.));
#5660=DIRECTION('ref_axis',(-0.707106781186554,-0.707106781186541,0.));
#5661=DIRECTION('',(0.,0.,1.));
#5662=DIRECTION('center_axis',(0.,0.,-1.));
#5663=DIRECTION('ref_axis',(-0.707106781186554,0.707106781186541,0.));
#5664=DIRECTION('center_axis',(0.,0.,-1.));
#5665=DIRECTION('ref_axis',(-0.707106781186554,0.707106781186541,0.));
#5666=DIRECTION('center_axis',(-1.46745711639839E-15,1.,0.));
#5667=DIRECTION('ref_axis',(-1.,-1.46745711639839E-15,1.08100328868097E-16));
#5668=DIRECTION('',(1.,1.46745711639839E-15,0.));
#5669=DIRECTION('center_axis',(0.707106781186549,0.707106781186546,0.));
#5670=DIRECTION('ref_axis',(0.,0.,-1.));
#5671=DIRECTION('',(0.707106781186546,-0.707106781186549,0.));
#5672=DIRECTION('center_axis',(0.,0.,1.));
#5673=DIRECTION('ref_axis',(1.,0.,0.));
#5674=DIRECTION('center_axis',(0.,0.,1.));
#5675=DIRECTION('ref_axis',(1.,0.,0.));
#5676=DIRECTION('center_axis',(0.,0.,1.));
#5677=DIRECTION('ref_axis',(1.,0.,0.));
#5678=DIRECTION('center_axis',(0.,0.,1.));
#5679=DIRECTION('ref_axis',(1.,0.,0.));
#5680=DIRECTION('',(-0.745355992499921,-0.666666666666677,0.));
#5681=DIRECTION('',(0.749213528842669,0.662328534204917,3.12582916853102E-5));
#5682=DIRECTION('center_axis',(0.662328534528505,-0.749213529208678,0.));
#5683=DIRECTION('ref_axis',(0.749213529208678,0.662328534528505,-9.91674893546922E-17));
#5684=DIRECTION('',(0.,0.,1.));
#5685=DIRECTION('center_axis',(0.,0.,1.));
#5686=DIRECTION('ref_axis',(1.,0.,0.));
#5687=DIRECTION('',(1.,0.,0.));
#5688=DIRECTION('',(0.,-1.,0.));
#5689=DIRECTION('center_axis',(0.,0.,1.));
#5690=DIRECTION('ref_axis',(1.,0.,0.));
#5691=DIRECTION('center_axis',(0.,0.,1.));
#5692=DIRECTION('ref_axis',(1.,0.,0.));
#5693=DIRECTION('center_axis',(0.74535599250003,0.666666666666555,0.));
#5694=DIRECTION('ref_axis',(0.666666666666555,-0.74535599250003,0.));
#5695=DIRECTION('center_axis',(0.,0.,1.));
#5696=DIRECTION('ref_axis',(1.,0.,0.));
#5697=DIRECTION('center_axis',(-0.745355992499932,0.666666666666664,0.));
#5698=DIRECTION('ref_axis',(0.666666666666664,0.745355992499932,0.));
#5699=DIRECTION('center_axis',(0.,0.,1.));
#5700=DIRECTION('ref_axis',(1.,-4.44089209850056E-14,0.));
#5701=DIRECTION('center_axis',(0.74535599250003,0.666666666666555,0.));
#5702=DIRECTION('ref_axis',(0.666666666666555,-0.74535599250003,0.));
#5703=DIRECTION('center_axis',(-0.745355992499921,-0.666666666666677,0.));
#5704=DIRECTION('ref_axis',(0.471404520791046,-0.527046276694687,-0.70710678118657));
#5705=DIRECTION('',(-0.745355992499921,-0.666666666666677,0.));
#5706=DIRECTION('center_axis',(-0.872871560943976,0.487950036474256,0.));
#5707=DIRECTION('ref_axis',(-0.487950036474255,-0.872871560943976,-5.64305588917098E-17));
#5708=DIRECTION('center_axis',(-1.,0.,0.));
#5709=DIRECTION('ref_axis',(0.,-1.,6.46493269074802E-17));
#5710=DIRECTION('center_axis',(0.,-1.,0.));
#5711=DIRECTION('ref_axis',(1.,0.,-1.15648231731789E-16));
#5712=DIRECTION('center_axis',(-0.745355992499921,-0.666666666666677,0.));
#5713=DIRECTION('ref_axis',(0.471404520791046,-0.527046276694687,-0.70710678118657));
#5714=DIRECTION('',(0.749213528842669,0.662328534204917,3.12582916853102E-5));
#5715=DIRECTION('center_axis',(0.74535599250003,0.666666666666555,0.));
#5716=DIRECTION('ref_axis',(0.666666666666555,-0.74535599250003,0.));
#5717=DIRECTION('center_axis',(0.,0.,1.));
#5718=DIRECTION('ref_axis',(1.,0.,0.));
#5719=DIRECTION('',(0.745355992499931,-0.666666666666665,0.));
#5720=DIRECTION('center_axis',(0.,0.,1.));
#5721=DIRECTION('ref_axis',(1.,0.,0.));
#5722=DIRECTION('',(-0.749213528842765,0.662328534204809,-3.12582916853062E-5));
#5723=DIRECTION('center_axis',(0.662328534528437,0.749213529208738,0.));
#5724=DIRECTION('ref_axis',(-0.749213529208738,0.662328534528437,6.28129684450877E-17));
#5725=DIRECTION('',(0.,0.,-1.));
#5726=DIRECTION('',(0.,0.,1.));
#5727=DIRECTION('center_axis',(0.,0.,1.));
#5728=DIRECTION('ref_axis',(1.,0.,0.));
#5729=DIRECTION('',(0.,-1.,0.));
#5730=DIRECTION('',(-1.,0.,0.));
#5731=DIRECTION('center_axis',(0.745355992499931,-0.666666666666665,0.));
#5732=DIRECTION('ref_axis',(0.471404520791031,0.527046276694733,-0.707106781186546));
#5733=DIRECTION('',(0.745355992499931,-0.666666666666665,0.));
#5734=DIRECTION('center_axis',(-0.745355992499972,0.66666666666662,0.));
#5735=DIRECTION('ref_axis',(0.66666666666662,0.745355992499972,0.));
#5736=DIRECTION('center_axis',(0.,-1.,0.));
#5737=DIRECTION('ref_axis',(1.,0.,2.31296463463574E-16));
#5738=DIRECTION('center_axis',(1.,0.,0.));
#5739=DIRECTION('ref_axis',(0.,1.,1.29298653814962E-16));
#5740=DIRECTION('center_axis',(-0.872871560943972,-0.487950036474262,0.));
#5741=DIRECTION('ref_axis',(-0.487950036474262,0.872871560943972,5.64305588917112E-17));
#5742=DIRECTION('center_axis',(0.745355992499931,-0.666666666666665,0.));
#5743=DIRECTION('ref_axis',(0.471404520791031,0.527046276694733,-0.707106781186546));
#5744=DIRECTION('',(-0.749213528842765,0.662328534204809,-3.12582916853062E-5));
#5745=DIRECTION('center_axis',(-0.745355992499972,0.66666666666662,0.));
#5746=DIRECTION('ref_axis',(0.66666666666662,0.745355992499972,0.));
#5747=DIRECTION('center_axis',(0.,0.,1.));
#5748=DIRECTION('ref_axis',(1.,0.,0.));
#5749=DIRECTION('center_axis',(-0.745355992499972,0.66666666666662,0.));
#5750=DIRECTION('ref_axis',(0.66666666666662,0.745355992499972,0.));
#5751=DIRECTION('center_axis',(0.,0.,1.));
#5752=DIRECTION('ref_axis',(1.,0.,0.));
#5753=DIRECTION('center_axis',(0.745355992499912,0.666666666666687,0.));
#5754=DIRECTION('ref_axis',(0.666666666666687,-0.745355992499912,0.));
#5755=DIRECTION('center_axis',(0.,0.,-1.));
#5756=DIRECTION('ref_axis',(1.,0.,0.));
#5757=DIRECTION('center_axis',(0.,0.,1.));
#5758=DIRECTION('ref_axis',(1.,0.,0.));
#5759=DIRECTION('center_axis',(0.,0.,1.));
#5760=DIRECTION('ref_axis',(1.,0.,0.));
#5761=DIRECTION('center_axis',(-0.745355992499921,-0.666666666666677,0.));
#5762=DIRECTION('ref_axis',(0.471404520791046,-0.527046276694687,-0.70710678118657));
#5763=DIRECTION('',(-0.745355992499921,-0.666666666666677,0.));
#5764=DIRECTION('center_axis',(-5.92118946466728E-14,1.,0.));
#5765=DIRECTION('ref_axis',(1.,5.92118946466728E-14,0.));
#5766=DIRECTION('',(0.745355992499921,0.666666666666677,0.));
#5767=DIRECTION('center_axis',(1.,0.,0.));
#5768=DIRECTION('ref_axis',(0.,0.,1.));
#5769=DIRECTION('',(0.,-1.,0.));
#5770=DIRECTION('',(0.,0.,-1.));
#5771=DIRECTION('center_axis',(0.,-1.,0.));
#5772=DIRECTION('ref_axis',(0.,0.,1.));
#5773=DIRECTION('center_axis',(0.,1.,0.));
#5774=DIRECTION('ref_axis',(1.,0.,0.));
#5775=DIRECTION('center_axis',(0.745355992499931,-0.666666666666665,0.));
#5776=DIRECTION('ref_axis',(0.471404520791031,0.527046276694733,-0.707106781186546));
#5777=DIRECTION('',(-0.745355992499931,0.666666666666665,0.));
#5778=DIRECTION('center_axis',(1.18423789293346E-13,-1.,0.));
#5779=DIRECTION('ref_axis',(-1.,-1.18423789293346E-13,0.));
#5780=DIRECTION('',(0.745355992499931,-0.666666666666665,0.));
#5781=DIRECTION('center_axis',(1.,0.,0.));
#5782=DIRECTION('ref_axis',(0.,0.,1.));
#5783=DIRECTION('',(0.,0.,1.));
#5784=DIRECTION('',(0.,-1.,0.));
#5785=DIRECTION('center_axis',(0.,1.,0.));
#5786=DIRECTION('ref_axis',(0.,0.,-1.));
#5787=DIRECTION('center_axis',(0.,-1.,0.));
#5788=DIRECTION('ref_axis',(1.,0.,0.));
#5789=DIRECTION('center_axis',(0.,0.,-1.));
#5790=DIRECTION('ref_axis',(-1.,0.,0.));
#5791=DIRECTION('center_axis',(1.,1.00076441656352E-15,0.));
#5792=DIRECTION('ref_axis',(1.00076441656352E-15,-1.,-3.19704370768281E-32));
#5793=DIRECTION('',(1.,1.00076441656352E-15,0.));
#5794=DIRECTION('center_axis',(1.,5.75928194024299E-16,-1.11022302462516E-16));
#5795=DIRECTION('ref_axis',(5.75928194024299E-16,-1.,-3.19704370768281E-32));
#5796=DIRECTION('center_axis',(-1.,-5.75928194024299E-16,1.11022302462516E-16));
#5797=DIRECTION('ref_axis',(5.75928194024299E-16,-1.,-3.19704370768281E-32));
#5798=DIRECTION('center_axis',(1.,5.00382208281761E-16,0.));
#5799=DIRECTION('ref_axis',(5.00382208281761E-16,-1.,-3.19704370768281E-32));
#5800=DIRECTION('',(1.,5.00382208281761E-16,0.));
#5801=DIRECTION('center_axis',(1.,5.75928194024299E-16,-1.11022302462516E-16));
#5802=DIRECTION('ref_axis',(5.75928194024299E-16,-1.,-3.19704370768281E-32));
#5803=DIRECTION('center_axis',(-1.,-5.75928194024299E-16,1.11022302462516E-16));
#5804=DIRECTION('ref_axis',(5.75928194024299E-16,-1.,-3.19704370768281E-32));
#5805=DIRECTION('center_axis',(0.,-1.,-8.45698251349151E-50));
#5806=DIRECTION('ref_axis',(2.46519032881566E-32,8.45698251349151E-50,-1.));
#5807=DIRECTION('',(1.,0.,0.));
#5808=DIRECTION('',(1.,1.52347453185757E-33,-1.08100328868097E-16));
#5809=DIRECTION('',(1.,0.,0.));
#5810=DIRECTION('center_axis',(0.,0.,-1.));
#5811=DIRECTION('ref_axis',(1.,0.,0.));
#5812=DIRECTION('center_axis',(-1.08100328868097E-16,0.,-1.));
#5813=DIRECTION('ref_axis',(1.,0.,0.));
#5814=DIRECTION('',(0.,0.,-1.));
#5815=DIRECTION('center_axis',(0.,0.,-1.));
#5816=DIRECTION('ref_axis',(1.,0.,0.));
#5817=DIRECTION('',(0.,0.,-1.));
#5818=DIRECTION('center_axis',(0.,8.4569825134915E-50,-1.));
#5819=DIRECTION('ref_axis',(1.,0.,0.));
#5820=DIRECTION('center_axis',(0.66575688863915,-0.746168724371049,0.));
#5821=DIRECTION('ref_axis',(-0.746168724371049,-0.66575688863915,0.));
#5822=DIRECTION('',(0.746168724371049,0.66575688863915,-8.06610844955989E-17));
#5823=DIRECTION('',(0.746168724371049,0.66575688863915,5.6302943654578E-50));
#5824=DIRECTION('',(0.746168724371049,0.66575688863915,0.));
#5825=DIRECTION('',(0.,0.,-1.));
#5826=DIRECTION('center_axis',(0.,0.,1.));
#5827=DIRECTION('ref_axis',(1.,0.,0.));
#5828=DIRECTION('',(-0.745355992499921,0.666666666666676,0.));
#5829=DIRECTION('center_axis',(0.,0.,1.));
#5830=DIRECTION('ref_axis',(1.,0.,0.));
#5831=DIRECTION('center_axis',(0.,0.,-1.));
#5832=DIRECTION('ref_axis',(1.,0.,0.));
#5833=DIRECTION('',(0.74535599249993,0.666666666666667,0.));
#5834=DIRECTION('',(-0.745355992499931,0.666666666666666,0.));
#5835=DIRECTION('',(1.,1.52347453185757E-33,-1.08100328868097E-16));
#5836=DIRECTION('center_axis',(0.,1.,8.45698251349151E-50));
#5837=DIRECTION('ref_axis',(-2.46519032881566E-32,-8.45698251349151E-50,
1.));
#5838=DIRECTION('',(1.,0.,0.));
#5839=DIRECTION('',(1.,0.,0.));
#5840=DIRECTION('center_axis',(0.,-8.4569825134915E-50,1.));
#5841=DIRECTION('ref_axis',(1.52347453185757E-33,-1.,-8.4569825134915E-50));
#5842=DIRECTION('center_axis',(0.,8.4569825134915E-50,-1.));
#5843=DIRECTION('ref_axis',(1.,0.,0.));
#5844=DIRECTION('',(-0.745355992499931,0.666666666666666,5.63798834232766E-50));
#5845=DIRECTION('center_axis',(0.,8.4569825134915E-50,-1.));
#5846=DIRECTION('ref_axis',(1.,0.,0.));
#5847=DIRECTION('center_axis',(0.,0.,-1.));
#5848=DIRECTION('ref_axis',(1.,0.,0.));
#5849=DIRECTION('',(0.,0.,-1.));
#5850=DIRECTION('center_axis',(0.,0.,-1.));
#5851=DIRECTION('ref_axis',(1.,0.,0.));
#5852=DIRECTION('',(0.,0.,-1.));
#5853=DIRECTION('center_axis',(0.666666666666666,0.745355992499931,0.));
#5854=DIRECTION('ref_axis',(0.745355992499931,-0.666666666666666,0.));
#5855=DIRECTION('',(0.,0.,-1.));
#5856=DIRECTION('',(-0.745355992499931,0.666666666666666,0.));
#5857=DIRECTION('center_axis',(0.666666666666665,0.745355992499931,0.));
#5858=DIRECTION('ref_axis',(0.745355992499931,-0.666666666666665,0.));
#5859=DIRECTION('',(0.,0.,-1.));
#5860=DIRECTION('center_axis',(0.666666666666676,0.745355992499921,0.));
#5861=DIRECTION('ref_axis',(0.745355992499921,-0.666666666666676,0.));
#5862=DIRECTION('',(-0.745355992499921,0.666666666666676,0.));
#5863=DIRECTION('center_axis',(0.666666666666667,-0.74535599249993,0.));
#5864=DIRECTION('ref_axis',(-0.74535599249993,-0.666666666666667,0.));
#5865=DIRECTION('',(0.74535599249993,0.666666666666667,0.));
#5866=DIRECTION('center_axis',(0.,0.,1.));
#5867=DIRECTION('ref_axis',(1.,0.,0.));
#5868=DIRECTION('center_axis',(-1.08100328868097E-16,-2.74444773359287E-17,
-1.));
#5869=DIRECTION('ref_axis',(1.,6.64171338499316E-41,-1.08100328868097E-16));
#5870=DIRECTION('center_axis',(-1.08100328868097E-16,-2.74444773359287E-17,
-1.));
#5871=DIRECTION('ref_axis',(1.,0.,0.));
#5872=DIRECTION('',(0.74535599249993,0.666666666666667,-9.88695461370018E-17));
#5873=DIRECTION('',(-0.745355992499931,0.666666666666666,6.2276909689097E-17));
#5874=DIRECTION('center_axis',(-0.666666666666667,0.74535599249993,0.));
#5875=DIRECTION('ref_axis',(0.74535599249993,0.666666666666667,-9.88695461370018E-17));
#5876=DIRECTION('',(0.,0.,-1.));
#5877=DIRECTION('',(0.74535599249993,0.666666666666667,0.));
#5878=DIRECTION('',(0.,0.,-1.));
#5879=DIRECTION('center_axis',(-1.08100328868097E-16,-2.74444773359287E-17,
-1.));
#5880=DIRECTION('ref_axis',(1.,6.64171338358799E-41,-1.08100328868097E-16));
#5881=DIRECTION('center_axis',(-1.08100328868097E-16,-2.74444773359287E-17,
-1.));
#5882=DIRECTION('ref_axis',(1.,0.,0.));
#5883=DIRECTION('',(0.746168724371049,0.66575688863915,-9.89324343370944E-17));
#5884=DIRECTION('',(-0.745355992499921,0.666666666666676,6.22769096890957E-17));
#5885=DIRECTION('center_axis',(-0.66575688863915,0.746168724371049,0.));
#5886=DIRECTION('ref_axis',(0.746168724371049,0.66575688863915,-9.89324343370944E-17));
#5887=DIRECTION('',(0.,0.,-1.));
#5888=DIRECTION('',(0.746168724371049,0.66575688863915,0.));
#5889=DIRECTION('',(0.,0.,-1.));
#5890=DIRECTION('center_axis',(0.,0.,-1.));
#5891=DIRECTION('ref_axis',(-1.,0.,0.));
#5892=DIRECTION('center_axis',(0.,0.,1.));
#5893=DIRECTION('ref_axis',(1.,0.,0.));
#5894=DIRECTION('',(0.745355992499908,-0.666666666666691,0.));
#5895=DIRECTION('',(-0.745355992499921,-0.666666666666677,0.));
#5896=DIRECTION('center_axis',(0.,0.,-1.));
#5897=DIRECTION('ref_axis',(-1.,0.,0.));
#5898=DIRECTION('center_axis',(0.,0.,1.));
#5899=DIRECTION('ref_axis',(1.,0.,0.));
#5900=DIRECTION('',(0.745355992499931,-0.666666666666665,0.));
#5901=DIRECTION('',(-0.745355992499892,-0.666666666666709,0.));
#5902=DIRECTION('center_axis',(-0.666666666666665,-0.745355992499931,0.));
#5903=DIRECTION('ref_axis',(0.745355992499931,-0.666666666666665,-3.19276870311496E-14));
#5904=DIRECTION('',(0.,0.,-1.));
#5905=DIRECTION('',(0.,0.,1.));
#5906=DIRECTION('center_axis',(-0.666666666666691,-0.745355992499908,0.));
#5907=DIRECTION('ref_axis',(0.745355992499908,-0.666666666666691,-6.22769096890939E-17));
#5908=DIRECTION('',(0.,0.,-1.));
#5909=DIRECTION('',(0.745355992499908,-0.666666666666691,0.));
#5910=DIRECTION('',(0.,0.,1.));
#5911=DIRECTION('center_axis',(0.66666666666666,-0.745355992499936,0.));
#5912=DIRECTION('ref_axis',(-0.745355992499936,-0.666666666666659,0.));
#5913=DIRECTION('',(0.745355992499936,0.666666666666659,0.));
#5914=DIRECTION('',(0.,0.,-1.));
#5915=DIRECTION('center_axis',(0.666666666666646,0.745355992499949,0.));
#5916=DIRECTION('ref_axis',(0.745355992499949,-0.666666666666646,0.));
#5917=DIRECTION('',(-0.745355992499949,0.666666666666646,0.));
#5918=DIRECTION('center_axis',(0.666666666666709,-0.745355992499892,0.));
#5919=DIRECTION('ref_axis',(-0.745355992499892,-0.666666666666709,0.));
#5920=DIRECTION('',(0.745355992499892,0.666666666666709,0.));
#5921=DIRECTION('',(0.,0.,-1.));
#5922=DIRECTION('center_axis',(0.,0.,-1.));
#5923=DIRECTION('ref_axis',(1.,0.,0.));
#5924=DIRECTION('center_axis',(0.666666666666677,-0.745355992499921,0.));
#5925=DIRECTION('ref_axis',(-0.745355992499921,-0.666666666666677,0.));
#5926=DIRECTION('',(0.,0.,-1.));
#5927=DIRECTION('center_axis',(0.666666666666691,0.745355992499908,0.));
#5928=DIRECTION('ref_axis',(0.745355992499908,-0.666666666666691,0.));
#5929=DIRECTION('',(-0.745355992499908,0.666666666666691,0.));
#5930=DIRECTION('center_axis',(0.666666666666709,-0.745355992499892,0.));
#5931=DIRECTION('ref_axis',(-0.745355992499892,-0.666666666666709,0.));
#5932=DIRECTION('',(0.745355992499892,0.666666666666709,0.));
#5933=DIRECTION('',(0.,0.,-1.));
#5934=DIRECTION('',(0.,0.,-1.));
#5935=DIRECTION('center_axis',(0.,0.,-1.));
#5936=DIRECTION('ref_axis',(1.,5.32907051820068E-14,0.));
#5937=DIRECTION('',(0.,0.,-1.));
#5938=DIRECTION('center_axis',(0.,0.,-1.));
#5939=DIRECTION('ref_axis',(1.,5.32907051820068E-14,0.));
#5940=DIRECTION('center_axis',(0.666666666666673,0.745355992499925,0.));
#5941=DIRECTION('ref_axis',(0.745355992499925,-0.666666666666673,0.));
#5942=DIRECTION('',(-0.745355992499925,0.666666666666673,0.));
#5943=DIRECTION('center_axis',(0.745355992499931,0.666666666666666,0.));
#5944=DIRECTION('ref_axis',(0.471404520791114,-0.527046276694826,0.70710678118642));
#5945=DIRECTION('',(0.745355992499931,0.666666666666666,0.));
#5946=DIRECTION('center_axis',(-0.745355992499972,-0.66666666666662,0.));
#5947=DIRECTION('ref_axis',(0.66666666666662,-0.745355992499972,0.));
#5948=DIRECTION('center_axis',(0.,-1.,8.88178419700302E-14));
#5949=DIRECTION('ref_axis',(1.,-7.05578643546759E-27,-7.94410929039283E-14));
#5950=DIRECTION('center_axis',(0.,0.,-1.));
#5951=DIRECTION('ref_axis',(1.,2.03012210217175E-14,0.));
#5952=DIRECTION('center_axis',(0.,0.,-1.));
#5953=DIRECTION('ref_axis',(1.,0.,0.));
#5954=DIRECTION('center_axis',(0.745355992499932,-0.666666666666664,0.));
#5955=DIRECTION('ref_axis',(0.666666666666664,0.745355992499932,0.));
#5956=DIRECTION('center_axis',(-0.745355992499931,0.666666666666666,0.));
#5957=DIRECTION('ref_axis',(0.471404520791114,0.527046276694826,0.70710678118642));
#5958=DIRECTION('',(-0.745355992499931,0.666666666666666,0.));
#5959=DIRECTION('center_axis',(0.,0.,-1.));
#5960=DIRECTION('ref_axis',(1.,1.22464679914735E-16,0.));
#5961=DIRECTION('',(0.,0.,1.));
#5962=DIRECTION('center_axis',(0.,0.,-1.));
#5963=DIRECTION('ref_axis',(-1.,0.,0.));
#5964=DIRECTION('',(0.,0.,1.));
#5965=DIRECTION('center_axis',(-0.666666666666666,0.745355992499931,0.));
#5966=DIRECTION('ref_axis',(0.745355992499931,0.666666666666666,-9.88695461370019E-17));
#5967=DIRECTION('',(0.,0.,-1.));
#5968=DIRECTION('',(0.745355992499931,0.666666666666666,0.));
#5969=DIRECTION('center_axis',(0.74535599249993,0.666666666666667,0.));
#5970=DIRECTION('ref_axis',(0.471404520791114,-0.527046276694826,0.70710678118642));
#5971=DIRECTION('center_axis',(-0.745355992499893,-0.666666666666708,0.));
#5972=DIRECTION('ref_axis',(0.666666666666708,-0.745355992499893,0.));
#5973=DIRECTION('center_axis',(0.,-1.,0.));
#5974=DIRECTION('ref_axis',(1.,0.,0.));
#5975=DIRECTION('center_axis',(0.,0.,-1.));
#5976=DIRECTION('ref_axis',(1.,0.,0.));
#5977=DIRECTION('center_axis',(0.,0.,-1.));
#5978=DIRECTION('ref_axis',(1.,0.,0.));
#5979=DIRECTION('center_axis',(0.745355992499932,-0.666666666666664,0.));
#5980=DIRECTION('ref_axis',(0.666666666666664,0.745355992499932,0.));
#5981=DIRECTION('center_axis',(-0.745355992499931,0.666666666666666,0.));
#5982=DIRECTION('ref_axis',(0.471404520791114,0.527046276694826,0.70710678118642));
#5983=DIRECTION('',(-0.745355992499931,0.666666666666666,0.));
#5984=DIRECTION('center_axis',(0.,0.,1.));
#5985=DIRECTION('ref_axis',(1.,0.,0.));
#5986=DIRECTION('',(0.,0.,-1.));
#5987=DIRECTION('center_axis',(0.,0.,-1.));
#5988=DIRECTION('ref_axis',(0.999674522266588,0.0255117528027732,0.));
#5989=DIRECTION('center_axis',(0.,0.,-1.));
#5990=DIRECTION('ref_axis',(0.99967452226659,0.0255117528026809,0.));
#5991=DIRECTION('center_axis',(0.745355992499972,-0.66666666666662,0.));
#5992=DIRECTION('ref_axis',(0.66666666666662,0.745355992499972,0.));
#5993=DIRECTION('center_axis',(-0.745355992499921,0.666666666666676,0.));
#5994=DIRECTION('ref_axis',(0.471404520791114,0.527046276694826,0.70710678118642));
#5995=DIRECTION('',(-0.745355992499921,0.666666666666676,0.));
#5996=DIRECTION('center_axis',(-0.000609964989575615,-0.999999813971339,
-4.4408912723683E-14));
#5997=DIRECTION('ref_axis',(0.999999813971338,-0.000609964989575615,3.9671807452633E-14));
#5998=DIRECTION('center_axis',(0.746168724371049,0.66575688863915,0.));
#5999=DIRECTION('ref_axis',(0.470761210578298,-0.527620964912248,0.707106781186494));
#6000=DIRECTION('center_axis',(-0.666666666666676,-0.745355992499921,0.));
#6001=DIRECTION('ref_axis',(-0.745355992499921,0.666666666666676,6.22769096890957E-17));
#6002=DIRECTION('',(0.,0.,-1.));
#6003=DIRECTION('center_axis',(0.,0.,1.));
#6004=DIRECTION('ref_axis',(1.,0.,0.));
#6005=DIRECTION('center_axis',(0.752497948857065,0.658594592268954,0.));
#6006=DIRECTION('ref_axis',(0.465696702245987,-0.532096402465828,0.707106781186644));
#6007=DIRECTION('',(0.752497948857065,0.658594592268954,0.));
#6008=DIRECTION('center_axis',(-0.752497948856995,-0.658594592269034,0.));
#6009=DIRECTION('ref_axis',(0.658594592269034,-0.752497948856995,0.));
#6010=DIRECTION('center_axis',(-2.92474752092229E-14,-1.,4.44089209850151E-14));
#6011=DIRECTION('ref_axis',(1.,-2.92474752092246E-14,-3.88671826330594E-14));
#6012=DIRECTION('center_axis',(0.,0.,-1.));
#6013=DIRECTION('ref_axis',(1.,-5.07530525542937E-15,0.));
#6014=DIRECTION('center_axis',(0.,0.,-1.));
#6015=DIRECTION('ref_axis',(1.,-4.44089209850056E-14,0.));
#6016=DIRECTION('center_axis',(0.752497948856956,-0.658594592269078,0.));
#6017=DIRECTION('ref_axis',(0.658594592269078,0.752497948856956,0.));
#6018=DIRECTION('center_axis',(-0.752497948857047,0.658594592268975,0.));
#6019=DIRECTION('ref_axis',(0.46569670224607,0.532096402465923,0.707106781186518));
#6020=DIRECTION('',(-0.752497948857047,0.658594592268975,0.));
#6021=DIRECTION('center_axis',(0.,0.,-1.));
#6022=DIRECTION('ref_axis',(1.,1.22464679914735E-16,0.));
#6023=DIRECTION('',(0.,0.,1.));
#6024=DIRECTION('center_axis',(0.,0.,-1.));
#6025=DIRECTION('ref_axis',(-1.,0.,0.));
#6026=DIRECTION('',(0.,0.,1.));
#6027=DIRECTION('center_axis',(-0.658594592268954,0.752497948857065,0.));
#6028=DIRECTION('ref_axis',(0.752497948857065,0.658594592268954,3.0994326046337E-14));
#6029=DIRECTION('',(0.,0.,-1.));
#6030=DIRECTION('',(0.752497948857065,0.658594592268954,0.));
#6031=DIRECTION('center_axis',(0.745355992499949,-0.666666666666646,0.));
#6032=DIRECTION('ref_axis',(0.471404520791031,0.527046276694733,-0.707106781186546));
#6033=DIRECTION('',(0.745355992499949,-0.666666666666646,0.));
#6034=DIRECTION('center_axis',(-0.745355992499873,0.66666666666673,0.));
#6035=DIRECTION('ref_axis',(0.66666666666673,0.745355992499873,0.));
#6036=DIRECTION('center_axis',(-2.96059473233364E-14,1.,0.));
#6037=DIRECTION('ref_axis',(1.,2.96059473233364E-14,0.));
#6038=DIRECTION('center_axis',(0.,0.,1.));
#6039=DIRECTION('ref_axis',(1.,0.,0.));
#6040=DIRECTION('center_axis',(0.745355992499932,0.666666666666664,0.));
#6041=DIRECTION('ref_axis',(0.666666666666664,-0.745355992499932,0.));
#6042=DIRECTION('center_axis',(0.,0.,1.));
#6043=DIRECTION('ref_axis',(1.,4.44089209850056E-14,0.));
#6044=DIRECTION('center_axis',(-0.745355992499936,-0.66666666666666,0.));
#6045=DIRECTION('ref_axis',(0.471404520791046,-0.527046276694687,-0.70710678118657));
#6046=DIRECTION('',(-0.745355992499936,-0.666666666666659,0.));
#6047=DIRECTION('center_axis',(0.,0.,1.));
#6048=DIRECTION('ref_axis',(1.,0.,0.));
#6049=DIRECTION('',(0.,0.,-1.));
#6050=DIRECTION('center_axis',(0.,0.,1.));
#6051=DIRECTION('ref_axis',(1.,0.,0.));
#6052=DIRECTION('',(0.,0.,-1.));
#6053=DIRECTION('center_axis',(-0.666666666666646,-0.745355992499949,0.));
#6054=DIRECTION('ref_axis',(0.745355992499949,-0.666666666666646,-6.22769096890995E-17));
#6055=DIRECTION('',(0.,0.,1.));
#6056=DIRECTION('',(0.745355992499949,-0.666666666666646,0.));
#6057=DIRECTION('center_axis',(0.745355992499925,-0.666666666666673,0.));
#6058=DIRECTION('ref_axis',(0.471404520791031,0.527046276694733,-0.707106781186546));
#6059=DIRECTION('',(0.745355992499925,-0.666666666666673,0.));
#6060=DIRECTION('center_axis',(-0.745355992499814,0.666666666666796,0.));
#6061=DIRECTION('ref_axis',(0.666666666666796,0.745355992499814,0.));
#6062=DIRECTION('center_axis',(0.,1.,0.));
#6063=DIRECTION('ref_axis',(1.,0.,0.));
#6064=DIRECTION('center_axis',(0.,0.,1.));
#6065=DIRECTION('ref_axis',(1.,0.,0.));
#6066=DIRECTION('center_axis',(0.745355992499912,0.666666666666687,0.));
#6067=DIRECTION('ref_axis',(0.666666666666687,-0.745355992499912,0.));
#6068=DIRECTION('center_axis',(0.,0.,1.));
#6069=DIRECTION('ref_axis',(1.,5.32907051820068E-14,0.));
#6070=DIRECTION('center_axis',(-0.745355992499892,-0.666666666666709,0.));
#6071=DIRECTION('ref_axis',(0.471404520791046,-0.527046276694687,-0.70710678118657));
#6072=DIRECTION('',(-0.745355992499892,-0.666666666666709,0.));
#6073=DIRECTION('center_axis',(0.,0.,1.));
#6074=DIRECTION('ref_axis',(1.,0.,0.));
#6075=DIRECTION('',(0.,0.,-1.));
#6076=DIRECTION('center_axis',(0.,0.,1.));
#6077=DIRECTION('ref_axis',(1.,0.,0.));
#6078=DIRECTION('',(0.,0.,-1.));
#6079=DIRECTION('center_axis',(-0.666666666666673,-0.745355992499925,0.));
#6080=DIRECTION('ref_axis',(0.745355992499925,-0.666666666666673,-6.22769096890961E-17));
#6081=DIRECTION('',(0.,0.,1.));
#6082=DIRECTION('',(0.745355992499925,-0.666666666666673,0.));
#6083=DIRECTION('center_axis',(0.,0.,1.));
#6084=DIRECTION('ref_axis',(1.,0.,0.));
#6085=DIRECTION('center_axis',(-0.745355992499892,-0.666666666666709,0.));
#6086=DIRECTION('ref_axis',(0.471404520791062,-0.527046276694642,-0.707106781186593));
#6087=DIRECTION('',(-0.745355992499892,-0.666666666666709,0.));
#6088=DIRECTION('center_axis',(0.,0.,1.));
#6089=DIRECTION('ref_axis',(1.,0.,0.));
#6090=DIRECTION('',(0.,0.,-1.));
#6091=DIRECTION('center_axis',(0.745355992499908,-0.666666666666691,0.));
#6092=DIRECTION('ref_axis',(0.471404520791031,0.527046276694733,-0.707106781186546));
#6093=DIRECTION('center_axis',(0.,0.,1.));
#6094=DIRECTION('ref_axis',(1.,0.,0.));
#6095=DIRECTION('center_axis',(0.,0.,1.));
#6096=DIRECTION('ref_axis',(1.,0.,0.));
#6097=DIRECTION('',(0.,0.,-1.));
#6098=DIRECTION('center_axis',(0.,0.,1.));
#6099=DIRECTION('ref_axis',(-1.,0.,0.));
#6100=DIRECTION('',(-0.745355992499936,-0.666666666666659,0.));
#6101=DIRECTION('center_axis',(-0.66666666666666,0.745355992499936,0.));
#6102=DIRECTION('ref_axis',(-0.745355992499936,-0.666666666666659,9.88695461370023E-17));
#6103=DIRECTION('center_axis',(-0.666666666666709,0.745355992499892,0.));
#6104=DIRECTION('ref_axis',(-0.745355992499892,-0.666666666666709,9.88695461369988E-17));
#6105=DIRECTION('center_axis',(-0.666666666666677,0.745355992499921,0.));
#6106=DIRECTION('ref_axis',(-0.745355992499921,-0.666666666666677,9.88695461370011E-17));
#6107=DIRECTION('center_axis',(0.,0.,1.));
#6108=DIRECTION('ref_axis',(-1.,0.,0.));
#6109=DIRECTION('',(-0.745355992499892,-0.666666666666709,0.));
#6110=DIRECTION('center_axis',(-0.666666666666709,0.745355992499892,0.));
#6111=DIRECTION('ref_axis',(-0.745355992499892,-0.666666666666709,9.88695461369988E-17));
#6112=DIRECTION('center_axis',(0.,0.,1.));
#6113=DIRECTION('ref_axis',(-1.,0.,0.));
#6114=DIRECTION('',(-0.752497948857047,0.658594592268975,0.));
#6115=DIRECTION('center_axis',(-0.658594592268975,-0.752497948857047,0.));
#6116=DIRECTION('ref_axis',(-0.752497948857047,0.658594592268975,-3.10304756150596E-14));
#6117=DIRECTION('center_axis',(0.,0.,1.));
#6118=DIRECTION('ref_axis',(-1.,0.,0.));
#6119=DIRECTION('',(-0.745355992499931,0.666666666666666,0.));
#6120=DIRECTION('center_axis',(-0.666666666666666,-0.745355992499931,0.));
#6121=DIRECTION('ref_axis',(-0.745355992499931,0.666666666666666,6.2276909689097E-17));
#6122=DIRECTION('center_axis',(-0.666666666666666,-0.745355992499931,0.));
#6123=DIRECTION('ref_axis',(-0.745355992499931,0.666666666666666,6.2276909689097E-17));
#6124=DIRECTION('center_axis',(0.,0.,-1.));
#6125=DIRECTION('ref_axis',(1.,0.,0.));
#6126=DIRECTION('center_axis',(0.,0.,1.));
#6127=DIRECTION('ref_axis',(1.,0.,0.));
#6128=DIRECTION('center_axis',(0.,0.,-1.));
#6129=DIRECTION('ref_axis',(1.,0.,0.));
#6130=DIRECTION('center_axis',(0.,0.,1.));
#6131=DIRECTION('ref_axis',(1.,0.,0.));
#6132=DIRECTION('center_axis',(0.,0.,-1.));
#6133=DIRECTION('ref_axis',(0.,-1.,0.));
#6134=DIRECTION('center_axis',(0.,0.,1.));
#6135=DIRECTION('ref_axis',(1.,0.,0.));
#6136=DIRECTION('center_axis',(0.,0.,1.));
#6137=DIRECTION('ref_axis',(0.,-1.,0.));
#6138=DIRECTION('center_axis',(0.,0.,1.));
#6139=DIRECTION('ref_axis',(1.,0.,0.));
#6140=DIRECTION('center_axis',(0.,0.,-1.));
#6141=DIRECTION('ref_axis',(1.,0.,0.));
#6142=DIRECTION('center_axis',(0.,0.,-1.));
#6143=DIRECTION('ref_axis',(1.,0.,0.));
#6144=DIRECTION('center_axis',(-6.31439345255558E-16,1.,2.46519032881566E-32));
#6145=DIRECTION('ref_axis',(-1.11022302462516E-16,-4.31408307542741E-32,
-1.));
#6146=DIRECTION('center_axis',(-7.2321343514382E-16,1.,3.7151989987218E-32));
#6147=DIRECTION('ref_axis',(-0.707106781186547,-4.66121198671746E-16,0.707106781186548));
#6148=DIRECTION('center_axis',(6.31439345255558E-16,-1.,-3.36111683794057E-19));
#6149=DIRECTION('ref_axis',(-0.707106781186547,-4.66121198671746E-16,0.707106781186548));
#6150=DIRECTION('center_axis',(6.31439345255558E-16,-1.,-2.46519032881566E-32));
#6151=DIRECTION('ref_axis',(1.11022302462516E-16,4.31408307542741E-32,1.));
#6152=DIRECTION('axis',(0.,0.,1.));
#6153=DIRECTION('refdir',(1.,0.,0.));
#6154=DIRECTION('center_axis',(0.,-1.,0.));
#6155=DIRECTION('ref_axis',(0.707106781186546,0.,-0.707106781186549));
#6156=DIRECTION('center_axis',(0.,1.,0.));
#6157=DIRECTION('ref_axis',(0.707106781186546,0.,-0.707106781186549));
#6158=DIRECTION('',(0.,1.,0.));
#6159=DIRECTION('center_axis',(0.,-1.,-5.55111512312576E-16));
#6160=DIRECTION('ref_axis',(0.,5.55111512312577E-16,-1.));
#6161=DIRECTION('',(0.,-1.,0.));
#6162=DIRECTION('center_axis',(0.,0.,-1.));
#6163=DIRECTION('ref_axis',(0.,1.,0.));
#6164=DIRECTION('center_axis',(-1.,0.,0.));
#6165=DIRECTION('ref_axis',(0.,0.707106781186547,-0.707106781186548));
#6166=DIRECTION('center_axis',(1.,0.,0.));
#6167=DIRECTION('ref_axis',(0.,0.707106781186547,-0.707106781186548));
#6168=DIRECTION('center_axis',(0.,0.,1.));
#6169=DIRECTION('ref_axis',(0.707106781186548,0.707106781186547,0.));
#6170=DIRECTION('',(0.,0.,1.));
#6171=DIRECTION('center_axis',(-2.74194639318349E-17,-3.03578691460033E-18,
-1.));
#6172=DIRECTION('ref_axis',(0.707106781186548,0.707106781186547,0.));
#6173=DIRECTION('',(0.,0.,-1.));
#6174=DIRECTION('',(0.,0.,1.));
#6175=DIRECTION('',(0.,0.,1.));
#6176=DIRECTION('center_axis',(-1.,0.,0.));
#6177=DIRECTION('ref_axis',(0.,1.,0.));
#6178=DIRECTION('',(0.,0.,-1.));
#6179=DIRECTION('',(0.,1.,-3.03578691460033E-18));
#6180=DIRECTION('',(0.,0.,1.));
#6181=DIRECTION('center_axis',(2.74194639318349E-17,3.03578691460033E-18,
1.));
#6182=DIRECTION('ref_axis',(1.,0.,-2.74194639318349E-17));
#6183=DIRECTION('',(-1.,0.,2.74194639318349E-17));
#6184=DIRECTION('center_axis',(-2.74194639318349E-17,-3.03578691460033E-18,
-1.));
#6185=DIRECTION('ref_axis',(-0.707106781186548,0.707106781186547,0.));
#6186=DIRECTION('',(0.,-1.,3.03578691460033E-18));
#6187=DIRECTION('',(1.,0.,-2.74194639318349E-17));
#6188=DIRECTION('',(-8.42600132611265E-35,1.,-3.03578691460033E-18));
#6189=DIRECTION('',(1.,0.,-2.74194639318349E-17));
#6190=DIRECTION('',(8.42600132611265E-35,-1.,3.03578691460033E-18));
#6191=DIRECTION('',(1.,0.,-2.74194639318349E-17));
#6192=DIRECTION('center_axis',(0.,-1.,0.));
#6193=DIRECTION('ref_axis',(-1.,0.,0.));
#6194=DIRECTION('center_axis',(0.,-1.,0.));
#6195=DIRECTION('ref_axis',(-1.,0.,2.7755575615629E-17));
#6196=DIRECTION('center_axis',(0.,-1.,0.));
#6197=DIRECTION('ref_axis',(-1.,0.,2.77555756156289E-17));
#6198=DIRECTION('',(1.,0.,0.));
#6199=DIRECTION('center_axis',(0.,-1.,0.));
#6200=DIRECTION('ref_axis',(-1.,0.,2.77555756156289E-17));
#6201=DIRECTION('center_axis',(0.,-1.,0.));
#6202=DIRECTION('ref_axis',(-1.,0.,2.77555756156289E-17));
#6203=DIRECTION('',(0.,0.,-1.));
#6204=DIRECTION('center_axis',(0.,-1.,0.));
#6205=DIRECTION('ref_axis',(-1.,0.,2.7755575615629E-17));
#6206=DIRECTION('center_axis',(0.,-1.,0.));
#6207=DIRECTION('ref_axis',(-1.,0.,2.7755575615629E-17));
#6208=DIRECTION('',(0.,0.,-1.));
#6209=DIRECTION('center_axis',(0.,-1.,0.));
#6210=DIRECTION('ref_axis',(-1.,0.,2.7755575615629E-17));
#6211=DIRECTION('',(0.,-1.,0.));
#6212=DIRECTION('center_axis',(1.98755970260763E-31,1.,-4.93038065763132E-32));
#6213=DIRECTION('ref_axis',(-1.,0.,2.7755575615629E-17));
#6214=DIRECTION('center_axis',(0.,1.,0.));
#6215=DIRECTION('ref_axis',(-0.707106781186546,0.,-0.707106781186549));
#6216=DIRECTION('center_axis',(0.,1.,0.));
#6217=DIRECTION('ref_axis',(-0.707106781186546,0.,-0.707106781186549));
#6218=DIRECTION('',(0.,1.,0.));
#6219=DIRECTION('center_axis',(0.,-1.,0.));
#6220=DIRECTION('ref_axis',(-1.,0.,0.));
#6221=DIRECTION('',(0.,-1.,0.));
#6222=DIRECTION('center_axis',(0.,0.,-1.));
#6223=DIRECTION('ref_axis',(-1.,0.,0.));
#6224=DIRECTION('center_axis',(-1.,0.,0.));
#6225=DIRECTION('ref_axis',(0.,0.707106781186547,-0.707106781186548));
#6226=DIRECTION('center_axis',(1.,0.,0.));
#6227=DIRECTION('ref_axis',(0.,0.707106781186547,-0.707106781186548));
#6228=DIRECTION('center_axis',(0.,0.,-1.));
#6229=DIRECTION('ref_axis',(-0.707106781186548,0.707106781186547,0.));
#6230=DIRECTION('',(0.,0.,-1.));
#6231=DIRECTION('',(0.,0.,1.));
#6232=DIRECTION('center_axis',(0.,-1.,0.));
#6233=DIRECTION('ref_axis',(0.,0.,-1.));
#6234=DIRECTION('',(-1.,0.,0.));
#6235=DIRECTION('',(0.,0.,1.));
#6236=DIRECTION('',(-1.,0.,0.));
#6237=DIRECTION('',(0.,0.,-1.));
#6238=DIRECTION('',(1.,9.86252507356847E-32,-2.74194639318349E-17));
#6239=DIRECTION('',(0.,0.,-1.));
#6240=DIRECTION('',(-1.,0.,0.));
#6241=DIRECTION('',(0.,0.,-1.));
#6242=DIRECTION('',(-1.,0.,0.));
#6243=DIRECTION('',(0.,0.,-1.));
#6244=DIRECTION('',(-1.,-9.86252507356847E-32,2.74194639318349E-17));
#6245=DIRECTION('center_axis',(0.,1.,0.));
#6246=DIRECTION('ref_axis',(-1.,0.,2.7755575615629E-17));
#6247=DIRECTION('center_axis',(0.,1.,0.));
#6248=DIRECTION('ref_axis',(-1.,0.,2.7755575615629E-17));
#6249=DIRECTION('center_axis',(0.,0.,-1.));
#6250=DIRECTION('ref_axis',(-1.,0.,0.));
#6251=DIRECTION('',(-1.,0.,0.));
#6252=DIRECTION('center_axis',(1.,0.,0.));
#6253=DIRECTION('ref_axis',(0.,0.707106781186547,-0.707106781186548));
#6254=DIRECTION('',(1.,0.,0.));
#6255=DIRECTION('',(1.,0.,0.));
#6256=DIRECTION('center_axis',(0.,-1.,0.));
#6257=DIRECTION('ref_axis',(-1.,0.,0.));
#6258=DIRECTION('center_axis',(0.,-1.,0.));
#6259=DIRECTION('ref_axis',(-1.,0.,2.77555756156289E-17));
#6260=DIRECTION('center_axis',(0.,-1.,0.));
#6261=DIRECTION('ref_axis',(-1.,0.,2.77555756156289E-17));
#6262=DIRECTION('',(0.,-1.,0.));
#6263=DIRECTION('center_axis',(4.94578809691461E-31,1.,-9.79306232008247E-25));
#6264=DIRECTION('ref_axis',(-1.,0.,2.77555756156289E-17));
#6265=DIRECTION('center_axis',(0.,0.,1.));
#6266=DIRECTION('ref_axis',(2.54303664088973E-16,1.,0.));
#6267=DIRECTION('center_axis',(0.,0.,1.));
#6268=DIRECTION('ref_axis',(-5.759281940243E-16,-1.,0.));
#6269=DIRECTION('',(0.,0.,-1.));
#6270=DIRECTION('center_axis',(2.74194639318349E-17,3.03578691460035E-18,
1.));
#6271=DIRECTION('ref_axis',(-5.759281940243E-16,-1.,3.03578691460036E-18));
#6272=DIRECTION('',(0.,0.,1.));
#6273=DIRECTION('center_axis',(0.,0.,1.));
#6274=DIRECTION('ref_axis',(2.54303664088973E-16,1.,0.));
#6275=DIRECTION('center_axis',(0.,0.,-1.));
#6276=DIRECTION('ref_axis',(-5.759281940243E-16,-1.,0.));
#6277=DIRECTION('',(0.,0.,-1.));
#6278=DIRECTION('center_axis',(-2.74194639318349E-17,-3.03578691460034E-18,
-1.));
#6279=DIRECTION('ref_axis',(-5.759281940243E-16,-1.,3.03578691460036E-18));
#6280=DIRECTION('',(0.,0.,1.));
#6281=DIRECTION('center_axis',(-2.74194639318349E-17,-3.03578691460035E-18,
-1.));
#6282=DIRECTION('ref_axis',(-5.759281940243E-16,-1.,3.03578691460036E-18));
#6283=DIRECTION('',(1.,0.,-2.74194639318349E-17));
#6284=DIRECTION('',(1.,0.,-2.74194639318349E-17));
#6285=DIRECTION('center_axis',(0.,-1.,0.));
#6286=DIRECTION('ref_axis',(-1.,0.,0.));
#6287=DIRECTION('',(-1.,0.,0.));
#6288=DIRECTION('',(0.,0.,1.));
#6289=DIRECTION('',(-2.7755575615629E-17,0.,-1.));
#6290=DIRECTION('',(-1.,0.,2.7755575615629E-17));
#6291=DIRECTION('',(0.,0.,-1.));
#6292=DIRECTION('',(-1.,0.,0.));
#6293=DIRECTION('center_axis',(0.,1.,0.));
#6294=DIRECTION('ref_axis',(1.,0.,-2.7755575615629E-17));
#6295=DIRECTION('center_axis',(0.,0.,1.));
#6296=DIRECTION('ref_axis',(1.,0.,0.));
#6297=DIRECTION('',(-1.,0.,0.));
#6298=DIRECTION('',(0.,1.,0.));
#6299=DIRECTION('',(-1.,0.,0.));
#6300=DIRECTION('',(0.,-1.,0.));
#6301=DIRECTION('center_axis',(0.,0.,1.));
#6302=DIRECTION('ref_axis',(1.,0.,0.));
#6303=DIRECTION('center_axis',(0.,0.,1.));
#6304=DIRECTION('ref_axis',(1.,0.,0.));
#6305=DIRECTION('',(-1.,0.,0.));
#6306=DIRECTION('center_axis',(0.,-1.,0.));
#6307=DIRECTION('ref_axis',(1.,0.,0.));
#6308=DIRECTION('',(1.,0.,0.));
#6309=DIRECTION('',(0.,0.,1.));
#6310=DIRECTION('',(-1.,0.,0.));
#6311=DIRECTION('',(0.,0.,1.));
#6312=DIRECTION('center_axis',(-1.,-4.736951571734E-16,0.));
#6313=DIRECTION('ref_axis',(4.736951571734E-16,-1.,0.));
#6314=DIRECTION('',(4.736951571734E-16,-1.,0.));
#6315=DIRECTION('',(-4.736951571734E-16,1.,0.));
#6316=DIRECTION('center_axis',(0.,1.,0.));
#6317=DIRECTION('ref_axis',(0.,0.,1.));
#6318=DIRECTION('',(2.7755575615629E-17,4.93038065763132E-32,1.));
#6319=DIRECTION('',(-1.,1.97215226305253E-31,2.7755575615629E-17));
#6320=DIRECTION('',(-2.7755575615629E-17,-4.93038065763132E-32,-1.));
#6321=DIRECTION('center_axis',(1.,0.,-2.7755575615629E-17));
#6322=DIRECTION('ref_axis',(-2.7755575615629E-17,-4.93038065763132E-32,
-1.));
#6323=DIRECTION('',(0.,1.,0.));
#6324=DIRECTION('center_axis',(-2.7755575615629E-17,0.,-1.));
#6325=DIRECTION('ref_axis',(-1.,1.97215226305253E-31,2.7755575615629E-17));
#6326=DIRECTION('center_axis',(2.7755575615629E-17,0.,1.));
#6327=DIRECTION('ref_axis',(1.,0.,0.));
#6328=DIRECTION('',(0.,1.,0.));
#6329=DIRECTION('',(-1.,0.,2.7755575615629E-17));
#6330=DIRECTION('center_axis',(0.,1.,0.));
#6331=DIRECTION('ref_axis',(1.,0.,-2.7755575615629E-17));
#6332=DIRECTION('',(0.,1.,0.));
#6333=DIRECTION('center_axis',(1.98755970260763E-31,1.,-4.93038065763132E-32));
#6334=DIRECTION('ref_axis',(1.,0.,-2.7755575615629E-17));
#6335=DIRECTION('center_axis',(1.98755970260763E-31,1.,-4.93038065763132E-32));
#6336=DIRECTION('ref_axis',(1.,0.,-2.7755575615629E-17));
#6337=DIRECTION('center_axis',(0.,1.,0.));
#6338=DIRECTION('ref_axis',(1.,0.,-2.7755575615629E-17));
#6339=DIRECTION('center_axis',(0.,1.,0.));
#6340=DIRECTION('ref_axis',(1.,0.,-2.7755575615629E-17));
#6341=DIRECTION('',(0.,1.,0.));
#6342=DIRECTION('center_axis',(1.98755970260763E-31,1.,-4.93038065763132E-32));
#6343=DIRECTION('ref_axis',(1.,0.,-2.7755575615629E-17));
#6344=DIRECTION('center_axis',(1.98755970260763E-31,1.,-4.93038065763132E-32));
#6345=DIRECTION('ref_axis',(1.,0.,-2.7755575615629E-17));
#6346=DIRECTION('center_axis',(0.,0.,1.));
#6347=DIRECTION('ref_axis',(1.,0.,0.));
#6348=DIRECTION('',(0.,-1.,0.));
#6349=DIRECTION('',(2.368475785867E-16,-1.,0.));
#6350=DIRECTION('',(0.,1.,0.));
#6351=DIRECTION('',(1.,0.,0.));
#6352=DIRECTION('center_axis',(-1.,0.,0.));
#6353=DIRECTION('ref_axis',(0.,0.,1.));
#6354=DIRECTION('',(0.,0.,1.));
#6355=DIRECTION('',(0.,-1.,0.));
#6356=DIRECTION('',(0.,0.,1.));
#6357=DIRECTION('center_axis',(0.,-1.,0.));
#6358=DIRECTION('ref_axis',(-1.,0.,2.7755575615629E-17));
#6359=DIRECTION('',(0.,-1.,0.));
#6360=DIRECTION('center_axis',(1.98755970260763E-31,1.,-4.93038065763132E-32));
#6361=DIRECTION('ref_axis',(-1.,0.,2.7755575615629E-17));
#6362=DIRECTION('center_axis',(0.,1.,0.));
#6363=DIRECTION('ref_axis',(-1.,6.32405359920608E-32,2.7755575615629E-17));
#6364=DIRECTION('',(-0.707106781186548,-0.707106781186547,1.06221761357097E-16));
#6365=DIRECTION('center_axis',(0.,-1.,0.));
#6366=DIRECTION('ref_axis',(1.,0.,0.));
#6367=DIRECTION('',(0.,0.,-1.));
#6368=DIRECTION('',(-1.,0.,0.));
#6369=DIRECTION('center_axis',(0.,0.,-1.));
#6370=DIRECTION('ref_axis',(1.,0.,0.));
#6371=DIRECTION('',(0.,1.,0.));
#6372=DIRECTION('',(-1.,0.,0.));
#6373=DIRECTION('center_axis',(0.,-1.,0.));
#6374=DIRECTION('ref_axis',(0.,0.,-1.));
#6375=DIRECTION('',(0.,0.,-1.));
#6376=DIRECTION('center_axis',(1.,0.,0.));
#6377=DIRECTION('ref_axis',(0.,0.,-1.));
#6378=DIRECTION('',(0.,0.,-1.));
#6379=DIRECTION('center_axis',(0.,1.,0.));
#6380=DIRECTION('ref_axis',(-1.,0.,2.7755575615629E-17));
#6381=DIRECTION('',(0.,1.,0.));
#6382=DIRECTION('center_axis',(4.94578809691461E-31,1.,-9.79306232008247E-25));
#6383=DIRECTION('ref_axis',(-1.,0.,2.7755575615629E-17));
#6384=DIRECTION('center_axis',(0.,1.,0.));
#6385=DIRECTION('ref_axis',(-1.,0.,2.7755575615629E-17));
#6386=DIRECTION('',(0.,1.,0.));
#6387=DIRECTION('center_axis',(4.94578809691461E-31,1.,-9.79306232008247E-25));
#6388=DIRECTION('ref_axis',(-1.,0.,2.7755575615629E-17));
#6389=DIRECTION('center_axis',(1.,2.368475785867E-16,0.));
#6390=DIRECTION('ref_axis',(-2.368475785867E-16,1.,0.));
#6391=DIRECTION('',(-2.368475785867E-16,1.,0.));
#6392=DIRECTION('center_axis',(0.,0.,1.));
#6393=DIRECTION('ref_axis',(1.,0.,0.));
#6394=DIRECTION('center_axis',(0.,-1.,0.));
#6395=DIRECTION('ref_axis',(-1.,0.,2.77555756156289E-17));
#6396=DIRECTION('center_axis',(0.,-1.,0.));
#6397=DIRECTION('ref_axis',(-1.,0.,2.77555756156289E-17));
#6398=DIRECTION('',(0.,-1.,0.));
#6399=DIRECTION('center_axis',(4.94578809691461E-31,1.,-9.79306232008247E-25));
#6400=DIRECTION('ref_axis',(-1.,0.,2.77555756156289E-17));
#6401=DIRECTION('center_axis',(0.,1.,0.));
#6402=DIRECTION('ref_axis',(-1.,1.57365984910477E-31,2.77555756156289E-17));
#6403=DIRECTION('',(-0.707106781186548,-0.707106781186548,1.06221761357097E-16));
#6404=DIRECTION('center_axis',(0.,1.,0.));
#6405=DIRECTION('ref_axis',(-1.,1.57365984910477E-31,2.77555756156289E-17));
#6406=DIRECTION('',(-0.707106781186547,-0.707106781186548,1.06221761357096E-16));
#6407=DIRECTION('center_axis',(0.,0.,-1.));
#6408=DIRECTION('ref_axis',(1.,0.,0.));
#6409=DIRECTION('',(0.,0.,-1.));
#6410=DIRECTION('center_axis',(0.,1.,0.));
#6411=DIRECTION('ref_axis',(-1.,6.32405359920609E-32,2.7755575615629E-17));
#6412=DIRECTION('',(-0.707106781186548,-0.707106781186548,1.06221761357097E-16));
#6413=DIRECTION('center_axis',(0.,-1.,0.));
#6414=DIRECTION('ref_axis',(-1.,0.,0.));
#6415=DIRECTION('center_axis',(1.,0.,0.));
#6416=DIRECTION('ref_axis',(0.,-1.,0.));
#6417=DIRECTION('',(0.,0.,-1.));
#6418=DIRECTION('center_axis',(0.,-1.,0.));
#6419=DIRECTION('ref_axis',(-1.,0.,0.));
#6420=DIRECTION('',(0.,0.,1.));
#6421=DIRECTION('center_axis',(-1.,0.,2.7755575615629E-17));
#6422=DIRECTION('ref_axis',(2.7755575615629E-17,4.93038065763132E-32,1.));
#6423=DIRECTION('axis',(0.,0.,1.));
#6424=DIRECTION('refdir',(1.,0.,0.));
#6425=DIRECTION('center_axis',(-5.55111512312768E-17,5.29395591047862E-23,
1.));
#6426=DIRECTION('ref_axis',(-1.,1.66533453693774E-16,-5.55111512312768E-17));
#6427=DIRECTION('center_axis',(-5.55111512312768E-17,5.29395591047862E-23,
1.));
#6428=DIRECTION('ref_axis',(-1.,1.66533453693774E-16,-7.05710033451028E-17));
#6429=DIRECTION('center_axis',(5.55111512312768E-17,-5.29395591047862E-23,
-1.));
#6430=DIRECTION('ref_axis',(-1.,1.66533453693774E-16,-7.40148683083438E-17));
#6431=DIRECTION('center_axis',(-1.11022302462516E-16,1.05879118012357E-22,
1.));
#6432=DIRECTION('ref_axis',(-1.,1.66533453693774E-16,-1.11022302462516E-16));
#6433=DIRECTION('center_axis',(-1.11022143643835E-16,1.05879118012357E-22,
1.));
#6434=DIRECTION('ref_axis',(-1.,1.66533453693774E-16,-1.11022143643833E-16));
#6435=DIRECTION('',(1.11022302462516E-16,-1.05879118012357E-22,-1.));
#6436=DIRECTION('center_axis',(1.11022143643835E-16,-1.05879118012357E-22,
-1.));
#6437=DIRECTION('ref_axis',(-1.,1.66533453693774E-16,-1.11022302462516E-16));
#6438=DIRECTION('center_axis',(-1.11022143643836E-16,1.05879118012357E-22,
1.));
#6439=DIRECTION('ref_axis',(-1.,1.66533453693774E-16,-1.11022226958553E-16));
#6440=DIRECTION('center_axis',(1.11022143643835E-16,-1.05879118012357E-22,
-1.));
#6441=DIRECTION('ref_axis',(1.,-1.66533453693774E-16,1.11022143643835E-16));
#6442=DIRECTION('center_axis',(1.11022143643835E-16,-1.05879118012357E-22,
-1.));
#6443=DIRECTION('ref_axis',(1.,-1.66533453693774E-16,1.11022143643835E-16));
#6444=DIRECTION('',(0.707106781186546,-2.0435246515699E-16,0.707106781186549));
#6445=DIRECTION('center_axis',(1.11022143643836E-16,-1.05879118012357E-22,
-1.));
#6446=DIRECTION('ref_axis',(1.,-1.66533453693774E-16,5.85389484667493E-17));
#6447=DIRECTION('',(0.707106781186546,-2.0435246515699E-16,0.707106781186549));
#6448=DIRECTION('center_axis',(-7.05710033451028E-17,5.29395591049303E-23,
1.));
#6449=DIRECTION('ref_axis',(-1.,1.66533453693774E-16,-7.05710033451028E-17));
#6450=DIRECTION('center_axis',(-7.05710033451028E-17,5.29395591049303E-23,
1.));
#6451=DIRECTION('ref_axis',(-1.,1.66533453693774E-16,-7.05710033451028E-17));
#6452=DIRECTION('center_axis',(7.05710033451028E-17,-5.29395591049303E-23,
-1.));
#6453=DIRECTION('ref_axis',(-1.,1.66533453693774E-16,-7.05710033451028E-17));
#6454=DIRECTION('',(7.05710033451028E-17,-5.29395591049303E-23,-1.));
#6455=DIRECTION('center_axis',(-1.11022143643835E-16,1.05879118012357E-22,
1.));
#6456=DIRECTION('ref_axis',(-1.,1.66533453693774E-16,-1.11022143643835E-16));
#6457=DIRECTION('center_axis',(1.11022143643835E-16,-1.05879118012357E-22,
-1.));
#6458=DIRECTION('ref_axis',(-1.,1.66533453693774E-16,-1.11022143643835E-16));
#6459=DIRECTION('center_axis',(7.40148683083438E-17,-5.29395590061785E-23,
-1.));
#6460=DIRECTION('ref_axis',(-1.,1.66533453693774E-16,-7.40148683083438E-17));
#6461=DIRECTION('center_axis',(7.40148683083438E-17,-5.29395590061785E-23,
-1.));
#6462=DIRECTION('ref_axis',(-1.,1.66533453693774E-16,-7.40148683083438E-17));
#6463=DIRECTION('',(-7.40148683083438E-17,5.29395590061785E-23,1.));
#6464=DIRECTION('center_axis',(7.40148683083438E-17,-5.29395590061785E-23,
-1.));
#6465=DIRECTION('ref_axis',(-1.,1.66533453693774E-16,-7.40148683083438E-17));
#6466=DIRECTION('center_axis',(0.,0.,1.));
#6467=DIRECTION('ref_axis',(1.,0.,0.));
#6468=DIRECTION('center_axis',(0.,0.,1.));
#6469=DIRECTION('ref_axis',(1.,0.,0.));
#6470=DIRECTION('center_axis',(0.,0.,-1.));
#6471=DIRECTION('ref_axis',(1.,0.,0.));
#6472=DIRECTION('center_axis',(0.,0.,-1.));
#6473=DIRECTION('ref_axis',(1.,0.,0.));
#6474=DIRECTION('center_axis',(0.,0.,-1.));
#6475=DIRECTION('ref_axis',(1.,0.,0.));
#6476=DIRECTION('center_axis',(0.,0.,1.));
#6477=DIRECTION('ref_axis',(1.,0.,0.));
#6478=DIRECTION('center_axis',(0.,0.,-1.));
#6479=DIRECTION('ref_axis',(1.,0.,0.));
#6480=DIRECTION('center_axis',(0.,0.,1.));
#6481=DIRECTION('ref_axis',(1.,0.,0.));
#6482=DIRECTION('center_axis',(0.,0.,1.));
#6483=DIRECTION('ref_axis',(1.,0.,0.));
#6484=DIRECTION('center_axis',(0.,0.,-1.));
#6485=DIRECTION('ref_axis',(1.,0.,0.));
#6486=DIRECTION('center_axis',(0.,0.,-1.));
#6487=DIRECTION('ref_axis',(1.,0.,0.));
#6488=DIRECTION('center_axis',(0.,0.,-1.));
#6489=DIRECTION('ref_axis',(1.,0.,0.));
#6490=DIRECTION('center_axis',(0.,0.,-1.));
#6491=DIRECTION('ref_axis',(1.,0.,0.));
#6492=DIRECTION('center_axis',(0.,0.,-1.));
#6493=DIRECTION('ref_axis',(1.,0.,0.));
#6494=DIRECTION('center_axis',(0.,0.,1.));
#6495=DIRECTION('ref_axis',(1.,0.,0.));
#6496=DIRECTION('center_axis',(0.,0.,-1.));
#6497=DIRECTION('ref_axis',(1.,0.,0.));
#6498=DIRECTION('center_axis',(0.,0.,-1.));
#6499=DIRECTION('ref_axis',(1.,0.,0.));
#6500=DIRECTION('center_axis',(0.,0.,-1.));
#6501=DIRECTION('ref_axis',(1.,0.,0.));
#6502=DIRECTION('',(0.,0.,1.));
#6503=DIRECTION('center_axis',(0.,0.,1.));
#6504=DIRECTION('ref_axis',(1.,0.,0.));
#6505=DIRECTION('',(0.,0.,1.));
#6506=DIRECTION('center_axis',(0.,0.,1.));
#6507=DIRECTION('ref_axis',(1.,0.,0.));
#6508=DIRECTION('',(0.,0.,1.));
#6509=DIRECTION('center_axis',(0.,0.,1.));
#6510=DIRECTION('ref_axis',(1.,0.,0.));
#6511=DIRECTION('',(0.,0.,1.));
#6512=DIRECTION('center_axis',(0.,0.,1.));
#6513=DIRECTION('ref_axis',(1.,0.,0.));
#6514=DIRECTION('',(0.,0.,1.));
#6515=DIRECTION('center_axis',(0.,0.,1.));
#6516=DIRECTION('ref_axis',(-1.,0.,0.));
#6517=DIRECTION('center_axis',(0.,0.,1.));
#6518=DIRECTION('ref_axis',(-1.,0.,0.));
#6519=DIRECTION('center_axis',(0.,0.,1.));
#6520=DIRECTION('ref_axis',(-1.,0.,0.));
#6521=DIRECTION('',(0.707106781186548,-8.65956056235493E-17,0.707106781186548));
#6522=DIRECTION('center_axis',(0.,0.,1.));
#6523=DIRECTION('ref_axis',(1.,0.,0.));
#6524=DIRECTION('center_axis',(0.,0.,1.));
#6525=DIRECTION('ref_axis',(1.,0.,0.));
#6526=DIRECTION('center_axis',(0.,0.,1.));
#6527=DIRECTION('ref_axis',(1.,0.,0.));
#6528=DIRECTION('',(0.,0.,-1.));
#6529=DIRECTION('center_axis',(0.,0.,-1.));
#6530=DIRECTION('ref_axis',(1.,0.,0.));
#6531=DIRECTION('',(-0.5,-6.12323399573677E-17,-0.866025403784438));
#6532=DIRECTION('center_axis',(0.,0.,1.));
#6533=DIRECTION('ref_axis',(1.,0.,0.));
#6534=DIRECTION('',(0.,0.,-1.));
#6535=DIRECTION('center_axis',(0.,0.,1.));
#6536=DIRECTION('ref_axis',(1.,0.,0.));
#6537=DIRECTION('',(0.,0.,-1.));
#6538=DIRECTION('axis',(0.,0.,1.));
#6539=DIRECTION('refdir',(1.,0.,0.));
#6540=DIRECTION('center_axis',(-1.,0.,0.));
#6541=DIRECTION('ref_axis',(0.,1.,0.));
#6542=DIRECTION('center_axis',(-1.,2.11874623020068E-16,5.45198806735568E-17));
#6543=DIRECTION('ref_axis',(0.,1.,0.));
#6544=DIRECTION('',(-1.,0.,0.));
#6545=DIRECTION('center_axis',(0.76069533361981,-0.649109088989706,-2.86041642448508E-17));
#6546=DIRECTION('ref_axis',(0.649109088989706,0.76069533361981,0.));
#6547=DIRECTION('center_axis',(-1.,0.,0.));
#6548=DIRECTION('ref_axis',(0.,1.,0.));
#6549=DIRECTION('center_axis',(-1.,2.11874623020068E-16,5.45198806735568E-17));
#6550=DIRECTION('ref_axis',(0.,1.,0.));
#6551=DIRECTION('',(-1.,0.,0.));
#6552=DIRECTION('center_axis',(0.760695333619812,0.649109088989704,-5.43418733909163E-17));
#6553=DIRECTION('ref_axis',(-0.649109088989704,0.760695333619811,0.));
#6554=DIRECTION('center_axis',(1.,-2.11874623020068E-16,-5.45198806735568E-17));
#6555=DIRECTION('ref_axis',(2.11874623020068E-16,1.,-2.74444773359287E-17));
#6556=DIRECTION('',(2.11874623020068E-16,1.,-2.74444773359287E-17));
#6557=DIRECTION('',(5.45198806735568E-17,1.98254111540206E-17,1.));
#6558=DIRECTION('',(2.11874623020068E-16,1.,-2.74444773359287E-17));
#6559=DIRECTION('',(5.45198806735568E-17,1.98254111540206E-17,1.));
#6560=DIRECTION('center_axis',(-0.760695333619812,-0.649109088989704,5.43418733909163E-17));
#6561=DIRECTION('ref_axis',(0.649109088989704,-0.760695333619812,-1.32592273434908E-17));
#6562=DIRECTION('',(0.649109088989704,-0.760695333619812,-1.32592273434908E-17));
#6563=DIRECTION('',(0.649109088989704,-0.760695333619812,-1.32592273434908E-17));
#6564=DIRECTION('',(5.45198806735568E-17,1.98254111540207E-17,1.));
#6565=DIRECTION('center_axis',(-1.,-4.19170733935275E-15,5.45198806735569E-17));
#6566=DIRECTION('ref_axis',(4.19170733935275E-15,-1.,2.74444773359285E-17));
#6567=DIRECTION('',(4.19170733935275E-15,-1.,2.74444773359285E-17));
#6568=DIRECTION('',(-4.19170733935275E-15,1.,-1.98254111540204E-17));
#6569=DIRECTION('',(-5.45198806735568E-17,-1.98254111540206E-17,-1.));
#6570=DIRECTION('center_axis',(-0.76069533361981,0.649109088989706,2.86041642448508E-17));
#6571=DIRECTION('ref_axis',(-0.649109088989706,-0.76069533361981,5.50129990296422E-17));
#6572=DIRECTION('',(0.649109088989706,0.76069533361981,-5.50129990296422E-17));
#6573=DIRECTION('',(-0.649109088989706,-0.76069533361981,5.50129990296422E-17));
#6574=DIRECTION('center_axis',(-5.25891776368393E-17,-2.74444773359287E-17,
-1.));
#6575=DIRECTION('ref_axis',(1.,-7.57040192041485E-49,-5.25891776368393E-17));
#6576=DIRECTION('center_axis',(5.45198806735568E-17,1.98254111540206E-17,
1.));
#6577=DIRECTION('ref_axis',(1.,0.,-5.45198806735568E-17));
#6578=DIRECTION('',(5.25891776368393E-17,2.74444773359287E-17,1.));
#6579=DIRECTION('',(1.,0.,5.55111512312578E-17));
#6580=DIRECTION('',(5.24753643166575E-17,-3.36111683794017E-19,1.));
#6581=DIRECTION('',(-6.31439345255558E-16,1.,2.7755575615629E-17));
#6582=DIRECTION('',(-2.8275992658422E-14,4.61029110087417E-30,-1.));
#6583=DIRECTION('',(-1.,1.66533453693774E-16,2.83315037302439E-14));
#6584=DIRECTION('',(0.,0.,1.));
#6585=DIRECTION('',(1.,0.,0.));
#6586=CARTESIAN_POINT('',(0.,0.,0.));
#6587=CARTESIAN_POINT('',(0.,0.,0.));
#6588=CARTESIAN_POINT('Origin',(305.695,82.0999999999999,300.));
#6589=CARTESIAN_POINT('',(305.695,83.0999999999999,296.9));
#6590=CARTESIAN_POINT('',(304.695,82.0999999999999,296.9));
#6591=CARTESIAN_POINT('Origin',(305.695,82.0999999999999,296.9));
#6592=CARTESIAN_POINT('',(304.695,82.0999999999999,298.));
#6593=CARTESIAN_POINT('',(304.695,82.0999999999999,300.));
#6594=CARTESIAN_POINT('',(305.695,83.0999999999999,298.));
#6595=CARTESIAN_POINT('Origin',(305.695,82.0999999999999,298.));
#6596=CARTESIAN_POINT('',(305.695,83.0999999999999,300.));
#6597=CARTESIAN_POINT('Ctrl Pts',(306.695,83.0999999999999,299.));
#6598=CARTESIAN_POINT('Ctrl Pts',(305.695,83.0999999999999,299.));
#6599=CARTESIAN_POINT('Ctrl Pts',(305.695,83.0999999999999,298.));
#6600=CARTESIAN_POINT('Ctrl Pts',(306.695,83.0999999999999,300.));
#6601=CARTESIAN_POINT('Ctrl Pts',(304.695,83.0999999999999,300.));
#6602=CARTESIAN_POINT('Ctrl Pts',(304.695,83.0999999999999,298.));
#6603=CARTESIAN_POINT('Ctrl Pts',(306.695,82.0999999999999,300.));
#6604=CARTESIAN_POINT('Ctrl Pts',(304.695,82.0999999999999,300.));
#6605=CARTESIAN_POINT('Ctrl Pts',(304.695,82.0999999999999,298.));
#6606=CARTESIAN_POINT('',(306.695,82.0999999999999,300.));
#6607=CARTESIAN_POINT('',(306.695,83.0999999999999,299.));
#6608=CARTESIAN_POINT('Origin',(306.695,82.0999999999999,299.));
#6609=CARTESIAN_POINT('Origin',(306.695,83.0999999999999,298.));
#6610=CARTESIAN_POINT('Origin',(306.695,82.0999999999999,298.));
#6611=CARTESIAN_POINT('Origin',(312.694999899417,82.0999999999999,299.));
#6612=CARTESIAN_POINT('',(344.489039475393,82.1,300.));
#6613=CARTESIAN_POINT('',(345.400960524607,82.1,300.));
#6614=CARTESIAN_POINT('Ctrl Pts',(344.489039475393,82.0999999999999,300.));
#6615=CARTESIAN_POINT('Ctrl Pts',(344.493580147568,82.1012573159611,300.));
#6616=CARTESIAN_POINT('Ctrl Pts',(344.498125951217,82.1024961192791,299.999997629183));
#6617=CARTESIAN_POINT('Ctrl Pts',(344.540226903953,82.1137849315344,299.99995567572));
#6618=CARTESIAN_POINT('Ctrl Pts',(344.578116263127,82.122588882288,299.999773066884));
#6619=CARTESIAN_POINT('Ctrl Pts',(344.679979364447,82.1426401559385,299.999169283574));
#6620=CARTESIAN_POINT('Ctrl Pts',(344.744354365979,82.1515588623976,299.99868358217));
#6621=CARTESIAN_POINT('Ctrl Pts',(344.854319823873,82.1604035002304,299.998180686654));
#6622=CARTESIAN_POINT('Ctrl Pts',(344.899640372796,82.1622258065094,299.998062096768));
#6623=CARTESIAN_POINT('Ctrl Pts',(344.990359627203,82.1622258065094,299.998062096768));
#6624=CARTESIAN_POINT('Ctrl Pts',(345.035680176127,82.1604035002304,299.998180686654));
#6625=CARTESIAN_POINT('Ctrl Pts',(345.145645634021,82.1515588623976,299.99868358217));
#6626=CARTESIAN_POINT('Ctrl Pts',(345.210020635553,82.1426401559385,299.999169283574));
#6627=CARTESIAN_POINT('Ctrl Pts',(345.311883736872,82.1225888822882,299.999773066884));
#6628=CARTESIAN_POINT('Ctrl Pts',(345.349773096074,82.1137849315267,299.99995567572));
#6629=CARTESIAN_POINT('Ctrl Pts',(345.39187404875,82.1024961192876,299.999997629183));
#6630=CARTESIAN_POINT('Ctrl Pts',(345.396419852441,82.1012573159588,300.));
#6631=CARTESIAN_POINT('Ctrl Pts',(345.400960524607,82.0999999999999,300.));
#6632=CARTESIAN_POINT('',(349.055,82.0999999999999,300.));
#6633=CARTESIAN_POINT('',(312.694999899417,82.0999999999999,300.));
#6634=CARTESIAN_POINT('',(349.055,83.1,299.));
#6635=CARTESIAN_POINT('Origin',(349.055,82.0999999999999,299.));
#6636=CARTESIAN_POINT('',(312.694999899417,83.0999999999999,299.));
#6637=CARTESIAN_POINT('',(323.789039475393,82.0999999999999,300.));
#6638=CARTESIAN_POINT('',(312.694999899417,82.0999999999999,300.));
#6639=CARTESIAN_POINT('',(324.700960524607,82.0999999999999,300.));
#6640=CARTESIAN_POINT('Ctrl Pts',(323.789039475393,82.0999999999999,300.));
#6641=CARTESIAN_POINT('Ctrl Pts',(323.793580147558,82.1012573159585,300.));
#6642=CARTESIAN_POINT('Ctrl Pts',(323.79812595125,82.1024961192878,299.999997629183));
#6643=CARTESIAN_POINT('Ctrl Pts',(323.840226903923,82.1137849315259,299.99995567572));
#6644=CARTESIAN_POINT('Ctrl Pts',(323.878116263127,82.1225888822881,299.999773066884));
#6645=CARTESIAN_POINT('Ctrl Pts',(323.979979364446,82.1426401559384,299.999169283574));
#6646=CARTESIAN_POINT('Ctrl Pts',(324.044354365979,82.1515588623976,299.99868358217));
#6647=CARTESIAN_POINT('Ctrl Pts',(324.154319823873,82.1604035002304,299.998180686654));
#6648=CARTESIAN_POINT('Ctrl Pts',(324.199640372796,82.1622258065094,299.998062096768));
#6649=CARTESIAN_POINT('Ctrl Pts',(324.290359627203,82.1622258065094,299.998062096768));
#6650=CARTESIAN_POINT('Ctrl Pts',(324.335680176126,82.1604035002304,299.998180686654));
#6651=CARTESIAN_POINT('Ctrl Pts',(324.445645634021,82.1515588623976,299.99868358217));
#6652=CARTESIAN_POINT('Ctrl Pts',(324.510020635554,82.1426401559384,299.999169283574));
#6653=CARTESIAN_POINT('Ctrl Pts',(324.611883736873,82.1225888822881,299.999773066884));
#6654=CARTESIAN_POINT('Ctrl Pts',(324.649773096077,82.1137849315258,299.99995567572));
#6655=CARTESIAN_POINT('Ctrl Pts',(324.691874048748,82.1024961192881,299.999997629183));
#6656=CARTESIAN_POINT('Ctrl Pts',(324.696419852443,82.1012573159582,300.));
#6657=CARTESIAN_POINT('Ctrl Pts',(324.700960524607,82.0999999999999,300.));
#6658=CARTESIAN_POINT('',(312.694999899417,82.0999999999999,300.));
#6659=CARTESIAN_POINT('Ctrl Pts',(349.055,82.0999999999999,300.));
#6660=CARTESIAN_POINT('Ctrl Pts',(350.055,82.0999999999999,300.));
#6661=CARTESIAN_POINT('Ctrl Pts',(350.055,81.1,300.));
#6662=CARTESIAN_POINT('Ctrl Pts',(349.055,83.1,300.));
#6663=CARTESIAN_POINT('Ctrl Pts',(351.055,83.1,300.));
#6664=CARTESIAN_POINT('Ctrl Pts',(351.055,81.1,300.));
#6665=CARTESIAN_POINT('Ctrl Pts',(349.055,83.1,299.));
#6666=CARTESIAN_POINT('Ctrl Pts',(351.055,83.1,299.));
#6667=CARTESIAN_POINT('Ctrl Pts',(351.055,81.1,299.));
#6668=CARTESIAN_POINT('',(350.055,81.1,300.));
#6669=CARTESIAN_POINT('',(351.055,81.1,299.));
#6670=CARTESIAN_POINT('Origin',(350.055,81.1,299.));
#6671=CARTESIAN_POINT('Origin',(349.055,81.1,299.));
#6672=CARTESIAN_POINT('Origin',(349.055,81.1,300.));
#6673=CARTESIAN_POINT('Origin',(350.055,67.7200000484287,299.));
#6674=CARTESIAN_POINT('',(350.055,60.3799999999999,300.));
#6675=CARTESIAN_POINT('',(351.055,60.3799999999999,299.));
#6676=CARTESIAN_POINT('Origin',(350.055,60.3799999999999,299.));
#6677=CARTESIAN_POINT('',(351.055,67.7200000484287,299.));
#6678=CARTESIAN_POINT('',(350.055,67.7200000484287,300.));
#6679=CARTESIAN_POINT('Ctrl Pts',(350.055,60.3799999999999,300.));
#6680=CARTESIAN_POINT('Ctrl Pts',(350.055,59.3799999999999,300.));
#6681=CARTESIAN_POINT('Ctrl Pts',(349.055,59.3799999999999,300.));
#6682=CARTESIAN_POINT('Ctrl Pts',(351.055,60.3799999999999,300.));
#6683=CARTESIAN_POINT('Ctrl Pts',(351.055,58.3799999999999,300.));
#6684=CARTESIAN_POINT('Ctrl Pts',(349.055,58.3799999999999,300.));
#6685=CARTESIAN_POINT('Ctrl Pts',(351.055,60.3799999999999,299.));
#6686=CARTESIAN_POINT('Ctrl Pts',(351.055,58.3799999999999,299.));
#6687=CARTESIAN_POINT('Ctrl Pts',(349.055,58.3799999999999,299.));
#6688=CARTESIAN_POINT('',(349.055,59.3799999999999,300.));
#6689=CARTESIAN_POINT('',(349.055,58.3799999999999,299.));
#6690=CARTESIAN_POINT('Origin',(349.055,59.3799999999999,299.));
#6691=CARTESIAN_POINT('Origin',(349.055,60.3799999999999,299.));
#6692=CARTESIAN_POINT('Origin',(349.055,60.3799999999999,300.));
#6693=CARTESIAN_POINT('Origin',(306.069999899417,59.3799999999999,299.));
#6694=CARTESIAN_POINT('',(324.700960524607,59.3799999999999,300.));
#6695=CARTESIAN_POINT('',(323.789039475393,59.3799999999999,300.));
#6696=CARTESIAN_POINT('Ctrl Pts',(324.700960524607,59.3799999999999,300.));
#6697=CARTESIAN_POINT('Ctrl Pts',(324.696419852976,59.3787426841892,300.));
#6698=CARTESIAN_POINT('Ctrl Pts',(324.691874049938,59.3775038810354,299.999997629183));
#6699=CARTESIAN_POINT('Ctrl Pts',(324.649773141218,59.366215080537,299.99995567577));
#6700=CARTESIAN_POINT('Ctrl Pts',(324.611883826398,59.3574111384928,299.999773067311));
#6701=CARTESIAN_POINT('Ctrl Pts',(324.510020744652,59.3373598602617,299.999169284394));
#6702=CARTESIAN_POINT('Ctrl Pts',(324.445645717013,59.3284411464507,299.998683582649));
#6703=CARTESIAN_POINT('Ctrl Pts',(324.335680213865,59.3195965012873,299.998180686757));
#6704=CARTESIAN_POINT('Ctrl Pts',(324.290359646096,59.3177741934905,299.998062096768));
#6705=CARTESIAN_POINT('Ctrl Pts',(324.199640353904,59.3177741934905,299.998062096768));
#6706=CARTESIAN_POINT('Ctrl Pts',(324.154319786135,59.3195965012873,299.998180686757));
#6707=CARTESIAN_POINT('Ctrl Pts',(324.044354282987,59.3284411464507,299.998683582649));
#6708=CARTESIAN_POINT('Ctrl Pts',(323.979979255348,59.3373598602617,299.999169284394));
#6709=CARTESIAN_POINT('Ctrl Pts',(323.878116173602,59.3574111384928,299.999773067311));
#6710=CARTESIAN_POINT('Ctrl Pts',(323.840226858782,59.366215080537,299.99995567577));
#6711=CARTESIAN_POINT('Ctrl Pts',(323.798125950063,59.3775038810349,299.999997629183));
#6712=CARTESIAN_POINT('Ctrl Pts',(323.793580147023,59.3787426841897,300.));
#6713=CARTESIAN_POINT('Ctrl Pts',(323.789039475393,59.3799999999999,300.));
#6714=CARTESIAN_POINT('',(306.695,59.3799999999999,300.));
#6715=CARTESIAN_POINT('',(306.069999899417,59.3799999999999,300.));
#6716=CARTESIAN_POINT('',(306.695,58.3799999999999,299.));
#6717=CARTESIAN_POINT('Origin',(306.695,59.3799999999999,299.));
#6718=CARTESIAN_POINT('',(306.069999899417,58.3799999999999,299.));
#6719=CARTESIAN_POINT('',(345.400960524607,59.3799999999999,300.));
#6720=CARTESIAN_POINT('',(306.069999899417,59.3799999999999,300.));
#6721=CARTESIAN_POINT('',(344.489039475393,59.3799999999999,300.));
#6722=CARTESIAN_POINT('Ctrl Pts',(345.400960524607,59.3799999999999,300.));
#6723=CARTESIAN_POINT('Ctrl Pts',(345.39641985245,59.3787426840437,300.));
#6724=CARTESIAN_POINT('Ctrl Pts',(345.391874048717,59.3775038807034,299.999997629183));
#6725=CARTESIAN_POINT('Ctrl Pts',(345.349773096113,59.3662150684839,299.99995567572));
#6726=CARTESIAN_POINT('Ctrl Pts',(345.311883736873,59.3574111177113,299.999773066884));
#6727=CARTESIAN_POINT('Ctrl Pts',(345.210020635547,59.3373598440603,299.999169283574));
#6728=CARTESIAN_POINT('Ctrl Pts',(345.145645634018,59.3284411376018,299.99868358217));
#6729=CARTESIAN_POINT('Ctrl Pts',(345.035680176123,59.319596499769,299.998180686654));
#6730=CARTESIAN_POINT('Ctrl Pts',(344.990359627201,59.3177741934905,299.998062096768));
#6731=CARTESIAN_POINT('Ctrl Pts',(344.899640372798,59.3177741934905,299.998062096768));
#6732=CARTESIAN_POINT('Ctrl Pts',(344.854319823877,59.319596499769,299.998180686654));
#6733=CARTESIAN_POINT('Ctrl Pts',(344.744354365982,59.3284411376018,299.99868358217));
#6734=CARTESIAN_POINT('Ctrl Pts',(344.679979364453,59.3373598440603,299.999169283574));
#6735=CARTESIAN_POINT('Ctrl Pts',(344.578116263123,59.3574111177119,299.999773066884));
#6736=CARTESIAN_POINT('Ctrl Pts',(344.540226903938,59.3662150684697,299.99995567572));
#6737=CARTESIAN_POINT('Ctrl Pts',(344.498125951219,59.3775038807204,299.999997629183));
#6738=CARTESIAN_POINT('Ctrl Pts',(344.493580147566,59.3787426840391,300.));
#6739=CARTESIAN_POINT('Ctrl Pts',(344.489039475393,59.3799999999999,300.));
#6740=CARTESIAN_POINT('',(306.069999899417,59.3799999999999,300.));
#6741=CARTESIAN_POINT('Ctrl Pts',(305.695,58.3799999999999,298.));
#6742=CARTESIAN_POINT('Ctrl Pts',(305.695,58.3799999999999,299.));
#6743=CARTESIAN_POINT('Ctrl Pts',(306.695,58.3799999999999,299.));
#6744=CARTESIAN_POINT('Ctrl Pts',(304.695,58.3799999999999,298.));
#6745=CARTESIAN_POINT('Ctrl Pts',(304.695,58.3799999999999,300.));
#6746=CARTESIAN_POINT('Ctrl Pts',(306.695,58.3799999999999,300.));
#6747=CARTESIAN_POINT('Ctrl Pts',(304.695,59.3799999999999,298.));
#6748=CARTESIAN_POINT('Ctrl Pts',(304.695,59.3799999999999,300.));
#6749=CARTESIAN_POINT('Ctrl Pts',(306.695,59.3799999999999,300.));
#6750=CARTESIAN_POINT('',(304.695,59.3799999999999,298.));
#6751=CARTESIAN_POINT('',(305.695,58.3799999999999,298.));
#6752=CARTESIAN_POINT('Origin',(305.695,59.3799999999999,298.));
#6753=CARTESIAN_POINT('Origin',(306.695,58.3799999999999,298.));
#6754=CARTESIAN_POINT('Origin',(306.695,59.3799999999999,298.));
#6755=CARTESIAN_POINT('Origin',(305.695,59.3799999999999,300.));
#6756=CARTESIAN_POINT('',(304.695,59.3799999999999,296.9));
#6757=CARTESIAN_POINT('',(305.695,58.3799999999999,296.9));
#6758=CARTESIAN_POINT('Origin',(305.695,59.3799999999999,296.9));
#6759=CARTESIAN_POINT('',(305.695,58.3799999999999,300.));
#6760=CARTESIAN_POINT('',(304.695,59.3799999999999,300.));
#6761=CARTESIAN_POINT('Origin',(310.569043992664,70.7399999999999,296.9));
#6762=CARTESIAN_POINT('',(316.445,83.0999999999999,296.9));
#6763=CARTESIAN_POINT('',(313.507021996332,83.0999999999999,296.9));
#6764=CARTESIAN_POINT('',(316.445,77.3649999999999,296.9));
#6765=CARTESIAN_POINT('',(316.445,68.5524999999999,296.9));
#6766=CARTESIAN_POINT('',(304.695,77.3649999999999,296.9));
#6767=CARTESIAN_POINT('',(310.007021996332,77.3649999999999,296.9));
#6768=CARTESIAN_POINT('',(304.695,76.9199999999999,296.9));
#6769=CARTESIAN_POINT('Origin',(316.445,83.0999999999999,300.));
#6770=CARTESIAN_POINT('',(349.055,83.1,266.8));
#6771=CARTESIAN_POINT('',(349.055,83.1,270.));
#6772=CARTESIAN_POINT('',(348.239039475393,83.1,266.8));
#6773=CARTESIAN_POINT('',(330.76125,83.0999999999999,266.8));
#6774=CARTESIAN_POINT('',(316.445,83.1,266.8));
#6775=CARTESIAN_POINT('',(330.76125,83.0999999999999,266.8));
#6776=CARTESIAN_POINT('',(316.445,83.1,283.2));
#6777=CARTESIAN_POINT('Origin',(349.055,81.1,270.));
#6778=CARTESIAN_POINT('',(351.055,81.1,266.8));
#6779=CARTESIAN_POINT('',(351.055,81.1,270.));
#6780=CARTESIAN_POINT('',(349.276250896975,83.0877243371724,266.8));
#6781=CARTESIAN_POINT('Origin',(349.055,81.1,266.8));
#6782=CARTESIAN_POINT('Origin',(349.055,81.1,266.8));
#6783=CARTESIAN_POINT('Origin',(351.055,64.3799999999999,278.5));
#6784=CARTESIAN_POINT('',(351.055,60.3799999999999,266.8));
#6785=CARTESIAN_POINT('',(351.055,60.3799999999999,270.));
#6786=CARTESIAN_POINT('',(351.055,63.2466887987601,266.8));
#6787=CARTESIAN_POINT('',(351.055,64.0049999999999,266.8));
#6788=CARTESIAN_POINT('',(351.055,63.2466887987601,279.5));
#6789=CARTESIAN_POINT('',(351.055,63.2466887987601,278.5));
#6790=CARTESIAN_POINT('',(351.055,78.2333112012398,279.5));
#6791=CARTESIAN_POINT('',(351.055,73.4624999999999,279.5));
#6792=CARTESIAN_POINT('',(351.055,78.2333112012398,266.8));
#6793=CARTESIAN_POINT('',(351.055,78.2333112012398,278.5));
#6794=CARTESIAN_POINT('',(351.055,71.115,266.8));
#6795=CARTESIAN_POINT('Origin',(349.055,60.3799999999999,270.));
#6796=CARTESIAN_POINT('',(349.055,58.3799999999999,266.8));
#6797=CARTESIAN_POINT('',(349.055,58.3799999999999,270.));
#6798=CARTESIAN_POINT('',(349.276250896975,58.3922756628274,266.8));
#6799=CARTESIAN_POINT('Origin',(349.055,60.3799999999999,266.8));
#6800=CARTESIAN_POINT('Origin',(349.055,60.3799999999999,266.8));
#6801=CARTESIAN_POINT('Origin',(303.195,58.3799999999999,300.));
#6802=CARTESIAN_POINT('',(316.445,58.3799999999999,296.9));
#6803=CARTESIAN_POINT('',(306.882021996332,58.3799999999999,296.9));
#6804=CARTESIAN_POINT('',(316.445,58.3799999999999,266.8));
#6805=CARTESIAN_POINT('',(316.445,58.3799999999999,298.2));
#6806=CARTESIAN_POINT('',(348.239039475393,58.3799999999999,266.8));
#6807=CARTESIAN_POINT('',(324.13625,58.3799999999999,266.8));
#6808=CARTESIAN_POINT('',(324.13625,58.3799999999999,266.8));
#6809=CARTESIAN_POINT('Origin',(310.569043992664,70.7399999999999,296.9));
#6810=CARTESIAN_POINT('',(304.695,64.1149999999999,296.9));
#6811=CARTESIAN_POINT('',(304.695,76.9199999999999,296.9));
#6812=CARTESIAN_POINT('',(316.445,64.1149999999999,296.9));
#6813=CARTESIAN_POINT('',(310.007021996332,64.1149999999999,296.9));
#6814=CARTESIAN_POINT('',(316.445,68.5524999999999,296.9));
#6815=CARTESIAN_POINT('Origin',(304.695,83.0999999999999,300.));
#6816=CARTESIAN_POINT('',(304.695,64.1149999999999,298.));
#6817=CARTESIAN_POINT('',(304.695,77.0800000484287,298.));
#6818=CARTESIAN_POINT('',(304.695,64.1149999999999,298.45));
#6819=CARTESIAN_POINT('Origin',(306.695,77.0800000484287,298.));
#6820=CARTESIAN_POINT('',(306.695,64.1149999999999,300.));
#6821=CARTESIAN_POINT('',(306.695,77.0800000484287,300.));
#6822=CARTESIAN_POINT('Origin',(306.695,64.1149999999999,298.));
#6823=CARTESIAN_POINT('Origin',(330.76125,82.0999999999999,266.8));
#6824=CARTESIAN_POINT('',(316.445,82.0999999999999,265.8));
#6825=CARTESIAN_POINT('Origin',(316.445,82.0999999999999,266.8));
#6826=CARTESIAN_POINT('',(348.239039475393,82.0999999999999,265.8));
#6827=CARTESIAN_POINT('Origin',(348.239039475393,82.1,266.8));
#6828=CARTESIAN_POINT('',(324.700960524607,82.0999999999999,265.8));
#6829=CARTESIAN_POINT('',(330.76125,82.0999999999999,265.8));
#6830=CARTESIAN_POINT('',(323.789039475393,82.0999999999999,265.8));
#6831=CARTESIAN_POINT('Ctrl Pts',(324.700960524607,82.0999999999999,265.8));
#6832=CARTESIAN_POINT('Ctrl Pts',(324.554881890037,82.1600054872545,265.8));
#6833=CARTESIAN_POINT('Ctrl Pts',(324.396202581388,82.1899999999999,265.804058234634));
#6834=CARTESIAN_POINT('Ctrl Pts',(324.245,82.1899999999999,265.804058234634));
#6835=CARTESIAN_POINT('Ctrl Pts',(324.093797418612,82.1899999999999,265.804058234634));
#6836=CARTESIAN_POINT('Ctrl Pts',(323.935118109963,82.1600054872545,265.8));
#6837=CARTESIAN_POINT('Ctrl Pts',(323.789039475393,82.0999999999999,265.8));
#6838=CARTESIAN_POINT('',(330.76125,82.0999999999999,265.8));
#6839=CARTESIAN_POINT('Origin',(330.76125,82.0999999999999,266.8));
#6840=CARTESIAN_POINT('',(349.055,82.1347270417003,265.800603165617));
#6841=CARTESIAN_POINT('Ctrl Pts',(349.055,82.1347270417003,265.800603165617));
#6842=CARTESIAN_POINT('Ctrl Pts',(348.936930763047,82.1718580989347,265.801893395612));
#6843=CARTESIAN_POINT('Ctrl Pts',(348.813621668531,82.1899999999999,265.804058234634));
#6844=CARTESIAN_POINT('Ctrl Pts',(348.695,82.1899999999999,265.804058234634));
#6845=CARTESIAN_POINT('Ctrl Pts',(348.543797418612,82.1899999999999,265.804058234634));
#6846=CARTESIAN_POINT('Ctrl Pts',(348.385118109963,82.1600054872545,265.8));
#6847=CARTESIAN_POINT('Ctrl Pts',(348.239039475393,82.0999999999999,265.8));
#6848=CARTESIAN_POINT('Origin',(349.055,82.1,266.8));
#6849=CARTESIAN_POINT('Origin',(333.395816691897,79.6,266.8));
#6850=CARTESIAN_POINT('',(339.1,78.6,266.8));
#6851=CARTESIAN_POINT('',(334.1,78.6,266.8));
#6852=CARTESIAN_POINT('',(333.395816691897,78.6,266.8));
#6853=CARTESIAN_POINT('',(335.1,79.6,265.8));
#6854=CARTESIAN_POINT('Origin',(335.1,79.6,266.8));
#6855=CARTESIAN_POINT('',(339.162490273881,79.6,265.8));
#6856=CARTESIAN_POINT('',(333.395816691897,79.6,265.8));
#6857=CARTESIAN_POINT('Origin',(339.162490273881,79.6,266.8));
#6858=CARTESIAN_POINT('Origin',(350.055,78.2333112012398,266.8));
#6859=CARTESIAN_POINT('',(350.055,78.2333112012398,265.8));
#6860=CARTESIAN_POINT('Origin',(350.055,78.2333112012398,266.8));
#6861=CARTESIAN_POINT('',(349.930505607115,77.2410908899479,266.8));
#6862=CARTESIAN_POINT('Origin',(350.055,78.2333112012398,266.8));
#6863=CARTESIAN_POINT('Origin',(350.055,78.2333112012398,266.8));
#6864=CARTESIAN_POINT('Origin',(350.055,78.2333112012398,278.5));
#6865=CARTESIAN_POINT('',(349.930505607115,77.2410908899479,278.5));
#6866=CARTESIAN_POINT('',(349.930505607115,77.2410908899479,278.5));
#6867=CARTESIAN_POINT('',(350.055,77.2333112012398,278.5));
#6868=CARTESIAN_POINT('Origin',(350.055,78.2333112012398,279.5));
#6869=CARTESIAN_POINT('Origin',(350.055,78.2333112012398,278.5));
#6870=CARTESIAN_POINT('Origin',(350.055,73.4624999999999,279.5));
#6871=CARTESIAN_POINT('',(350.055,64.2466887987601,278.5));
#6872=CARTESIAN_POINT('Origin',(350.055,63.2466887987601,279.5));
#6873=CARTESIAN_POINT('',(350.055,73.4624999999999,278.5));
#6874=CARTESIAN_POINT('Origin',(350.055,63.2466887987601,266.8));
#6875=CARTESIAN_POINT('',(349.930505607115,64.238909110052,266.8));
#6876=CARTESIAN_POINT('',(350.055,63.2466887987601,265.8));
#6877=CARTESIAN_POINT('Origin',(350.055,63.2466887987601,266.8));
#6878=CARTESIAN_POINT('Origin',(350.055,63.2466887987601,266.8));
#6879=CARTESIAN_POINT('Origin',(350.055,63.2466887987601,266.8));
#6880=CARTESIAN_POINT('Origin',(350.055,63.2466887987601,278.5));
#6881=CARTESIAN_POINT('',(349.930505607115,64.238909110052,278.5));
#6882=CARTESIAN_POINT('',(349.930505607115,64.238909110052,278.5));
#6883=CARTESIAN_POINT('Origin',(350.055,63.2466887987601,278.5));
#6884=CARTESIAN_POINT('Origin',(350.055,64.0049999999999,266.8));
#6885=CARTESIAN_POINT('',(350.055,60.3799999999999,265.8));
#6886=CARTESIAN_POINT('Origin',(350.055,60.3799999999999,266.8));
#6887=CARTESIAN_POINT('',(350.055,64.0049999999999,265.8));
#6888=CARTESIAN_POINT('Ctrl Pts',(351.055,60.3799999999999,266.8));
#6889=CARTESIAN_POINT('Ctrl Pts',(351.055,58.5902658102427,266.8));
#6890=CARTESIAN_POINT('Ctrl Pts',(349.276250896975,58.3922756628274,266.8));
#6891=CARTESIAN_POINT('Ctrl Pts',(351.055,60.3799999999999,265.8));
#6892=CARTESIAN_POINT('Ctrl Pts',(351.055,58.5902658102427,265.8));
#6893=CARTESIAN_POINT('Ctrl Pts',(349.276250896975,58.3922756628274,265.8));
#6894=CARTESIAN_POINT('Ctrl Pts',(350.055,60.3799999999999,265.8));
#6895=CARTESIAN_POINT('Ctrl Pts',(350.055,59.4851329051213,265.8));
#6896=CARTESIAN_POINT('Ctrl Pts',(349.165625448487,59.3861378314137,265.8));
#6897=CARTESIAN_POINT('',(349.165625448487,59.3861378314137,265.8));
#6898=CARTESIAN_POINT('Origin',(349.165625448487,59.3861378314137,266.8));
#6899=CARTESIAN_POINT('Origin',(349.055,60.3799999999999,265.8));
#6900=CARTESIAN_POINT('Origin',(342.213244392885,62.262779688708,266.8));
#6901=CARTESIAN_POINT('',(339.1,62.8799999999999,266.8));
#6902=CARTESIAN_POINT('',(342.08875,63.2549999999999,266.8));
#6903=CARTESIAN_POINT('',(339.162490273882,61.8799999999999,265.8));
#6904=CARTESIAN_POINT('',(342.213244392885,62.262779688708,265.8));
#6905=CARTESIAN_POINT('Origin',(339.162490273882,61.8799999999999,266.8));
#6906=CARTESIAN_POINT('Origin',(348.06625,61.8799999999999,266.8));
#6907=CARTESIAN_POINT('',(335.1,61.8799999999999,265.8));
#6908=CARTESIAN_POINT('',(348.06625,61.8799999999999,265.8));
#6909=CARTESIAN_POINT('',(334.1,62.8799999999999,266.8));
#6910=CARTESIAN_POINT('Origin',(335.1,61.8799999999999,266.8));
#6911=CARTESIAN_POINT('',(348.06625,62.8799999999999,266.8));
#6912=CARTESIAN_POINT('Origin',(348.190744392885,78.4672203112919,266.8));
#6913=CARTESIAN_POINT('',(348.190744392885,78.4672203112919,265.8));
#6914=CARTESIAN_POINT('',(348.06625,77.475,266.8));
#6915=CARTESIAN_POINT('Ctrl Pts',(349.276250896975,83.0877243371725,266.8));
#6916=CARTESIAN_POINT('Ctrl Pts',(351.055,82.8897341897572,266.8));
#6917=CARTESIAN_POINT('Ctrl Pts',(351.055,81.1,266.8));
#6918=CARTESIAN_POINT('Ctrl Pts',(349.276250896975,83.0877243371725,265.8));
#6919=CARTESIAN_POINT('Ctrl Pts',(351.055,82.8897341897572,265.8));
#6920=CARTESIAN_POINT('Ctrl Pts',(351.055,81.1,265.8));
#6921=CARTESIAN_POINT('Ctrl Pts',(349.165625448487,82.0938621685862,265.8));
#6922=CARTESIAN_POINT('Ctrl Pts',(350.055,81.9948670948785,265.8));
#6923=CARTESIAN_POINT('Ctrl Pts',(350.055,81.1,265.8));
#6924=CARTESIAN_POINT('',(349.165625448487,82.0938621685862,265.8));
#6925=CARTESIAN_POINT('Origin',(349.165625448487,82.0938621685862,266.8));
#6926=CARTESIAN_POINT('',(350.055,81.1,265.8));
#6927=CARTESIAN_POINT('Origin',(350.055,81.1,266.8));
#6928=CARTESIAN_POINT('Origin',(349.055,81.1,265.8));
#6929=CARTESIAN_POINT('Origin',(350.055,71.115,266.8));
#6930=CARTESIAN_POINT('',(350.055,71.115,265.8));
#6931=CARTESIAN_POINT('Ctrl Pts',(349.276250896979,58.3922756628279,266.8));
#6932=CARTESIAN_POINT('Ctrl Pts',(349.165965993771,58.3799999999999,266.8));
#6933=CARTESIAN_POINT('Ctrl Pts',(349.055,58.3799999999999,266.8));
#6934=CARTESIAN_POINT('Ctrl Pts',(349.276250896979,58.3922756628279,265.799999999999));
#6935=CARTESIAN_POINT('Ctrl Pts',(349.165965993771,58.3799999999999,265.799999999999));
#6936=CARTESIAN_POINT('Ctrl Pts',(349.055,58.3799999999999,265.799999999999));
#6937=CARTESIAN_POINT('Ctrl Pts',(349.165625448489,59.3861378314145,265.8));
#6938=CARTESIAN_POINT('Ctrl Pts',(349.110482996885,59.3800000000005,265.8));
#6939=CARTESIAN_POINT('Ctrl Pts',(349.055,59.3800000000005,265.8));
#6940=CARTESIAN_POINT('',(349.055,59.3452729582996,265.800603165617));
#6941=CARTESIAN_POINT('Ctrl Pts',(349.055,59.3452729582996,265.800603165617));
#6942=CARTESIAN_POINT('Ctrl Pts',(349.092485720602,59.3570616720499,265.800193531386));
#6943=CARTESIAN_POINT('Ctrl Pts',(349.129406113304,59.3706959208655,265.8));
#6944=CARTESIAN_POINT('Ctrl Pts',(349.165625448489,59.3861378314145,265.8));
#6945=CARTESIAN_POINT('Origin',(349.055,59.3799999999999,266.8));
#6946=CARTESIAN_POINT('Origin',(324.13625,59.3799999999999,266.8));
#6947=CARTESIAN_POINT('',(323.789039475393,59.3799999999999,265.8));
#6948=CARTESIAN_POINT('',(324.700960524607,59.3799999999999,265.8));
#6949=CARTESIAN_POINT('Ctrl Pts',(323.789039475393,59.3799999999999,265.8));
#6950=CARTESIAN_POINT('Ctrl Pts',(323.935118109963,59.3199945127455,265.8));
#6951=CARTESIAN_POINT('Ctrl Pts',(324.093797418612,59.2899999999999,265.804058234634));
#6952=CARTESIAN_POINT('Ctrl Pts',(324.245,59.2899999999999,265.804058234634));
#6953=CARTESIAN_POINT('Ctrl Pts',(324.396202581388,59.2899999999999,265.804058234634));
#6954=CARTESIAN_POINT('Ctrl Pts',(324.554881890037,59.3199945127455,265.8));
#6955=CARTESIAN_POINT('Ctrl Pts',(324.700960524607,59.3799999999999,265.8));
#6956=CARTESIAN_POINT('',(348.239039475393,59.3799999999999,265.8));
#6957=CARTESIAN_POINT('',(324.13625,59.3799999999999,265.8));
#6958=CARTESIAN_POINT('Origin',(348.239039475393,59.3799999999999,266.8));
#6959=CARTESIAN_POINT('',(316.445,59.3799999999999,265.8));
#6960=CARTESIAN_POINT('Origin',(316.445,59.3799999999999,266.8));
#6961=CARTESIAN_POINT('',(324.13625,59.3799999999999,265.8));
#6962=CARTESIAN_POINT('Origin',(324.13625,59.3799999999999,266.8));
#6963=CARTESIAN_POINT('Ctrl Pts',(348.239039475393,59.3799999999999,265.8));
#6964=CARTESIAN_POINT('Ctrl Pts',(348.385118109963,59.3199945127455,265.8));
#6965=CARTESIAN_POINT('Ctrl Pts',(348.543797418612,59.2899999999999,265.804058234634));
#6966=CARTESIAN_POINT('Ctrl Pts',(348.695,59.2899999999999,265.804058234634));
#6967=CARTESIAN_POINT('Ctrl Pts',(348.813621668531,59.2899999999999,265.804058234634));
#6968=CARTESIAN_POINT('Ctrl Pts',(348.936930763047,59.3081419010652,265.801893395612));
#6969=CARTESIAN_POINT('Ctrl Pts',(349.055,59.3452729582996,265.800603165617));
#6970=CARTESIAN_POINT('Ctrl Pts',(349.055,83.1,266.8));
#6971=CARTESIAN_POINT('Ctrl Pts',(349.165965993769,83.1,266.8));
#6972=CARTESIAN_POINT('Ctrl Pts',(349.276250896975,83.0877243371725,266.8));
#6973=CARTESIAN_POINT('Ctrl Pts',(349.055,83.1,265.8));
#6974=CARTESIAN_POINT('Ctrl Pts',(349.165965993769,83.1,265.8));
#6975=CARTESIAN_POINT('Ctrl Pts',(349.276250896975,83.0877243371725,265.8));
#6976=CARTESIAN_POINT('Ctrl Pts',(349.055,82.1,265.8));
#6977=CARTESIAN_POINT('Ctrl Pts',(349.110482996884,82.1,265.8));
#6978=CARTESIAN_POINT('Ctrl Pts',(349.165625448487,82.0938621685862,265.8));
#6979=CARTESIAN_POINT('Ctrl Pts',(349.165625448487,82.0938621685862,265.8));
#6980=CARTESIAN_POINT('Ctrl Pts',(349.12947539891,82.1092745396043,265.8));
#6981=CARTESIAN_POINT('Ctrl Pts',(349.09255709748,82.1229158809604,265.800192751398));
#6982=CARTESIAN_POINT('Ctrl Pts',(349.055,82.1347270417003,265.800603165617));
#6983=CARTESIAN_POINT('Origin',(321.714133383793,78.6,270.));
#6984=CARTESIAN_POINT('',(339.1,78.6,278.5));
#6985=CARTESIAN_POINT('',(339.1,78.6,278.5));
#6986=CARTESIAN_POINT('',(329.25,78.6,278.5));
#6987=CARTESIAN_POINT('',(328.55,78.6,278.5));
#6988=CARTESIAN_POINT('',(329.25,78.6,276.2));
#6989=CARTESIAN_POINT('',(329.25,78.6,283.));
#6990=CARTESIAN_POINT('',(316.445,78.6,276.2));
#6991=CARTESIAN_POINT('',(317.58375,78.6,276.2));
#6992=CARTESIAN_POINT('',(316.445,78.6,272.8));
#6993=CARTESIAN_POINT('',(316.445,78.6,285.6));
#6994=CARTESIAN_POINT('',(334.1,78.6,272.8));
#6995=CARTESIAN_POINT('',(319.079566691897,78.6,272.8));
#6996=CARTESIAN_POINT('',(334.1,78.6,278.25));
#6997=CARTESIAN_POINT('Origin',(351.055,77.1,278.5));
#6998=CARTESIAN_POINT('',(339.1,78.6,278.5));
#6999=CARTESIAN_POINT('Origin',(345.0775,77.85,265.8));
#7000=CARTESIAN_POINT('',(327.282893218813,71.7828932188134,265.8));
#7001=CARTESIAN_POINT('',(328.75875,73.2587499999999,265.8));
#7002=CARTESIAN_POINT('',(326.575786437627,71.49,265.8));
#7003=CARTESIAN_POINT('Origin',(326.575786437627,72.49,265.8));
#7004=CARTESIAN_POINT('',(317.445,71.4899999999999,265.8));
#7005=CARTESIAN_POINT('',(328.4975,71.49,265.8));
#7006=CARTESIAN_POINT('',(316.445,72.4899999999999,265.8));
#7007=CARTESIAN_POINT('Origin',(317.445,72.4899999999999,265.8));
#7008=CARTESIAN_POINT('',(316.445,65.9624999999999,265.8));
#7009=CARTESIAN_POINT('',(323.445,81.8844271909998,265.8));
#7010=CARTESIAN_POINT('Origin',(324.245,80.99,265.8));
#7011=CARTESIAN_POINT('',(322.445,80.9899999999999,265.8));
#7012=CARTESIAN_POINT('',(322.065033692292,80.6501478027217,265.8));
#7013=CARTESIAN_POINT('',(323.222033622181,80.295,265.8));
#7014=CARTESIAN_POINT('',(326.741632974375,77.1469746379723,265.8));
#7015=CARTESIAN_POINT('',(323.5,80.0492689013325,265.8));
#7016=CARTESIAN_POINT('',(323.5,80.0492689013325,265.8));
#7017=CARTESIAN_POINT('Origin',(324.245,80.99,265.8));
#7018=CARTESIAN_POINT('',(347.895,81.8844271909998,265.8));
#7019=CARTESIAN_POINT('Origin',(348.695,80.99,265.8));
#7020=CARTESIAN_POINT('',(346.895,80.9899999999999,265.8));
#7021=CARTESIAN_POINT('',(339.723367025626,74.5754964638472,265.8));
#7022=CARTESIAN_POINT('',(347.895,80.095572809,265.8));
#7023=CARTESIAN_POINT('',(344.399966307708,83.2216259768467,265.8));
#7024=CARTESIAN_POINT('Origin',(348.695,80.99,265.8));
#7025=CARTESIAN_POINT('Origin',(327.75,82.5449999999999,278.5));
#7026=CARTESIAN_POINT('',(339.1,62.8799999999999,278.5));
#7027=CARTESIAN_POINT('',(339.1,62.8799999999999,278.5));
#7028=CARTESIAN_POINT('',(329.25,62.8799999999999,278.5));
#7029=CARTESIAN_POINT('',(328.55,62.8799999999999,278.5));
#7030=CARTESIAN_POINT('',(329.25,59.1799999999999,278.5));
#7031=CARTESIAN_POINT('',(329.25,76.6424999999999,278.5));
#7032=CARTESIAN_POINT('',(316.445,59.1799999999999,278.5));
#7033=CARTESIAN_POINT('',(325.58649688841,59.18,278.5));
#7034=CARTESIAN_POINT('',(316.445,61.0290001266598,278.500000163913));
#7035=CARTESIAN_POINT('',(316.445,83.045,278.5));
#7036=CARTESIAN_POINT('',(328.75,61.0290001266598,278.5));
#7037=CARTESIAN_POINT('',(317.2575,61.0290001266598,278.5));
#7038=CARTESIAN_POINT('',(328.75,80.7400001266598,278.5));
#7039=CARTESIAN_POINT('',(328.75,76.6424999999999,278.5));
#7040=CARTESIAN_POINT('',(316.445,80.7400001266598,278.500000163913));
#7041=CARTESIAN_POINT('',(317.2575,80.7400001266598,278.5));
#7042=CARTESIAN_POINT('',(316.445,82.3,278.5));
#7043=CARTESIAN_POINT('',(316.445,83.045,278.5));
#7044=CARTESIAN_POINT('',(329.25,82.2999999999999,278.5));
#7045=CARTESIAN_POINT('',(318.4725,82.2999999999999,278.5));
#7046=CARTESIAN_POINT('',(329.25,76.6424999999999,278.5));
#7047=CARTESIAN_POINT('Origin',(339.1,62.8799999999999,278.5));
#7048=CARTESIAN_POINT('',(339.1,62.8799999999999,278.5));
#7049=CARTESIAN_POINT('Origin',(351.055,62.8799999999999,270.));
#7050=CARTESIAN_POINT('',(334.1,62.8799999999999,272.8));
#7051=CARTESIAN_POINT('',(334.1,62.8799999999999,278.25));
#7052=CARTESIAN_POINT('',(316.445,62.88,272.8));
#7053=CARTESIAN_POINT('',(333.75,62.8799999999999,272.8));
#7054=CARTESIAN_POINT('',(316.445,62.88,276.2));
#7055=CARTESIAN_POINT('',(316.445,62.88,285.6));
#7056=CARTESIAN_POINT('',(329.25,62.8799999999999,276.2));
#7057=CARTESIAN_POINT('',(317.58375,62.88,276.2));
#7058=CARTESIAN_POINT('',(329.25,62.8799999999999,281.85));
#7059=CARTESIAN_POINT('Origin',(348.695,60.4899999999999,270.));
#7060=CARTESIAN_POINT('',(347.895,59.595572809,265.8));
#7061=CARTESIAN_POINT('Origin',(348.695,60.4899999999999,265.8));
#7062=CARTESIAN_POINT('',(347.895,59.595572809,270.));
#7063=CARTESIAN_POINT('',(347.895,59.595572809,270.));
#7064=CARTESIAN_POINT('',(347.895,61.3844271909999,270.));
#7065=CARTESIAN_POINT('Origin',(348.695,60.4899999999999,270.));
#7066=CARTESIAN_POINT('',(347.895,61.3844271909999,265.8));
#7067=CARTESIAN_POINT('',(347.895,61.3844271909999,270.));
#7068=CARTESIAN_POINT('Origin',(348.695,60.4899999999999,265.8));
#7069=CARTESIAN_POINT('Origin',(345.0775,63.6299999999999,265.8));
#7070=CARTESIAN_POINT('',(327.282893218813,69.6971067811865,265.8));
#7071=CARTESIAN_POINT('',(328.75875,68.2212499999999,265.8));
#7072=CARTESIAN_POINT('',(346.895,60.4899999999999,265.8));
#7073=CARTESIAN_POINT('',(344.816632974375,58.6310520194031,265.8));
#7074=CARTESIAN_POINT('',(339.306700358958,67.2771815324021,265.8));
#7075=CARTESIAN_POINT('',(323.5,61.4307310986674,265.8));
#7076=CARTESIAN_POINT('Origin',(324.245,60.4899999999999,265.8));
#7077=CARTESIAN_POINT('',(323.222033622181,61.185,265.8));
#7078=CARTESIAN_POINT('',(323.5,61.4307310986674,265.8));
#7079=CARTESIAN_POINT('',(322.445,60.4899999999999,265.8));
#7080=CARTESIAN_POINT('',(327.158299641041,64.7057033582776,265.8));
#7081=CARTESIAN_POINT('',(323.445,59.595572809,265.8));
#7082=CARTESIAN_POINT('',(321.648367025625,61.202530193528,265.8));
#7083=CARTESIAN_POINT('Origin',(324.245,60.4899999999999,265.8));
#7084=CARTESIAN_POINT('',(316.445,68.9899999999999,265.8));
#7085=CARTESIAN_POINT('',(316.445,65.9624999999999,265.8));
#7086=CARTESIAN_POINT('',(317.445,69.9899999999999,265.8));
#7087=CARTESIAN_POINT('Origin',(317.445,68.9899999999999,265.8));
#7088=CARTESIAN_POINT('',(326.575786437627,69.99,265.8));
#7089=CARTESIAN_POINT('',(322.445,69.9899999999999,265.8));
#7090=CARTESIAN_POINT('Origin',(326.575786437627,68.99,265.8));
#7091=CARTESIAN_POINT('Origin',(324.245,60.4899999999999,270.));
#7092=CARTESIAN_POINT('',(323.445,59.595572809,270.));
#7093=CARTESIAN_POINT('',(323.445,59.595572809,270.));
#7094=CARTESIAN_POINT('',(323.5,61.4307310986674,270.));
#7095=CARTESIAN_POINT('Origin',(324.245,60.4899999999999,270.));
#7096=CARTESIAN_POINT('',(323.5,61.4307310986674,270.));
#7097=CARTESIAN_POINT('Origin',(308.944999798834,71.0600000968575,300.));
#7098=CARTESIAN_POINT('',(306.695,77.3649999999999,300.));
#7099=CARTESIAN_POINT('',(306.695,77.0800000484287,300.));
#7100=CARTESIAN_POINT('',(316.445,77.3649999999999,300.));
#7101=CARTESIAN_POINT('',(309.194999899417,77.3649999999999,300.));
#7102=CARTESIAN_POINT('',(316.445,75.115,300.));
#7103=CARTESIAN_POINT('',(316.445,79.9787499999999,300.));
#7104=CARTESIAN_POINT('',(316.445,66.365,300.));
#7105=CARTESIAN_POINT('Origin',(316.445,70.74,300.));
#7106=CARTESIAN_POINT('',(316.445,64.1149999999999,300.));
#7107=CARTESIAN_POINT('',(316.445,71.6112499999999,300.));
#7108=CARTESIAN_POINT('',(312.694999899417,64.1149999999999,300.));
#7109=CARTESIAN_POINT('',(323.445,59.595572809,300.));
#7110=CARTESIAN_POINT('Origin',(324.245,60.4899999999999,300.));
#7111=CARTESIAN_POINT('',(322.444795271868,60.4901831144079,300.));
#7112=CARTESIAN_POINT('',(321.651596966711,61.1996412463958,300.));
#7113=CARTESIAN_POINT('',(323.404309645767,61.3462941832683,300.));
#7114=CARTESIAN_POINT('',(331.358716149694,68.4434838027997,300.));
#7115=CARTESIAN_POINT('Origin',(324.245,60.4899999999999,300.));
#7116=CARTESIAN_POINT('',(344.154686489277,59.5870024613715,300.));
#7117=CARTESIAN_POINT('Origin',(344.945,60.4899999999999,300.));
#7118=CARTESIAN_POINT('',(343.122938273277,60.49,300.));
#7119=CARTESIAN_POINT('',(336.576800067805,66.2192531214433,300.));
#7120=CARTESIAN_POINT('',(344.154686489277,61.3929975386284,300.));
#7121=CARTESIAN_POINT('',(346.237139362752,63.2155835047543,300.));
#7122=CARTESIAN_POINT('Origin',(344.945,60.4899999999999,300.));
#7123=CARTESIAN_POINT('',(344.145,80.095572809,300.));
#7124=CARTESIAN_POINT('Origin',(344.945,80.99,300.));
#7125=CARTESIAN_POINT('',(343.145,80.9899999999999,300.));
#7126=CARTESIAN_POINT('',(341.69486291546,82.2870420390897,300.));
#7127=CARTESIAN_POINT('',(344.145,81.8844271909999,300.));
#7128=CARTESIAN_POINT('',(341.208629689493,79.258057742438,300.));
#7129=CARTESIAN_POINT('Origin',(344.945,80.99,300.));
#7130=CARTESIAN_POINT('',(323.445,80.095572809,300.));
#7131=CARTESIAN_POINT('Origin',(324.245,80.99,300.));
#7132=CARTESIAN_POINT('',(322.445,80.9899999999999,300.));
#7133=CARTESIAN_POINT('',(326.74486291546,77.1440856908401,300.));
#7134=CARTESIAN_POINT('',(323.445,81.8844271909998,300.));
#7135=CARTESIAN_POINT('',(326.258629689493,84.4010140906875,300.));
#7136=CARTESIAN_POINT('Origin',(324.245,80.99,300.));
#7137=CARTESIAN_POINT('Origin',(304.695,83.0999999999999,300.));
#7138=CARTESIAN_POINT('',(304.695,77.3649999999999,298.));
#7139=CARTESIAN_POINT('',(304.695,77.3649999999999,300.));
#7140=CARTESIAN_POINT('',(304.695,77.0800000484287,298.));
#7141=CARTESIAN_POINT('Origin',(316.445,75.115,300.));
#7142=CARTESIAN_POINT('',(316.445,72.4899999999999,272.8));
#7143=CARTESIAN_POINT('',(316.445,72.4899999999999,282.9));
#7144=CARTESIAN_POINT('',(316.445,68.9974999999999,272.8));
#7145=CARTESIAN_POINT('',(316.445,82.3,276.2));
#7146=CARTESIAN_POINT('',(316.445,72.9275,276.2));
#7147=CARTESIAN_POINT('',(316.445,82.3,286.75));
#7148=CARTESIAN_POINT('',(316.445,80.7400001266598,286.500000163913));
#7149=CARTESIAN_POINT('',(316.445,80.7400001266598,290.500000081956));
#7150=CARTESIAN_POINT('',(316.445,75.115,286.500000163913));
#7151=CARTESIAN_POINT('',(316.445,77.9275000633299,286.500000163913));
#7152=CARTESIAN_POINT('',(316.445,75.115,292.944212356944));
#7153=CARTESIAN_POINT('',(316.445,75.115,300.));
#7154=CARTESIAN_POINT('',(316.445,77.1679349528996,296.5));
#7155=CARTESIAN_POINT('',(316.445,74.0359512146747,291.075245036915));
#7156=CARTESIAN_POINT('',(316.445,76.6149999999999,296.5));
#7157=CARTESIAN_POINT('',(316.445,72.9275,296.5));
#7158=CARTESIAN_POINT('',(316.445,75.115,298.));
#7159=CARTESIAN_POINT('',(316.445,75.8649999999999,297.25));
#7160=CARTESIAN_POINT('',(316.445,75.115,300.));
#7161=CARTESIAN_POINT('',(316.445,77.3649999999999,300.));
#7162=CARTESIAN_POINT('',(316.445,81.1499999999999,290.000000298023));
#7163=CARTESIAN_POINT('Origin',(316.445,80.0999999999999,290.000000298023));
#7164=CARTESIAN_POINT('',(316.445,81.1499999999999,269.500000298023));
#7165=CARTESIAN_POINT('Origin',(316.445,80.0999999999999,269.500000298023));
#7166=CARTESIAN_POINT('Origin',(316.445,75.115,300.));
#7167=CARTESIAN_POINT('',(316.445,64.1149999999999,296.4));
#7168=CARTESIAN_POINT('',(316.445,66.365,298.));
#7169=CARTESIAN_POINT('',(316.445,66.365,300.));
#7170=CARTESIAN_POINT('',(316.445,64.865,296.5));
#7171=CARTESIAN_POINT('',(316.445,65.615,297.25));
#7172=CARTESIAN_POINT('',(316.445,64.3120650471002,296.5));
#7173=CARTESIAN_POINT('',(316.445,64.8374999999999,296.5));
#7174=CARTESIAN_POINT('',(316.445,66.365,292.944212356944));
#7175=CARTESIAN_POINT('',(316.445,67.4440487853252,291.075245036915));
#7176=CARTESIAN_POINT('',(316.445,66.365,286.500000163913));
#7177=CARTESIAN_POINT('',(316.445,66.365,300.));
#7178=CARTESIAN_POINT('',(316.445,61.0290001266598,286.500000163913));
#7179=CARTESIAN_POINT('',(316.445,69.8375000633299,286.500000163913));
#7180=CARTESIAN_POINT('',(316.445,61.0290001266598,293.250000081956));
#7181=CARTESIAN_POINT('',(316.445,59.1799999999999,276.2));
#7182=CARTESIAN_POINT('',(316.445,59.1799999999999,287.5));
#7183=CARTESIAN_POINT('',(316.445,72.9275,276.2));
#7184=CARTESIAN_POINT('',(316.445,68.9899999999999,272.8));
#7185=CARTESIAN_POINT('',(316.445,68.9974999999999,272.8));
#7186=CARTESIAN_POINT('',(316.445,68.9899999999999,282.9));
#7187=CARTESIAN_POINT('',(316.445,62.4299999999999,290.000000298023));
#7188=CARTESIAN_POINT('Origin',(316.445,61.3799999999999,290.000000298023));
#7189=CARTESIAN_POINT('',(316.445,62.4299999999999,269.500000298023));
#7190=CARTESIAN_POINT('Origin',(316.445,61.3799999999999,269.500000298023));
#7191=CARTESIAN_POINT('Origin',(304.695,80.0999999999999,269.500000298023));
#7192=CARTESIAN_POINT('',(322.445,81.1499999999999,269.500000298023));
#7193=CARTESIAN_POINT('',(304.695,81.1499999999999,269.500000298023));
#7194=CARTESIAN_POINT('',(322.445,80.9899999999998,268.942864766936));
#7195=CARTESIAN_POINT('Origin',(322.445,80.0999999999999,269.500000298023));
#7196=CARTESIAN_POINT('Origin',(322.445,80.0999999999999,269.500000298023));
#7197=CARTESIAN_POINT('Origin',(322.445,80.0999999999999,269.500000298023));
#7198=CARTESIAN_POINT('',(322.445,80.9899999999999,270.));
#7199=CARTESIAN_POINT('',(322.445,80.9899999999999,270.));
#7200=CARTESIAN_POINT('',(322.445,80.9899999999999,270.));
#7201=CARTESIAN_POINT('Origin',(304.695,61.3799999999999,269.500000298023));
#7202=CARTESIAN_POINT('',(322.445,62.4299999999999,269.500000298023));
#7203=CARTESIAN_POINT('',(304.695,62.4299999999999,269.500000298023));
#7204=CARTESIAN_POINT('',(322.445,60.49,268.942864766936));
#7205=CARTESIAN_POINT('Origin',(322.445,61.3799999999999,269.500000298023));
#7206=CARTESIAN_POINT('Origin',(322.445,61.3799999999999,269.500000298023));
#7207=CARTESIAN_POINT('Origin',(322.445,61.3799999999999,269.500000298023));
#7208=CARTESIAN_POINT('',(322.445,60.4899999999999,270.));
#7209=CARTESIAN_POINT('',(322.445,60.4899999999999,270.));
#7210=CARTESIAN_POINT('',(322.445,60.4899999999999,270.));
#7211=CARTESIAN_POINT('Origin',(326.2,75.6,269.3));
#7212=CARTESIAN_POINT('',(325.1,75.6,269.3));
#7213=CARTESIAN_POINT('',(326.2,74.5,269.3));
#7214=CARTESIAN_POINT('',(326.2,74.5,269.3));
#7215=CARTESIAN_POINT('Origin',(326.2,75.6,269.3));
#7216=CARTESIAN_POINT('Origin',(334.1,75.6,269.3));
#7217=CARTESIAN_POINT('',(330.,74.5,269.3));
#7218=CARTESIAN_POINT('Origin',(331.1,75.6,269.3));
#7219=CARTESIAN_POINT('',(334.1,74.5,269.3));
#7220=CARTESIAN_POINT('Origin',(326.2,65.8799999999999,269.3));
#7221=CARTESIAN_POINT('',(325.1,65.8799999999999,269.3));
#7222=CARTESIAN_POINT('',(326.2,64.7799999999999,269.3));
#7223=CARTESIAN_POINT('',(326.2,64.7799999999999,269.3));
#7224=CARTESIAN_POINT('Origin',(326.2,65.8799999999999,269.3));
#7225=CARTESIAN_POINT('Origin',(334.1,65.8799999999999,269.3));
#7226=CARTESIAN_POINT('',(332.2,64.7799999999999,269.3));
#7227=CARTESIAN_POINT('Origin',(331.1,65.8799999999999,269.3));
#7228=CARTESIAN_POINT('',(334.1,64.7799999999999,269.3));
#7229=CARTESIAN_POINT('Origin',(328.75,76.6424999999999,281.5));
#7230=CARTESIAN_POINT('',(325.75,61.0290001266598,281.5));
#7231=CARTESIAN_POINT('Origin',(328.75,61.0290001266598,281.5));
#7232=CARTESIAN_POINT('',(325.75,80.7400001266598,281.5));
#7233=CARTESIAN_POINT('',(325.75,76.6424999999999,281.5));
#7234=CARTESIAN_POINT('Origin',(328.75,80.7400001266598,281.5));
#7235=CARTESIAN_POINT('Origin',(325.75,70.7399999999999,289.75));
#7236=CARTESIAN_POINT('',(325.75,61.0290001266598,286.500000163913));
#7237=CARTESIAN_POINT('',(325.75,61.0290001266598,285.125000163913));
#7238=CARTESIAN_POINT('',(325.75,80.7400001266598,286.500000163913));
#7239=CARTESIAN_POINT('',(325.75,75.8122501266598,286.500000163913));
#7240=CARTESIAN_POINT('',(325.75,80.7400001266598,285.375));
#7241=CARTESIAN_POINT('Origin',(323.42299377682,59.1799999999999,286.5));
#7242=CARTESIAN_POINT('',(329.25,59.1799999999999,276.2));
#7243=CARTESIAN_POINT('',(329.25,59.18,287.));
#7244=CARTESIAN_POINT('',(321.07274688841,59.18,276.2));
#7245=CARTESIAN_POINT('Origin',(318.7225,70.74,276.2));
#7246=CARTESIAN_POINT('',(329.25,82.5449999999999,276.2));
#7247=CARTESIAN_POINT('Origin',(329.25,70.74,287.5));
#7248=CARTESIAN_POINT('Origin',(309.195,82.2999999999999,285.));
#7249=CARTESIAN_POINT('',(329.25,82.2999999999999,276.2));
#7250=CARTESIAN_POINT('',(313.95875,82.2999999999999,276.2));
#7251=CARTESIAN_POINT('',(329.25,82.2999999999999,286.25));
#7252=CARTESIAN_POINT('Origin',(329.25,70.74,287.5));
#7253=CARTESIAN_POINT('',(329.25,82.5449999999999,276.2));
#7254=CARTESIAN_POINT('Origin',(326.575786437627,72.49,272.025));
#7255=CARTESIAN_POINT('',(327.282893218813,71.7828932188134,272.8));
#7256=CARTESIAN_POINT('',(327.282893218813,71.7828932188134,272.025));
#7257=CARTESIAN_POINT('',(326.575786437627,71.49,272.8));
#7258=CARTESIAN_POINT('Origin',(326.575786437627,72.49,272.8));
#7259=CARTESIAN_POINT('',(326.575786437627,71.49,272.025));
#7260=CARTESIAN_POINT('Origin',(330.175,74.675,278.25));
#7261=CARTESIAN_POINT('',(323.79375,68.29375,272.8));
#7262=CARTESIAN_POINT('Origin',(326.575786437627,68.99,272.025));
#7263=CARTESIAN_POINT('',(326.575786437627,69.99,272.8));
#7264=CARTESIAN_POINT('',(327.282893218813,69.6971067811865,272.8));
#7265=CARTESIAN_POINT('Origin',(326.575786437627,68.99,272.8));
#7266=CARTESIAN_POINT('',(327.282893218813,69.6971067811865,272.025));
#7267=CARTESIAN_POINT('',(326.575786437627,69.99,272.025));
#7268=CARTESIAN_POINT('Origin',(316.445,69.9899999999999,265.8));
#7269=CARTESIAN_POINT('',(317.445,69.9899999999999,272.8));
#7270=CARTESIAN_POINT('',(317.445,69.9899999999999,282.9));
#7271=CARTESIAN_POINT('',(316.445,69.9899999999999,272.8));
#7272=CARTESIAN_POINT('Origin',(317.445,72.4899999999999,282.9));
#7273=CARTESIAN_POINT('',(317.445,71.4899999999999,272.8));
#7274=CARTESIAN_POINT('Origin',(317.445,72.4899999999999,272.8));
#7275=CARTESIAN_POINT('',(317.445,71.4899999999999,282.9));
#7276=CARTESIAN_POINT('Origin',(317.445,68.9899999999999,282.9));
#7277=CARTESIAN_POINT('Origin',(317.445,68.9899999999999,272.8));
#7278=CARTESIAN_POINT('Origin',(328.55,71.49,265.8));
#7279=CARTESIAN_POINT('',(322.4975,71.49,272.8));
#7280=CARTESIAN_POINT('Origin',(330.175,66.8049999999999,278.25));
#7281=CARTESIAN_POINT('',(327.72375,69.2562499999999,272.8));
#7282=CARTESIAN_POINT('Origin',(316.445,62.88,272.8));
#7283=CARTESIAN_POINT('Origin',(316.445,62.88,272.8));
#7284=CARTESIAN_POINT('Origin',(323.361016811091,61.3078655493337,270.));
#7285=CARTESIAN_POINT('',(323.445,61.3844271909998,270.));
#7286=CARTESIAN_POINT('Origin',(324.245,60.4899999999999,270.));
#7287=CARTESIAN_POINT('',(323.222033622181,61.185,270.));
#7288=CARTESIAN_POINT('',(327.158299641041,64.7057033582776,270.));
#7289=CARTESIAN_POINT('',(323.446157723054,61.3831328172761,270.000007539457));
#7290=CARTESIAN_POINT('',(323.361016811091,61.3078655493337,270.000005798583));
#7291=CARTESIAN_POINT('Ctrl Pts',(323.446157723054,61.3831328172761,270.000007539457));
#7292=CARTESIAN_POINT('Ctrl Pts',(323.447927350102,61.3846972237424,270.000007658519));
#7293=CARTESIAN_POINT('Ctrl Pts',(323.449667395443,61.3862354790399,270.000007715798));
#7294=CARTESIAN_POINT('Ctrl Pts',(323.451369320981,61.3877400352224,270.000007715798));
#7295=CARTESIAN_POINT('Ctrl Pts',(323.46656640846,61.4011747428019,270.000007715798));
#7296=CARTESIAN_POINT('Ctrl Pts',(323.48480291252,61.4172963910874,270.));
#7297=CARTESIAN_POINT('Ctrl Pts',(323.5,61.430731098667,270.));
#7298=CARTESIAN_POINT('Origin',(323.222033622181,61.185,265.8));
#7299=CARTESIAN_POINT('',(323.222033622181,61.185,269.15));
#7300=CARTESIAN_POINT('Origin',(323.361016811091,61.3078655493337,270.));
#7301=CARTESIAN_POINT('',(323.222033622181,61.4307310986674,270.));
#7302=CARTESIAN_POINT('',(323.430508405545,61.4307310986674,270.));
#7303=CARTESIAN_POINT('',(323.222033622181,80.295,270.));
#7304=CARTESIAN_POINT('Origin',(324.245,60.4899999999999,270.2));
#7305=CARTESIAN_POINT('Origin',(324.245,60.4899999999999,270.));
#7306=CARTESIAN_POINT('',(323.403584525933,61.4307310986674,270.009892907438));
#7307=CARTESIAN_POINT('Origin',(323.445,61.3844271909998,270.2));
#7308=CARTESIAN_POINT('Ctrl Pts',(323.403584525933,61.4307310986674,270.009892907438));
#7309=CARTESIAN_POINT('Ctrl Pts',(323.435414336513,61.4307310986674,270.002958675385));
#7310=CARTESIAN_POINT('Ctrl Pts',(323.469757401554,61.4307310986674,270.));
#7311=CARTESIAN_POINT('Ctrl Pts',(323.5,61.4307310986674,270.));
#7312=CARTESIAN_POINT('Origin',(324.245,60.4899999999999,270.2));
#7313=CARTESIAN_POINT('Ctrl Pts',(323.446157723054,61.3831328172761,270.000007539457));
#7314=CARTESIAN_POINT('Ctrl Pts',(323.447927350102,61.3846972237424,270.000007658519));
#7315=CARTESIAN_POINT('Ctrl Pts',(323.449667395443,61.3862354790399,270.000007715798));
#7316=CARTESIAN_POINT('Ctrl Pts',(323.451369320981,61.3877400352224,270.000007715798));
#7317=CARTESIAN_POINT('Ctrl Pts',(323.46656640846,61.4011747428019,270.000007715798));
#7318=CARTESIAN_POINT('Ctrl Pts',(323.48480291252,61.4172963910874,270.));
#7319=CARTESIAN_POINT('Ctrl Pts',(323.5,61.430731098667,270.));
#7320=CARTESIAN_POINT('',(323.578333333333,59.7446440075,270.2));
#7321=CARTESIAN_POINT('Origin',(323.445,59.595572809,270.2));
#7322=CARTESIAN_POINT('',(323.578333333333,61.2353559924999,270.2));
#7323=CARTESIAN_POINT('Origin',(324.245,60.4899999999999,270.2));
#7324=CARTESIAN_POINT('Origin',(323.445,61.3844271909998,270.2));
#7325=CARTESIAN_POINT('Origin',(327.158299641041,64.7057033582776,270.2));
#7326=CARTESIAN_POINT('',(327.158299641041,64.7057033582776,270.));
#7327=CARTESIAN_POINT('',(323.266749009712,61.2649893169266,270.002234106841));
#7328=CARTESIAN_POINT('Origin',(323.222033622181,61.1849999999999,270.2));
#7329=CARTESIAN_POINT('',(323.266749009712,61.4307310986674,270.071607119503));
#7330=CARTESIAN_POINT('Origin',(323.266749009712,61.2249946584633,270.2));
#7331=CARTESIAN_POINT('Origin',(323.496769342584,61.4307310986674,270.2));
#7332=CARTESIAN_POINT('Origin',(327.158299641041,64.7057033582776,270.2));
#7333=CARTESIAN_POINT('',(323.361016811091,61.3078655493337,270.000005798583));
#7334=CARTESIAN_POINT('Origin',(323.445,61.3844271909998,270.2));
#7335=CARTESIAN_POINT('Origin',(323.361016811091,80.1721344506662,270.));
#7336=CARTESIAN_POINT('',(323.222033622181,80.295,270.));
#7337=CARTESIAN_POINT('',(323.445,80.095572809,270.));
#7338=CARTESIAN_POINT('',(326.741632974375,77.1469746379723,270.));
#7339=CARTESIAN_POINT('',(323.5,80.0492689013325,270.));
#7340=CARTESIAN_POINT('Origin',(324.245,80.99,270.));
#7341=CARTESIAN_POINT('',(323.446157723054,80.0968671827238,270.000007539457));
#7342=CARTESIAN_POINT('Ctrl Pts',(323.5,80.0492689013327,270.));
#7343=CARTESIAN_POINT('Ctrl Pts',(323.48480291252,80.0627036089123,270.));
#7344=CARTESIAN_POINT('Ctrl Pts',(323.46656640846,80.0788252571979,270.000007715798));
#7345=CARTESIAN_POINT('Ctrl Pts',(323.451369320981,80.0922599647775,270.000007715798));
#7346=CARTESIAN_POINT('Ctrl Pts',(323.449667395443,80.09376452096,270.000007715798));
#7347=CARTESIAN_POINT('Ctrl Pts',(323.447927350102,80.0953027762575,270.000007658519));
#7348=CARTESIAN_POINT('Ctrl Pts',(323.446157723054,80.0968671827238,270.000007539457));
#7349=CARTESIAN_POINT('',(323.361016811091,80.1721344506662,270.000005798583));
#7350=CARTESIAN_POINT('Origin',(323.5,80.0492689013325,265.8));
#7351=CARTESIAN_POINT('',(323.222033622181,80.295,269.15));
#7352=CARTESIAN_POINT('',(323.5,80.0492689013325,270.));
#7353=CARTESIAN_POINT('Origin',(323.361016811091,80.1721344506662,270.));
#7354=CARTESIAN_POINT('',(323.222033622181,80.0492689013325,270.));
#7355=CARTESIAN_POINT('',(323.222033622181,80.295,270.));
#7356=CARTESIAN_POINT('',(323.430508405545,80.0492689013325,270.));
#7357=CARTESIAN_POINT('Origin',(326.741632974375,77.1469746379723,270.2));
#7358=CARTESIAN_POINT('',(326.741632974375,77.1469746379723,270.));
#7359=CARTESIAN_POINT('',(323.403584525933,80.0492689013325,270.009892907438));
#7360=CARTESIAN_POINT('Origin',(323.445,80.095572809,270.2));
#7361=CARTESIAN_POINT('',(323.266749009712,80.0492689013325,270.071607119503));
#7362=CARTESIAN_POINT('Origin',(323.496769342584,80.0492689013325,270.2));
#7363=CARTESIAN_POINT('',(323.266749009712,80.2150106830732,270.002234106841));
#7364=CARTESIAN_POINT('Origin',(323.266749009712,80.2550053415365,270.2));
#7365=CARTESIAN_POINT('Origin',(323.222033622181,80.295,270.2));
#7366=CARTESIAN_POINT('Origin',(326.741632974375,77.1469746379723,270.2));
#7367=CARTESIAN_POINT('',(323.361016811091,80.1721344506662,270.000005798583));
#7368=CARTESIAN_POINT('Origin',(323.445,80.095572809,270.2));
#7369=CARTESIAN_POINT('Origin',(324.245,80.99,270.2));
#7370=CARTESIAN_POINT('Ctrl Pts',(323.5,80.0492689013327,270.));
#7371=CARTESIAN_POINT('Ctrl Pts',(323.48480291252,80.0627036089123,270.));
#7372=CARTESIAN_POINT('Ctrl Pts',(323.46656640846,80.0788252571979,270.000007715798));
#7373=CARTESIAN_POINT('Ctrl Pts',(323.451369320981,80.0922599647775,270.000007715798));
#7374=CARTESIAN_POINT('Ctrl Pts',(323.449667395443,80.09376452096,270.000007715798));
#7375=CARTESIAN_POINT('Ctrl Pts',(323.447927350102,80.0953027762575,270.000007658519));
#7376=CARTESIAN_POINT('Ctrl Pts',(323.446157723054,80.0968671827238,270.000007539457));
#7377=CARTESIAN_POINT('',(323.578333333333,80.2446440075,270.2));
#7378=CARTESIAN_POINT('Origin',(323.445,80.095572809,270.2));
#7379=CARTESIAN_POINT('',(323.578333333333,81.7353559924999,270.2));
#7380=CARTESIAN_POINT('Origin',(324.245,80.99,270.2));
#7381=CARTESIAN_POINT('',(323.445,81.8844271909998,270.));
#7382=CARTESIAN_POINT('Origin',(323.445,81.8844271909998,270.2));
#7383=CARTESIAN_POINT('Origin',(324.245,80.99,270.));
#7384=CARTESIAN_POINT('Origin',(324.245,80.99,270.2));
#7385=CARTESIAN_POINT('Origin',(324.245,80.99,270.));
#7386=CARTESIAN_POINT('Ctrl Pts',(323.403584525933,80.0492689013325,270.009892907438));
#7387=CARTESIAN_POINT('Ctrl Pts',(323.435414336513,80.0492689013325,270.002958675385));
#7388=CARTESIAN_POINT('Ctrl Pts',(323.469757401553,80.0492689013325,270.));
#7389=CARTESIAN_POINT('Ctrl Pts',(323.5,80.0492689013325,270.));
#7390=CARTESIAN_POINT('Origin',(327.158299641041,64.7057033582776,270.2));
#7391=CARTESIAN_POINT('',(322.745,60.4899999999999,270.2));
#7392=CARTESIAN_POINT('',(327.291632974375,64.5566321597777,270.2));
#7393=CARTESIAN_POINT('Origin',(322.445,60.4899999999999,270.2));
#7394=CARTESIAN_POINT('',(327.158299641041,64.7057033582776,270.));
#7395=CARTESIAN_POINT('Origin',(323.266749009712,80.295,270.002234106841));
#7396=CARTESIAN_POINT('',(323.266749009712,61.4307310986674,270.002234106841));
#7397=CARTESIAN_POINT('',(323.266749009712,80.295,270.002234106841));
#7398=CARTESIAN_POINT('',(323.266749009712,61.4307310986674,269.151117053421));
#7399=CARTESIAN_POINT('Origin',(323.5,61.4307310986674,268.3));
#7400=CARTESIAN_POINT('Origin',(323.222033622181,61.4307310986674,270.2));
#7401=CARTESIAN_POINT('Origin',(326.741632974375,77.1469746379723,270.2));
#7402=CARTESIAN_POINT('',(326.741632974375,77.1469746379723,270.));
#7403=CARTESIAN_POINT('',(322.745,80.9899999999999,270.2));
#7404=CARTESIAN_POINT('Origin',(322.445,80.9899999999999,270.2));
#7405=CARTESIAN_POINT('',(326.874966307708,77.2960458364723,270.2));
#7406=CARTESIAN_POINT('Origin',(323.266749009712,80.295,270.002234106841));
#7407=CARTESIAN_POINT('',(323.266749009712,80.0492689013325,270.002234106841));
#7408=CARTESIAN_POINT('',(323.266749009712,80.0492689013325,273.251117053421));
#7409=CARTESIAN_POINT('',(323.266749009712,80.295,270.002234106841));
#7410=CARTESIAN_POINT('Origin',(323.5,80.0492689013325,276.5));
#7411=CARTESIAN_POINT('Origin',(323.222033622181,80.0492689013325,270.2));
#7412=CARTESIAN_POINT('Origin',(318.7225,70.74,276.2));
#7413=CARTESIAN_POINT('Ctrl Pts',(323.222033622181,80.295,270.));
#7414=CARTESIAN_POINT('Ctrl Pts',(323.244516891008,80.295,270.));
#7415=CARTESIAN_POINT('Ctrl Pts',(323.266749009712,80.295,270.002234106841));
#7416=CARTESIAN_POINT('Ctrl Pts',(323.222033622181,80.0492689013325,270.));
#7417=CARTESIAN_POINT('Ctrl Pts',(323.244516891008,80.0492689013325,270.));
#7418=CARTESIAN_POINT('Ctrl Pts',(323.266749009712,80.0492689013325,270.002234106841));
#7419=CARTESIAN_POINT('Ctrl Pts',(323.222033622181,61.4307310986674,270.));
#7420=CARTESIAN_POINT('Ctrl Pts',(323.244516891008,61.4307310986674,270.));
#7421=CARTESIAN_POINT('Ctrl Pts',(323.266749009712,61.4307310986674,270.002234106841));
#7422=CARTESIAN_POINT('Ctrl Pts',(323.222033622181,61.185,270.));
#7423=CARTESIAN_POINT('Ctrl Pts',(323.244516891008,61.185,270.));
#7424=CARTESIAN_POINT('Ctrl Pts',(323.266749009712,61.185,270.002234106841));
#7425=CARTESIAN_POINT('Origin',(304.695,80.0999999999999,290.000000298023));
#7426=CARTESIAN_POINT('',(322.445,81.1499999999999,290.000000298023));
#7427=CARTESIAN_POINT('',(304.695,81.1499999999999,290.000000298023));
#7428=CARTESIAN_POINT('Origin',(322.445,80.0999999999999,290.000000298023));
#7429=CARTESIAN_POINT('Origin',(322.445,80.0999999999999,290.000000298023));
#7430=CARTESIAN_POINT('Origin',(304.695,61.3799999999999,290.000000298023));
#7431=CARTESIAN_POINT('',(322.445,62.4299999999999,290.000000298023));
#7432=CARTESIAN_POINT('',(304.695,62.4299999999999,290.000000298023));
#7433=CARTESIAN_POINT('Origin',(322.445,61.3799999999999,290.000000298023));
#7434=CARTESIAN_POINT('Origin',(322.445,61.3799999999999,290.000000298023));
#7435=CARTESIAN_POINT('Origin',(316.445,61.0290001266598,286.500000163913));
#7436=CARTESIAN_POINT('',(323.349101953444,61.0290001266598,286.500000163913));
#7437=CARTESIAN_POINT('',(316.445,61.0290001266598,286.500000163913));
#7438=CARTESIAN_POINT('',(325.087305682909,61.0290001266598,286.500000163913));
#7439=CARTESIAN_POINT('',(325.75,61.0289998733401,286.5));
#7440=CARTESIAN_POINT('',(316.445,61.0290001266598,286.500000163913));
#7441=CARTESIAN_POINT('Origin',(324.245,60.4899999999999,291.));
#7442=CARTESIAN_POINT('',(323.578333333333,59.7446440075,286.5));
#7443=CARTESIAN_POINT('Origin',(324.245,60.4899999999999,286.5));
#7444=CARTESIAN_POINT('',(323.578333333333,59.7446440075,291.));
#7445=CARTESIAN_POINT('',(323.578333333333,59.7446440075,291.));
#7446=CARTESIAN_POINT('',(323.541182835185,61.2003811642431,291.));
#7447=CARTESIAN_POINT('Origin',(324.245,60.4899999999999,291.));
#7448=CARTESIAN_POINT('',(323.541182835185,61.2003811642431,286.500000163913));
#7449=CARTESIAN_POINT('',(323.541182835185,61.2003811642431,291.));
#7450=CARTESIAN_POINT('Origin',(324.245,60.4899999999999,286.500000163913));
#7451=CARTESIAN_POINT('Origin',(323.541182835185,61.2003811642431,291.));
#7452=CARTESIAN_POINT('',(322.745,60.49,286.5));
#7453=CARTESIAN_POINT('',(323.283189169314,60.9701905187916,286.5));
#7454=CARTESIAN_POINT('',(326.419038542993,63.7681010369806,286.500000163913));
#7455=CARTESIAN_POINT('',(322.745,60.49,291.));
#7456=CARTESIAN_POINT('',(324.387577479096,61.9555629968323,291.));
#7457=CARTESIAN_POINT('',(322.745,60.49,291.));
#7458=CARTESIAN_POINT('Origin',(321.0975,59.83749993667,286.5));
#7459=CARTESIAN_POINT('',(322.449476055214,60.7543246518078,286.5));
#7460=CARTESIAN_POINT('Origin',(321.0975,81.6425000633299,286.5));
#7461=CARTESIAN_POINT('',(323.578333333333,81.7353559924999,286.5));
#7462=CARTESIAN_POINT('',(325.213245869255,80.7400001266598,286.500000163913));
#7463=CARTESIAN_POINT('Origin',(324.245,80.99,286.5));
#7464=CARTESIAN_POINT('',(322.745,80.9899999999999,286.5));
#7465=CARTESIAN_POINT('',(322.866142721881,81.098353344442,286.5));
#7466=CARTESIAN_POINT('',(323.024508355577,80.7400001266598,286.500000163913));
#7467=CARTESIAN_POINT('',(322.125246167008,81.5443246799545,286.5));
#7468=CARTESIAN_POINT('',(325.75,80.7400001266598,286.5));
#7469=CARTESIAN_POINT('Origin',(316.445,80.7400001266598,281.000000163913));
#7470=CARTESIAN_POINT('',(316.445,80.7400001266598,286.500000163913));
#7471=CARTESIAN_POINT('',(316.445,80.7400001266598,286.500000163913));
#7472=CARTESIAN_POINT('Origin',(316.445,80.7400001266598,286.500000163913));
#7473=CARTESIAN_POINT('Origin',(316.445,70.74,286.500000163913));
#7474=CARTESIAN_POINT('',(323.578333333333,80.2446440075,286.500000163913));
#7475=CARTESIAN_POINT('',(321.057112967906,82.4996920568408,286.500000163913));
#7476=CARTESIAN_POINT('Origin',(324.245,80.99,286.500000163913));
#7477=CARTESIAN_POINT('Origin',(324.245,80.99,291.));
#7478=CARTESIAN_POINT('',(323.578333333333,80.2446440075,291.));
#7479=CARTESIAN_POINT('',(323.578333333333,80.2446440075,291.));
#7480=CARTESIAN_POINT('',(323.578333333333,81.7353559924999,291.));
#7481=CARTESIAN_POINT('Origin',(324.245,80.99,291.));
#7482=CARTESIAN_POINT('',(323.578333333333,81.7353559924999,291.));
#7483=CARTESIAN_POINT('Origin',(322.745,80.9899999999999,291.));
#7484=CARTESIAN_POINT('',(322.745,80.9899999999999,291.));
#7485=CARTESIAN_POINT('',(322.745,80.9899999999999,291.));
#7486=CARTESIAN_POINT('',(323.993021863264,79.8737353105346,291.));
#7487=CARTESIAN_POINT('Origin',(322.445,80.9899999999999,270.));
#7488=CARTESIAN_POINT('',(322.445,80.9899999999999,270.));
#7489=CARTESIAN_POINT('Origin',(322.745,60.4899999999999,291.));
#7490=CARTESIAN_POINT('',(318.899755914514,63.9292908660902,291.));
#7491=CARTESIAN_POINT('Origin',(323.578333333333,81.7353559924998,291.));
#7492=CARTESIAN_POINT('',(319.316422581181,77.9233871301597,291.));
#7493=CARTESIAN_POINT('Origin',(318.07,70.74,291.));
#7494=CARTESIAN_POINT('Origin',(323.995,80.99,295.));
#7495=CARTESIAN_POINT('',(323.578333333333,81.7353559924999,295.));
#7496=CARTESIAN_POINT('',(323.578333333333,80.2446440075,295.));
#7497=CARTESIAN_POINT('Origin',(324.245,80.99,295.));
#7498=CARTESIAN_POINT('',(322.745,80.9899999999999,295.));
#7499=CARTESIAN_POINT('',(323.092222222222,81.3005649968749,295.));
#7500=CARTESIAN_POINT('',(323.508888888889,80.306757006875,295.));
#7501=CARTESIAN_POINT('Origin',(322.745,80.9899999999999,300.));
#7502=CARTESIAN_POINT('',(323.578333333333,81.7353559924999,299.8));
#7503=CARTESIAN_POINT('',(323.578333333333,81.7353559924999,270.));
#7504=CARTESIAN_POINT('',(322.745,80.9899999999999,299.8));
#7505=CARTESIAN_POINT('',(326.391963022827,84.2519428921875,299.8));
#7506=CARTESIAN_POINT('',(322.745,80.9899999999999,300.));
#7507=CARTESIAN_POINT('Origin',(323.995,60.4899999999999,295.));
#7508=CARTESIAN_POINT('',(323.541182835185,61.2003811642431,295.));
#7509=CARTESIAN_POINT('',(323.578333333333,59.7446440075,295.));
#7510=CARTESIAN_POINT('Origin',(324.245,60.4899999999999,295.));
#7511=CARTESIAN_POINT('',(322.745,60.49,295.));
#7512=CARTESIAN_POINT('',(323.092979853268,60.8004793552106,295.));
#7513=CARTESIAN_POINT('',(323.508888888889,59.806757006875,295.));
#7514=CARTESIAN_POINT('Origin',(322.745,60.49,300.));
#7515=CARTESIAN_POINT('',(323.541182835185,61.2003811642431,299.8));
#7516=CARTESIAN_POINT('',(323.541182835185,61.2003811642431,270.));
#7517=CARTESIAN_POINT('',(322.745,60.49,299.8));
#7518=CARTESIAN_POINT('',(331.491867527422,68.2942500579255,299.8));
#7519=CARTESIAN_POINT('',(322.745,60.49,300.));
#7520=CARTESIAN_POINT('Origin',(318.7225,70.74,271.5));
#7521=CARTESIAN_POINT('',(323.578333333333,59.7446440075,271.5));
#7522=CARTESIAN_POINT('',(323.578333333333,61.2353559924999,271.5));
#7523=CARTESIAN_POINT('Origin',(324.245,60.4899999999999,271.5));
#7524=CARTESIAN_POINT('',(322.745,60.4899999999999,271.5));
#7525=CARTESIAN_POINT('',(319.081005914514,63.7671759377215,271.5));
#7526=CARTESIAN_POINT('',(324.59093852993,62.1410576140841,271.5));
#7527=CARTESIAN_POINT('Origin',(318.7225,70.74,271.5));
#7528=CARTESIAN_POINT('',(323.578333333333,80.2446440075,271.5));
#7529=CARTESIAN_POINT('',(323.578333333333,81.7353559924999,271.5));
#7530=CARTESIAN_POINT('Origin',(324.245,80.99,271.5));
#7531=CARTESIAN_POINT('',(322.745,80.9899999999999,271.5));
#7532=CARTESIAN_POINT('',(324.174271863264,79.7116203821658,271.5));
#7533=CARTESIAN_POINT('',(319.497672581181,78.0855020585281,271.5));
#7534=CARTESIAN_POINT('Origin',(322.745,80.9899999999999,270.));
#7535=CARTESIAN_POINT('',(323.578333333333,80.2446440075,270.));
#7536=CARTESIAN_POINT('',(322.745,80.9899999999999,270.));
#7537=CARTESIAN_POINT('Origin',(322.745,60.4899999999999,270.));
#7538=CARTESIAN_POINT('',(323.578333333333,59.7446440075,270.));
#7539=CARTESIAN_POINT('',(321.781700358958,61.351601392028,270.2));
#7540=CARTESIAN_POINT('',(322.745,60.4899999999999,270.));
#7541=CARTESIAN_POINT('Origin',(347.895,61.3844271909999,270.));
#7542=CARTESIAN_POINT('',(346.895,60.4899999999999,270.));
#7543=CARTESIAN_POINT('',(344.816632974375,58.6310520194031,270.));
#7544=CARTESIAN_POINT('',(346.895,60.4899999999999,270.));
#7545=CARTESIAN_POINT('Origin',(346.895,60.4899999999999,270.));
#7546=CARTESIAN_POINT('',(339.306700358958,67.2771815324021,270.));
#7547=CARTESIAN_POINT('Origin',(323.445,81.8844271909998,270.));
#7548=CARTESIAN_POINT('',(322.065033692292,80.6501478027217,270.));
#7549=CARTESIAN_POINT('',(323.445,81.8844271909998,270.));
#7550=CARTESIAN_POINT('Origin',(324.245,80.99,270.));
#7551=CARTESIAN_POINT('Origin',(323.445,61.3844271909999,270.));
#7552=CARTESIAN_POINT('',(322.445,60.4899999999999,270.));
#7553=CARTESIAN_POINT('Origin',(322.445,60.4899999999999,270.));
#7554=CARTESIAN_POINT('',(321.648367025625,61.202530193528,270.));
#7555=CARTESIAN_POINT('Origin',(347.895,81.8844271909999,270.));
#7556=CARTESIAN_POINT('',(346.895,80.9899999999999,270.));
#7557=CARTESIAN_POINT('',(347.895,81.8844271909998,270.));
#7558=CARTESIAN_POINT('',(339.723367025626,74.5754964638472,270.));
#7559=CARTESIAN_POINT('',(346.895,80.9899999999999,270.));
#7560=CARTESIAN_POINT('',(347.895,81.8844271909998,270.));
#7561=CARTESIAN_POINT('Origin',(348.695,80.99,270.));
#7562=CARTESIAN_POINT('',(347.895,80.095572809,270.));
#7563=CARTESIAN_POINT('',(347.895,80.095572809,270.));
#7564=CARTESIAN_POINT('Origin',(348.695,80.99,270.));
#7565=CARTESIAN_POINT('Origin',(346.895,80.99,270.));
#7566=CARTESIAN_POINT('',(344.399966307708,83.2216259768467,270.));
#7567=CARTESIAN_POINT('Origin',(341.208629689493,79.258057742438,299.8));
#7568=CARTESIAN_POINT('',(343.445,80.9899999999999,299.8));
#7569=CARTESIAN_POINT('',(344.278333333333,81.7353559924998,299.8));
#7570=CARTESIAN_POINT('',(341.341963022827,79.108986543938,299.8));
#7571=CARTESIAN_POINT('Origin',(344.145,81.8844271909999,299.8));
#7572=CARTESIAN_POINT('Origin',(343.145,80.9899999999999,299.8));
#7573=CARTESIAN_POINT('Origin',(344.945,80.99,299.8));
#7574=CARTESIAN_POINT('',(344.278333333333,80.2446440075,299.8));
#7575=CARTESIAN_POINT('Origin',(344.945,80.99,299.8));
#7576=CARTESIAN_POINT('Origin',(344.145,80.095572809,299.8));
#7577=CARTESIAN_POINT('Origin',(341.69486291546,82.2870420390897,299.8));
#7578=CARTESIAN_POINT('',(341.828196248794,82.4361132375897,299.8));
#7579=CARTESIAN_POINT('Origin',(344.945,80.99,300.));
#7580=CARTESIAN_POINT('',(344.278333333333,81.7353559924999,295.));
#7581=CARTESIAN_POINT('',(344.278333333333,81.7353559924998,300.));
#7582=CARTESIAN_POINT('',(344.278333333333,80.2446440075,295.));
#7583=CARTESIAN_POINT('Origin',(344.945,80.99,295.));
#7584=CARTESIAN_POINT('',(344.278333333333,80.2446440075,300.));
#7585=CARTESIAN_POINT('Origin',(343.445,80.9899999999999,300.));
#7586=CARTESIAN_POINT('',(343.445,80.9899999999999,295.));
#7587=CARTESIAN_POINT('',(343.445,80.9899999999999,300.));
#7588=CARTESIAN_POINT('',(343.861666666667,81.3626779962499,295.));
#7589=CARTESIAN_POINT('Origin',(326.258629689493,84.4010140906875,299.8));
#7590=CARTESIAN_POINT('Origin',(323.445,81.8844271909998,299.8));
#7591=CARTESIAN_POINT('Origin',(322.445,80.9899999999999,299.8));
#7592=CARTESIAN_POINT('Origin',(324.245,80.99,299.8));
#7593=CARTESIAN_POINT('',(323.578333333333,80.2446440075,299.8));
#7594=CARTESIAN_POINT('Origin',(324.245,80.99,299.8));
#7595=CARTESIAN_POINT('Origin',(323.445,80.095572809,299.8));
#7596=CARTESIAN_POINT('Origin',(326.74486291546,77.1440856908401,299.8));
#7597=CARTESIAN_POINT('',(326.878196248794,77.2931568893401,299.8));
#7598=CARTESIAN_POINT('Origin',(324.245,80.99,270.));
#7599=CARTESIAN_POINT('',(323.578333333333,80.2446440075,270.));
#7600=CARTESIAN_POINT('Origin',(324.245,60.4899999999999,299.8));
#7601=CARTESIAN_POINT('Ctrl Pts',(323.404309645767,61.3462941832685,300.));
#7602=CARTESIAN_POINT('Ctrl Pts',(323.405222811528,61.3453185851025,300.));
#7603=CARTESIAN_POINT('Ctrl Pts',(323.406135973798,61.3443430295278,299.999986615139));
#7604=CARTESIAN_POINT('Ctrl Pts',(323.424539766751,61.3246825582335,299.999447058609));
#7605=CARTESIAN_POINT('Ctrl Pts',(323.4418096122,61.306248354142,299.994027862566));
#7606=CARTESIAN_POINT('Ctrl Pts',(323.474309673759,61.2715832721727,299.973789188594));
#7607=CARTESIAN_POINT('Ctrl Pts',(323.489188503102,61.2557275078799,299.958999404906));
#7608=CARTESIAN_POINT('Ctrl Pts',(323.514232312516,61.2290547210836,299.921924189058));
#7609=CARTESIAN_POINT('Ctrl Pts',(323.524159422187,61.2184905722755,299.899995567318));
#7610=CARTESIAN_POINT('Ctrl Pts',(323.537699004539,61.204085568871,299.851819835237));
#7611=CARTESIAN_POINT('Ctrl Pts',(323.541182835187,61.2003811642454,299.826034640089));
#7612=CARTESIAN_POINT('Ctrl Pts',(323.541182835185,61.2003811642431,299.8));
#7613=CARTESIAN_POINT('',(323.578333333333,59.7446440075,299.8));
#7614=CARTESIAN_POINT('Origin',(324.245,60.4899999999999,299.8));
#7615=CARTESIAN_POINT('Origin',(323.445,59.595572809,299.8));
#7616=CARTESIAN_POINT('Origin',(321.651596966711,61.1996412463958,299.8));
#7617=CARTESIAN_POINT('',(321.784930300044,61.3487124448958,299.8));
#7618=CARTESIAN_POINT('Origin',(322.444795271868,60.4901831144079,299.8));
#7619=CARTESIAN_POINT('Origin',(331.358716149694,68.4434838027997,299.8));
#7620=CARTESIAN_POINT('Origin',(323.578333333333,59.7446440075,300.));
#7621=CARTESIAN_POINT('',(323.578333333333,59.7446440075,270.));
#7622=CARTESIAN_POINT('Origin',(324.245,60.4899999999999,270.));
#7623=CARTESIAN_POINT('Origin',(346.237139362752,63.2155835047543,299.8));
#7624=CARTESIAN_POINT('',(343.426615227731,60.49,299.8));
#7625=CARTESIAN_POINT('',(344.286405407731,61.242497948857,299.8));
#7626=CARTESIAN_POINT('',(346.368858281206,63.0650839149829,299.8));
#7627=CARTESIAN_POINT('Origin',(344.154686489277,61.3929975386284,299.8));
#7628=CARTESIAN_POINT('Origin',(343.122938273277,60.49,299.8));
#7629=CARTESIAN_POINT('Origin',(344.945,60.4899999999999,299.8));
#7630=CARTESIAN_POINT('',(344.286405407731,59.7375020511429,299.8));
#7631=CARTESIAN_POINT('Origin',(344.945,60.4899999999999,299.8));
#7632=CARTESIAN_POINT('Origin',(344.154686489277,59.5870024613715,299.8));
#7633=CARTESIAN_POINT('Origin',(336.576800067805,66.2192531214433,299.8));
#7634=CARTESIAN_POINT('',(336.708518986259,66.3697527112147,299.8));
#7635=CARTESIAN_POINT('Origin',(344.945,60.4899999999999,300.));
#7636=CARTESIAN_POINT('',(344.286405407731,61.242497948857,295.));
#7637=CARTESIAN_POINT('',(344.286405407731,61.242497948857,300.));
#7638=CARTESIAN_POINT('',(344.286405407731,59.7375020511429,295.));
#7639=CARTESIAN_POINT('Origin',(344.945,60.4899999999999,295.));
#7640=CARTESIAN_POINT('',(344.286405407731,59.7375020511429,300.));
#7641=CARTESIAN_POINT('Origin',(343.426615227731,60.49,300.));
#7642=CARTESIAN_POINT('',(343.426615227731,60.49,295.));
#7643=CARTESIAN_POINT('',(343.426615227731,60.49,300.));
#7644=CARTESIAN_POINT('',(343.856510317731,60.8662489744285,295.));
#7645=CARTESIAN_POINT('Origin',(339.306700358958,67.2771815324021,270.2));
#7646=CARTESIAN_POINT('',(347.195,60.4899999999999,270.2));
#7647=CARTESIAN_POINT('',(348.028333333333,59.7446440075,270.2));
#7648=CARTESIAN_POINT('',(339.440033692292,67.4262527309021,270.2));
#7649=CARTESIAN_POINT('Origin',(347.895,59.595572809,270.2));
#7650=CARTESIAN_POINT('Origin',(346.895,60.4899999999999,270.2));
#7651=CARTESIAN_POINT('Origin',(348.695,60.4899999999999,270.2));
#7652=CARTESIAN_POINT('',(348.028333333333,61.2353559924999,270.2));
#7653=CARTESIAN_POINT('Origin',(347.895,61.3844271909999,270.2));
#7654=CARTESIAN_POINT('Origin',(348.695,60.4899999999999,270.2));
#7655=CARTESIAN_POINT('Origin',(344.816632974375,58.6310520194031,270.2));
#7656=CARTESIAN_POINT('',(344.949966307708,58.4819808209031,270.2));
#7657=CARTESIAN_POINT('Origin',(348.695,60.4899999999999,270.));
#7658=CARTESIAN_POINT('',(348.028333333333,59.7446440075,275.));
#7659=CARTESIAN_POINT('',(348.028333333333,59.7446440075,270.));
#7660=CARTESIAN_POINT('',(348.028333333333,61.2353559924999,275.));
#7661=CARTESIAN_POINT('Origin',(348.695,60.4899999999999,275.));
#7662=CARTESIAN_POINT('',(348.028333333333,61.2353559924999,270.));
#7663=CARTESIAN_POINT('Origin',(347.195,60.4899999999999,270.));
#7664=CARTESIAN_POINT('',(347.195,60.4899999999999,275.));
#7665=CARTESIAN_POINT('',(347.195,60.4899999999999,270.));
#7666=CARTESIAN_POINT('',(347.611666666667,60.11732200375,275.));
#7667=CARTESIAN_POINT('Origin',(344.399966307708,83.2216259768467,270.2));
#7668=CARTESIAN_POINT('',(347.195,80.99,270.2));
#7669=CARTESIAN_POINT('',(348.028333333333,80.2446440075,270.2));
#7670=CARTESIAN_POINT('',(344.533299641041,83.3706971753467,270.2));
#7671=CARTESIAN_POINT('Origin',(347.895,80.095572809,270.2));
#7672=CARTESIAN_POINT('Origin',(346.895,80.99,270.2));
#7673=CARTESIAN_POINT('Origin',(348.695,80.99,270.2));
#7674=CARTESIAN_POINT('',(348.028333333333,81.7353559924999,270.2));
#7675=CARTESIAN_POINT('Origin',(347.895,81.8844271909998,270.2));
#7676=CARTESIAN_POINT('Origin',(348.695,80.99,270.2));
#7677=CARTESIAN_POINT('Origin',(339.723367025626,74.5754964638472,270.2));
#7678=CARTESIAN_POINT('',(339.856700358959,74.4264252653472,270.2));
#7679=CARTESIAN_POINT('Origin',(348.695,80.99,270.));
#7680=CARTESIAN_POINT('',(348.028333333333,80.2446440075,275.));
#7681=CARTESIAN_POINT('',(348.028333333333,80.2446440075,270.));
#7682=CARTESIAN_POINT('',(348.028333333333,81.7353559924999,275.));
#7683=CARTESIAN_POINT('Origin',(348.695,80.99,275.));
#7684=CARTESIAN_POINT('',(348.028333333333,81.7353559924999,270.));
#7685=CARTESIAN_POINT('Origin',(347.195,80.99,270.));
#7686=CARTESIAN_POINT('',(347.195,80.99,275.));
#7687=CARTESIAN_POINT('',(347.195,80.99,270.));
#7688=CARTESIAN_POINT('',(347.611666666667,80.61732200375,275.));
#7689=CARTESIAN_POINT('Origin',(324.245,80.99,270.2));
#7690=CARTESIAN_POINT('Origin',(322.065033692292,80.6501478027217,270.2));
#7691=CARTESIAN_POINT('',(322.198367025625,80.5010766042217,270.2));
#7692=CARTESIAN_POINT('Origin',(324.245,80.99,270.));
#7693=CARTESIAN_POINT('',(323.578333333333,81.7353559924999,270.));
#7694=CARTESIAN_POINT('Origin',(321.648367025625,61.202530193528,270.2));
#7695=CARTESIAN_POINT('Origin',(324.245,60.4899999999999,270.2));
#7696=CARTESIAN_POINT('Origin',(324.245,60.4899999999999,270.));
#7697=CARTESIAN_POINT('',(323.578333333333,61.2353559924999,270.));
#7698=CARTESIAN_POINT('Origin',(348.695,60.4899999999999,275.));
#7699=CARTESIAN_POINT('',(348.028333333333,61.2353559924999,275.));
#7700=CARTESIAN_POINT('Origin',(348.028333333333,61.2353559924999,270.));
#7701=CARTESIAN_POINT('Origin',(323.578333333333,81.7353559924998,270.));
#7702=CARTESIAN_POINT('Origin',(323.578333333333,61.2353559924999,270.));
#7703=CARTESIAN_POINT('Origin',(348.695,80.99,275.));
#7704=CARTESIAN_POINT('',(348.028333333333,81.7353559924999,275.));
#7705=CARTESIAN_POINT('Origin',(348.028333333333,81.7353559924999,270.));
#7706=CARTESIAN_POINT('Origin',(344.945,60.4899999999999,295.));
#7707=CARTESIAN_POINT('',(344.286405407731,59.7375020511429,295.));
#7708=CARTESIAN_POINT('Origin',(344.286405407731,59.7375020511429,300.));
#7709=CARTESIAN_POINT('Origin',(344.945,80.99,295.));
#7710=CARTESIAN_POINT('',(344.278333333333,80.2446440075,295.));
#7711=CARTESIAN_POINT('Origin',(344.278333333333,80.2446440075,300.));
#7712=CARTESIAN_POINT('Origin',(323.578333333333,80.2446440075,300.));
#7713=CARTESIAN_POINT('Origin',(316.445,70.74,297.25));
#7714=CARTESIAN_POINT('Origin',(316.445,70.74,298.));
#7715=CARTESIAN_POINT('Origin',(316.445,70.74,296.5));
#7716=CARTESIAN_POINT('Origin',(316.445,70.74,296.5));
#7717=CARTESIAN_POINT('Origin',(316.445,70.74,296.5));
#7718=CARTESIAN_POINT('Origin',(318.07,70.74,291.));
#7719=CARTESIAN_POINT('Origin',(316.445,70.74,291.075245036915));
#7720=CARTESIAN_POINT('Origin',(316.445,70.74,292.944212356944));
#7721=CARTESIAN_POINT('Origin',(316.445,70.74,300.));
#7722=CARTESIAN_POINT('Origin',(316.445,70.74,300.));
#7723=CARTESIAN_POINT('Origin',(316.445,77.3649999999999,300.));
#7724=CARTESIAN_POINT('Origin',(306.695,77.3649999999999,298.));
#7725=CARTESIAN_POINT('Origin',(306.695,77.0800000484287,298.));
#7726=CARTESIAN_POINT('Origin',(316.445,64.1149999999999,290.962912170158));
#7727=CARTESIAN_POINT('',(0.,0.,0.));
#7728=CARTESIAN_POINT('Origin',(11.36,-8.81253420463061,-18.2));
#7729=CARTESIAN_POINT('',(12.36,-11.7501368185224,-18.2));
#7730=CARTESIAN_POINT('',(11.36,-11.7501368185224,-19.2));
#7731=CARTESIAN_POINT('Origin',(11.36,-11.7501368185224,-18.2));
#7732=CARTESIAN_POINT('',(11.36,-2.,-19.2));
#7733=CARTESIAN_POINT('',(11.36,-8.81253420463061,-19.2));
#7734=CARTESIAN_POINT('',(12.36,-2.,-18.2));
#7735=CARTESIAN_POINT('Origin',(11.36,-2.,-18.2));
#7736=CARTESIAN_POINT('',(12.36,-8.81253420463061,-18.2));
#7737=CARTESIAN_POINT('Ctrl Pts',(12.36,-1.,-17.2));
#7738=CARTESIAN_POINT('Ctrl Pts',(12.36,-1.,-18.2));
#7739=CARTESIAN_POINT('Ctrl Pts',(12.36,-2.,-18.2));
#7740=CARTESIAN_POINT('Ctrl Pts',(12.36,1.66533453693773E-15,-17.2));
#7741=CARTESIAN_POINT('Ctrl Pts',(12.36,2.22044604925031E-15,-19.2));
#7742=CARTESIAN_POINT('Ctrl Pts',(12.36,-2.,-19.2));
#7743=CARTESIAN_POINT('Ctrl Pts',(11.36,1.66533453693773E-15,-17.2));
#7744=CARTESIAN_POINT('Ctrl Pts',(11.36,2.22044604925031E-15,-19.2));
#7745=CARTESIAN_POINT('Ctrl Pts',(11.36,-2.,-19.2));
#7746=CARTESIAN_POINT('',(11.36,0.,-17.2));
#7747=CARTESIAN_POINT('',(12.36,-1.,-17.2));
#7748=CARTESIAN_POINT('Origin',(11.36,-1.,-17.2));
#7749=CARTESIAN_POINT('Origin',(12.36,-2.,-17.2));
#7750=CARTESIAN_POINT('Origin',(11.36,-2.,-17.2));
#7751=CARTESIAN_POINT('Origin',(11.36,-1.,15.));
#7752=CARTESIAN_POINT('',(11.36,0.,3.96922389161885));
#7753=CARTESIAN_POINT('',(11.61,-0.0317541634481495,5.00000029802329));
#7754=CARTESIAN_POINT('Ctrl Pts',(11.36,4.16333634234434E-16,3.96922389161885));
#7755=CARTESIAN_POINT('Ctrl Pts',(11.36256282881,4.16689298178556E-16,3.97419650991711));
#7756=CARTESIAN_POINT('Ctrl Pts',(11.3651083618843,-9.8534024318165E-6,
3.97918110947295));
#7757=CARTESIAN_POINT('Ctrl Pts',(11.5246507229148,-0.00122813313020651,
4.2944951280424));
#7758=CARTESIAN_POINT('Ctrl Pts',(11.61,-0.0317541634481495,4.65261470771051));
#7759=CARTESIAN_POINT('Ctrl Pts',(11.61,-0.0317541634481495,5.00000029802329));
#7760=CARTESIAN_POINT('',(11.36,0.,6.03077670442774));
#7761=CARTESIAN_POINT('Ctrl Pts',(11.61,-0.0317541634481495,5.00000029802329));
#7762=CARTESIAN_POINT('Ctrl Pts',(11.61,-0.0317541634481495,5.34738588833607));
#7763=CARTESIAN_POINT('Ctrl Pts',(11.5246507229148,-0.00122813313020652,
5.70550546800419));
#7764=CARTESIAN_POINT('Ctrl Pts',(11.3651083618844,-9.85340243182436E-6,
6.02081948657363));
#7765=CARTESIAN_POINT('Ctrl Pts',(11.36256282881,4.16689298178556E-16,6.02580408612948));
#7766=CARTESIAN_POINT('Ctrl Pts',(11.36,4.16333634234434E-16,6.03077670442774));
#7767=CARTESIAN_POINT('',(11.36,0.,11.4));
#7768=CARTESIAN_POINT('',(11.36,0.,15.));
#7769=CARTESIAN_POINT('',(12.36,-1.,11.4));
#7770=CARTESIAN_POINT('Origin',(11.36,-1.,11.4));
#7771=CARTESIAN_POINT('',(12.36,-1.,15.));
#7772=CARTESIAN_POINT('',(11.36,0.,-16.5307761083813));
#7773=CARTESIAN_POINT('',(11.36,0.,15.));
#7774=CARTESIAN_POINT('',(11.61,-0.0317541634481564,-15.4999997019768));
#7775=CARTESIAN_POINT('Ctrl Pts',(11.36,4.16333634234434E-16,-16.5307761083813));
#7776=CARTESIAN_POINT('Ctrl Pts',(11.36256282881,4.16689298178557E-16,-16.5258034900831));
#7777=CARTESIAN_POINT('Ctrl Pts',(11.3651083618844,-9.85340243184604E-6,
-16.5208188905272));
#7778=CARTESIAN_POINT('Ctrl Pts',(11.5246507229148,-0.00122813313021015,
-16.2055048719577));
#7779=CARTESIAN_POINT('Ctrl Pts',(11.61,-0.0317541634481565,-15.8473852922896));
#7780=CARTESIAN_POINT('Ctrl Pts',(11.61,-0.0317541634481564,-15.4999997019768));
#7781=CARTESIAN_POINT('',(11.36,0.,-14.4692232955724));
#7782=CARTESIAN_POINT('Ctrl Pts',(11.61,-0.0317541634481564,-15.4999997019768));
#7783=CARTESIAN_POINT('Ctrl Pts',(11.61,-0.0317541634481563,-15.1526141116641));
#7784=CARTESIAN_POINT('Ctrl Pts',(11.5246507229148,-0.00122813313021014,
-14.7944945319959));
#7785=CARTESIAN_POINT('Ctrl Pts',(11.3651083618844,-9.85340243183432E-6,
-14.4791805134265));
#7786=CARTESIAN_POINT('Ctrl Pts',(11.36256282881,4.16689298178557E-16,-14.4741959138706));
#7787=CARTESIAN_POINT('Ctrl Pts',(11.36,4.16333634234434E-16,-14.4692232955724));
#7788=CARTESIAN_POINT('',(11.36,0.,15.));
#7789=CARTESIAN_POINT('Origin',(12.36,-11.75,15.));
#7790=CARTESIAN_POINT('',(12.36,-11.75,3.5));
#7791=CARTESIAN_POINT('',(12.36,-11.7501368185224,0.));
#7792=CARTESIAN_POINT('',(12.36,-11.75,11.4));
#7793=CARTESIAN_POINT('',(12.36,-8.81202199633193,11.4));
#7794=CARTESIAN_POINT('',(12.36,-11.75,11.4));
#7795=CARTESIAN_POINT('Origin',(-7.40060261545385E-16,-5.87404399266385,
11.4));
#7796=CARTESIAN_POINT('',(-11.36,0.,11.4));
#7797=CARTESIAN_POINT('',(6.18,0.,11.4));
#7798=CARTESIAN_POINT('',(-12.36,-1.,11.4));
#7799=CARTESIAN_POINT('Origin',(-11.36,-1.,11.4));
#7800=CARTESIAN_POINT('',(-12.36,-11.75,11.4));
#7801=CARTESIAN_POINT('',(-12.36,-2.18702199633193,11.4));
#7802=CARTESIAN_POINT('',(-6.62499999999998,-11.75,11.4));
#7803=CARTESIAN_POINT('',(-2.1875,-11.75,11.4));
#7804=CARTESIAN_POINT('',(-6.62499999999998,-4.74999999999999,11.4));
#7805=CARTESIAN_POINT('',(-6.62499999999998,-8.81202199633192,11.4));
#7806=CARTESIAN_POINT('',(6.625,-4.74999999999999,11.4));
#7807=CARTESIAN_POINT('',(5.19367798322558E-15,-4.74999999999999,11.4));
#7808=CARTESIAN_POINT('',(6.625,-11.75,11.4));
#7809=CARTESIAN_POINT('',(6.625,-8.81202199633192,11.4));
#7810=CARTESIAN_POINT('',(-2.1875,-11.75,11.4));
#7811=CARTESIAN_POINT('Origin',(12.36,0.,15.));
#7812=CARTESIAN_POINT('Origin',(9.36000000000002,0.,5.00000029802329));
#7813=CARTESIAN_POINT('',(7.88606004643301,1.0658141036235E-13,-17.2));
#7814=CARTESIAN_POINT('Origin',(9.36000000000005,0.,-15.4999997019768));
#7815=CARTESIAN_POINT('',(-7.88606004643294,1.0658141036235E-13,-17.2));
#7816=CARTESIAN_POINT('',(6.18,0.,-17.2));
#7817=CARTESIAN_POINT('',(-7.10999999999998,1.90829378186219E-16,-15.4999997019768));
#7818=CARTESIAN_POINT('Origin',(-9.35999999999998,0.,-15.4999997019768));
#7819=CARTESIAN_POINT('',(-11.36,0.,-14.4692232955725));
#7820=CARTESIAN_POINT('Origin',(-9.35999999999998,0.,-15.4999997019768));
#7821=CARTESIAN_POINT('',(-11.36,0.,3.9692238916189));
#7822=CARTESIAN_POINT('',(-11.36,0.,15.));
#7823=CARTESIAN_POINT('',(-7.10999999999999,1.77831972060687E-19,5.00000029802329));
#7824=CARTESIAN_POINT('Origin',(-9.36,0.,5.00000029802329));
#7825=CARTESIAN_POINT('',(-11.36,0.,6.03077670442769));
#7826=CARTESIAN_POINT('Origin',(-9.36,0.,5.00000029802329));
#7827=CARTESIAN_POINT('',(-11.36,0.,15.));
#7828=CARTESIAN_POINT('Origin',(9.36000000000002,1.77635683940025E-14,5.00000029802329));
#7829=CARTESIAN_POINT('',(11.61,-9.22999999999998,5.00000029802329));
#7830=CARTESIAN_POINT('',(11.61,1.77635683940025E-14,5.00000029802329));
#7831=CARTESIAN_POINT('Origin',(9.36000000000002,-9.22999999999998,5.00000029802329));
#7832=CARTESIAN_POINT('Origin',(-11.36,-2.18753420463061,-18.2));
#7833=CARTESIAN_POINT('',(-11.36,-11.7501368185224,-19.2));
#7834=CARTESIAN_POINT('',(-12.36,-11.7501368185224,-18.2));
#7835=CARTESIAN_POINT('Origin',(-11.36,-11.7501368185224,-18.2));
#7836=CARTESIAN_POINT('',(-12.36,-2.,-18.2));
#7837=CARTESIAN_POINT('',(-12.36,-2.18753420463061,-18.2));
#7838=CARTESIAN_POINT('',(-11.36,-2.,-19.2));
#7839=CARTESIAN_POINT('Origin',(-11.36,-2.,-18.2));
#7840=CARTESIAN_POINT('',(-11.36,-2.18753420463061,-19.2));
#7841=CARTESIAN_POINT('Ctrl Pts',(-12.36,-2.,-18.2));
#7842=CARTESIAN_POINT('Ctrl Pts',(-12.36,-1.,-18.2));
#7843=CARTESIAN_POINT('Ctrl Pts',(-12.36,-1.,-17.2));
#7844=CARTESIAN_POINT('Ctrl Pts',(-12.36,-2.,-19.2));
#7845=CARTESIAN_POINT('Ctrl Pts',(-12.36,1.11022302462516E-15,-19.2));
#7846=CARTESIAN_POINT('Ctrl Pts',(-12.36,1.66533453693773E-15,-17.2));
#7847=CARTESIAN_POINT('Ctrl Pts',(-11.36,-2.,-19.2));
#7848=CARTESIAN_POINT('Ctrl Pts',(-11.36,1.11022302462516E-15,-19.2));
#7849=CARTESIAN_POINT('Ctrl Pts',(-11.36,1.66533453693773E-15,-17.2));
#7850=CARTESIAN_POINT('',(-12.36,-1.,-17.2));
#7851=CARTESIAN_POINT('',(-11.36,0.,-17.2));
#7852=CARTESIAN_POINT('Origin',(-11.36,-1.,-17.2));
#7853=CARTESIAN_POINT('Origin',(-11.36,-2.,-17.2));
#7854=CARTESIAN_POINT('Origin',(-12.36,-2.,-17.2));
#7855=CARTESIAN_POINT('Origin',(-11.36,-1.,15.));
#7856=CARTESIAN_POINT('',(-11.36,0.,-16.5307761083812));
#7857=CARTESIAN_POINT('Ctrl Pts',(-11.36,0.,-14.4692232955725));
#7858=CARTESIAN_POINT('Ctrl Pts',(-11.3625628288099,1.77831972060296E-19,
-14.4741959138707));
#7859=CARTESIAN_POINT('Ctrl Pts',(-11.3651083618843,-9.85340243216121E-6,
-14.4791805134265));
#7860=CARTESIAN_POINT('Ctrl Pts',(-11.5246507229148,-0.00122813313020034,
-14.794494531996));
#7861=CARTESIAN_POINT('Ctrl Pts',(-11.61,-0.031754163448138,-15.1526141116641));
#7862=CARTESIAN_POINT('Ctrl Pts',(-11.61,-0.031754163448138,-15.8473852922896));
#7863=CARTESIAN_POINT('Ctrl Pts',(-11.5246507229148,-0.00122813313020034,
-16.2055048719577));
#7864=CARTESIAN_POINT('Ctrl Pts',(-11.3651083618843,-9.85340243216371E-6,
-16.5208188905271));
#7865=CARTESIAN_POINT('Ctrl Pts',(-11.3625628288099,1.77831972060296E-19,
-16.525803490083));
#7866=CARTESIAN_POINT('Ctrl Pts',(-11.36,0.,-16.5307761083812));
#7867=CARTESIAN_POINT('',(-11.36,0.,15.));
#7868=CARTESIAN_POINT('',(-12.36,-1.,15.));
#7869=CARTESIAN_POINT('Ctrl Pts',(-11.36,0.,6.03077670442769));
#7870=CARTESIAN_POINT('Ctrl Pts',(-11.3625628288099,1.77831972060681E-19,
6.02580408612944));
#7871=CARTESIAN_POINT('Ctrl Pts',(-11.3651083618843,-9.85340243222002E-6,
6.02081948657361));
#7872=CARTESIAN_POINT('Ctrl Pts',(-11.5246507229148,-0.00122813313020294,
5.70550546800418));
#7873=CARTESIAN_POINT('Ctrl Pts',(-11.61,-0.0317541634481433,5.34738588833607));
#7874=CARTESIAN_POINT('Ctrl Pts',(-11.61,-0.0317541634481433,4.65261470771051));
#7875=CARTESIAN_POINT('Ctrl Pts',(-11.5246507229148,-0.00122813313020294,
4.2944951280424));
#7876=CARTESIAN_POINT('Ctrl Pts',(-11.3651083618843,-9.85340243222301E-6,
3.97918110947297));
#7877=CARTESIAN_POINT('Ctrl Pts',(-11.3625628288099,1.77831972060649E-19,
3.97419650991714));
#7878=CARTESIAN_POINT('Ctrl Pts',(-11.36,0.,3.9692238916189));
#7879=CARTESIAN_POINT('Origin',(-13.75,-11.7501368185224,0.));
#7880=CARTESIAN_POINT('',(11.56,-11.75,3.5));
#7881=CARTESIAN_POINT('',(6.875,-11.75,3.5));
#7882=CARTESIAN_POINT('',(11.56,-11.7501368185224,-8.5));
#7883=CARTESIAN_POINT('',(11.56,-11.7501368185224,0.));
#7884=CARTESIAN_POINT('',(9.50000000000001,-11.7501368185224,-8.5));
#7885=CARTESIAN_POINT('',(4.75000000000001,-11.7501368185224,-8.5));
#7886=CARTESIAN_POINT('',(9.50000000000001,-11.7501368185224,-11.7));
#7887=CARTESIAN_POINT('',(9.5,-11.7501368185224,0.));
#7888=CARTESIAN_POINT('',(-9.5,-11.7501368185224,-11.7));
#7889=CARTESIAN_POINT('',(-12.36,-11.7501368185224,-11.7));
#7890=CARTESIAN_POINT('',(-9.5,-11.7501368185224,-8.5));
#7891=CARTESIAN_POINT('',(-9.5,-11.7501368185224,0.));
#7892=CARTESIAN_POINT('',(-11.56,-11.7501368185224,-8.5));
#7893=CARTESIAN_POINT('',(-6.875,-11.7501368185224,-8.5));
#7894=CARTESIAN_POINT('',(-11.56,-11.75,3.5));
#7895=CARTESIAN_POINT('',(-11.56,-11.7501368185224,0.750000000000002));
#7896=CARTESIAN_POINT('',(-12.36,-11.75,3.5));
#7897=CARTESIAN_POINT('',(-5.875,-11.75,3.5));
#7898=CARTESIAN_POINT('',(-12.36,-11.7501368185224,7.5));
#7899=CARTESIAN_POINT('',(-12.36,-11.7501368185224,-19.2));
#7900=CARTESIAN_POINT('',(-8.30999999999997,-11.7501368185224,-15.4999997019768));
#7901=CARTESIAN_POINT('Origin',(-9.35999999999997,-11.7501368185224,-15.4999997019768));
#7902=CARTESIAN_POINT('',(10.41,-11.7501368185224,-15.4999997019768));
#7903=CARTESIAN_POINT('Origin',(9.36000000000004,-11.7501368185224,-15.4999997019768));
#7904=CARTESIAN_POINT('Origin',(0.,-5.87506840926121,-19.2));
#7905=CARTESIAN_POINT('',(6.18,-2.,-19.2));
#7906=CARTESIAN_POINT('Origin',(6.18,-2.,-17.2));
#7907=CARTESIAN_POINT('',(-10.833939953567,1.0658141036235E-13,-17.2));
#7908=CARTESIAN_POINT('',(6.18,0.,-17.2));
#7909=CARTESIAN_POINT('Ctrl Pts',(-10.833939953567,2.38524477946811E-17,
-17.2));
#7910=CARTESIAN_POINT('Ctrl Pts',(-10.6732088148644,1.9082937818623E-16,
-17.3393576503437));
#7911=CARTESIAN_POINT('Ctrl Pts',(-10.4887456282786,-0.0146733171351916,
-17.458467918534));
#7912=CARTESIAN_POINT('Ctrl Pts',(-9.99590159568885,-0.0542942571456745,
-17.6824822488624));
#7913=CARTESIAN_POINT('Ctrl Pts',(-9.66967732135145,-0.0771114624541078,
-17.7499997019768));
#7914=CARTESIAN_POINT('Ctrl Pts',(-9.05032267864851,-0.0771114624541078,
-17.7499997019768));
#7915=CARTESIAN_POINT('Ctrl Pts',(-8.7240984043111,-0.0542942571456744,
-17.6824822488624));
#7916=CARTESIAN_POINT('Ctrl Pts',(-8.23125437172132,-0.0146733171351916,
-17.458467918534));
#7917=CARTESIAN_POINT('Ctrl Pts',(-8.04679118513558,1.40674583329925E-16,
-17.3393576503437));
#7918=CARTESIAN_POINT('Ctrl Pts',(-7.88606004643294,-7.58941520739853E-18,
-17.2));
#7919=CARTESIAN_POINT('',(10.8339399535671,1.0658141036235E-13,-17.2));
#7920=CARTESIAN_POINT('Ctrl Pts',(7.88606004643301,4.55364912443912E-17,
-17.2));
#7921=CARTESIAN_POINT('Ctrl Pts',(8.04679118513565,7.28861608774897E-17,
-17.3393576503437));
#7922=CARTESIAN_POINT('Ctrl Pts',(8.23125437172139,-0.0146733171351916,
-17.458467918534));
#7923=CARTESIAN_POINT('Ctrl Pts',(8.72409840431117,-0.0542942571456748,
-17.6824822488624));
#7924=CARTESIAN_POINT('Ctrl Pts',(9.05032267864858,-0.0771114624541083,
-17.7499997019768));
#7925=CARTESIAN_POINT('Ctrl Pts',(9.66967732135152,-0.0771114624541083,
-17.7499997019768));
#7926=CARTESIAN_POINT('Ctrl Pts',(9.99590159568893,-0.0542942571456748,
-17.6824822488624));
#7927=CARTESIAN_POINT('Ctrl Pts',(10.4887456282787,-0.0146733171351916,
-17.458467918534));
#7928=CARTESIAN_POINT('Ctrl Pts',(10.6732088148645,5.76311223034757E-17,
-17.3393576503437));
#7929=CARTESIAN_POINT('Ctrl Pts',(10.8339399535671,5.4752209710518E-17,
-17.2));
#7930=CARTESIAN_POINT('',(6.18,0.,-17.2));
#7931=CARTESIAN_POINT('Origin',(12.36,0.,15.));
#7932=CARTESIAN_POINT('Origin',(-9.35999999999998,0.,-15.4999997019768));
#7933=CARTESIAN_POINT('Origin',(-9.35999999999998,1.06581410364015E-13,
-15.4999997019768));
#7934=CARTESIAN_POINT('',(-7.10999999999998,-7.54999999999989,-15.4999997019768));
#7935=CARTESIAN_POINT('',(-7.10999999999998,1.06581410364015E-13,-15.4999997019768));
#7936=CARTESIAN_POINT('Origin',(-9.35999999999998,-7.54999999999989,-15.4999997019768));
#7937=CARTESIAN_POINT('Origin',(-2.50062180284933E-16,-11.7499999999999,
-2.90000000000007));
#7938=CARTESIAN_POINT('',(8.1875,-11.7499999999999,-2.90000000000007));
#7939=CARTESIAN_POINT('',(-8.1875,-11.7499999999999,-2.90000000000007));
#7940=CARTESIAN_POINT('Origin',(-2.50062180284933E-16,-11.7499999999999,
-2.9));
#7941=CARTESIAN_POINT('',(8.1875,-11.7499999999999,0.0999999999999313));
#7942=CARTESIAN_POINT('',(8.1875,-11.75,-2.90000000000007));
#7943=CARTESIAN_POINT('',(-8.1875,-11.7499999999999,0.0999999999999313));
#7944=CARTESIAN_POINT('Origin',(-2.50062180284933E-16,-11.7499999999999,
0.0999999999999313));
#7945=CARTESIAN_POINT('',(-8.1875,-11.75,-2.90000000000007));
#7946=CARTESIAN_POINT('Origin',(-2.50062180284933E-16,-11.7499999999999,
-2.90000000000007));
#7947=CARTESIAN_POINT('',(-5.6875,-11.7499999999999,-2.90000000000007));
#7948=CARTESIAN_POINT('',(5.6875,-11.7499999999999,-2.90000000000007));
#7949=CARTESIAN_POINT('Origin',(-2.50062180284933E-16,-11.7499999999999,
-2.9));
#7950=CARTESIAN_POINT('',(-5.6875,-11.7499999999999,0.0999999999999313));
#7951=CARTESIAN_POINT('',(-5.6875,-11.75,-2.90000000000007));
#7952=CARTESIAN_POINT('',(5.6875,-11.7499999999999,0.0999999999999313));
#7953=CARTESIAN_POINT('Origin',(-2.50062180284933E-16,-11.7499999999999,
0.0999999999999313));
#7954=CARTESIAN_POINT('',(5.6875,-11.75,-2.90000000000007));
#7955=CARTESIAN_POINT('Origin',(2.5786217505685E-15,-7.65624999999989,0.0999999999999313));
#7956=CARTESIAN_POINT('',(-2.1875,-11.75,0.0999999999999313));
#7957=CARTESIAN_POINT('',(-2.1875,-11.75,0.0999999999999313));
#7958=CARTESIAN_POINT('Origin',(-4.375,-11.75,15.));
#7959=CARTESIAN_POINT('',(11.56,-11.75,-2.9));
#7960=CARTESIAN_POINT('',(6.875,-11.75,-2.9));
#7961=CARTESIAN_POINT('',(11.56,-11.75,7.5));
#7962=CARTESIAN_POINT('',(6.625,-11.75,5.96291217015805));
#7963=CARTESIAN_POINT('',(6.625,-11.75,15.));
#7964=CARTESIAN_POINT('',(4.375,-11.75,5.96291217015805));
#7965=CARTESIAN_POINT('',(10.1875,-11.75,5.96291217015805));
#7966=CARTESIAN_POINT('',(4.375,-11.75,-2.9));
#7967=CARTESIAN_POINT('',(4.375,-11.75,15.));
#7968=CARTESIAN_POINT('',(6.875,-11.75,-2.9));
#7969=CARTESIAN_POINT('',(8.31000000000002,-11.75,5.00000029802329));
#7970=CARTESIAN_POINT('Origin',(9.36000000000002,-11.75,5.00000029802329));
#7971=CARTESIAN_POINT('Origin',(0.,-6.125,-2.9));
#7972=CARTESIAN_POINT('',(-11.56,-11.75,-2.9));
#7973=CARTESIAN_POINT('',(-2.1875,-11.75,-2.9));
#7974=CARTESIAN_POINT('',(-11.56,-2.5,-2.9));
#7975=CARTESIAN_POINT('',(-11.56,-12.5445684092612,-2.9));
#7976=CARTESIAN_POINT('',(11.56,-2.5,-2.9));
#7977=CARTESIAN_POINT('',(0.,-2.5,-2.9));
#7978=CARTESIAN_POINT('',(11.56,-3.3125,-2.9));
#7979=CARTESIAN_POINT('Origin',(0.,-6.125,-2.9));
#7980=CARTESIAN_POINT('',(-4.375,-11.75,-2.9));
#7981=CARTESIAN_POINT('Origin',(0.,-11.75,-2.9));
#7982=CARTESIAN_POINT('',(-2.1875,-11.75,-2.9));
#7983=CARTESIAN_POINT('Origin',(-9.5,-4.75,0.));
#7984=CARTESIAN_POINT('',(-9.5,-4.75,-11.7));
#7985=CARTESIAN_POINT('',(9.5,-4.75,-11.7));
#7986=CARTESIAN_POINT('',(-4.75,-4.75,-11.7));
#7987=CARTESIAN_POINT('',(9.5,-4.75,-8.5));
#7988=CARTESIAN_POINT('',(9.5,-4.75,0.));
#7989=CARTESIAN_POINT('',(-9.5,-4.75,-8.5));
#7990=CARTESIAN_POINT('',(-4.75,-4.75,-8.5));
#7991=CARTESIAN_POINT('',(-9.5,-4.75,0.));
#7992=CARTESIAN_POINT('Origin',(9.5,-4.75,0.));
#7993=CARTESIAN_POINT('',(9.5,-5.3125342046306,-11.7));
#7994=CARTESIAN_POINT('',(9.5,-6.7410342046306,-8.5));
#7995=CARTESIAN_POINT('Origin',(1.11022302462516E-14,-4.74999999999999,
10.481456085079));
#7996=CARTESIAN_POINT('',(-6.62499999999998,-4.74999999999999,5.96291217015805));
#7997=CARTESIAN_POINT('',(-6.62499999999998,-4.74999999999999,15.));
#7998=CARTESIAN_POINT('',(6.625,-4.74999999999999,5.96291217015805));
#7999=CARTESIAN_POINT('',(6.625,-4.74999999999999,5.96291217015805));
#8000=CARTESIAN_POINT('',(6.625,-4.74999999999999,13.));
#8001=CARTESIAN_POINT('Origin',(6.625,-11.75,15.));
#8002=CARTESIAN_POINT('',(6.625,-11.75,5.96291217015805));
#8003=CARTESIAN_POINT('Origin',(6.625,-11.75,5.96291217015805));
#8004=CARTESIAN_POINT('',(-4.375,-11.75,5.96291217015805));
#8005=CARTESIAN_POINT('Origin',(0.,-11.75,5.96291217015805));
#8006=CARTESIAN_POINT('',(-6.62499999999998,-11.75,5.96291217015805));
#8007=CARTESIAN_POINT('',(-6.62499999999998,-11.75,5.96291217015805));
#8008=CARTESIAN_POINT('',(1.125,-11.75,5.96291217015805));
#8009=CARTESIAN_POINT('Origin',(9.36000000000002,-11.75,5.00000029802329));
#8010=CARTESIAN_POINT('',(8.31000000000002,-10.43,5.00000029802329));
#8011=CARTESIAN_POINT('',(8.31000000000002,-11.75,5.00000029802329));
#8012=CARTESIAN_POINT('',(10.41,-10.43,5.00000029802329));
#8013=CARTESIAN_POINT('Origin',(9.36000000000002,-10.43,5.00000029802329));
#8014=CARTESIAN_POINT('Origin',(9.36000000000002,-10.43,5.00000029802329));
#8015=CARTESIAN_POINT('Origin',(-9.35999999999999,-11.75,5.00000029802329));
#8016=CARTESIAN_POINT('',(-10.41,-11.75,5.00000029802329));
#8017=CARTESIAN_POINT('Origin',(-9.35999999999999,-11.75,5.00000029802329));
#8018=CARTESIAN_POINT('',(-10.41,-10.43,5.00000029802329));
#8019=CARTESIAN_POINT('',(-10.41,-11.75,5.00000029802329));
#8020=CARTESIAN_POINT('',(-8.30999999999999,-10.43,5.00000029802329));
#8021=CARTESIAN_POINT('Origin',(-9.35999999999999,-10.43,5.00000029802329));
#8022=CARTESIAN_POINT('Origin',(-9.35999999999999,-10.43,5.00000029802329));
#8023=CARTESIAN_POINT('Origin',(0.,-8.73206840926121,-8.5));
#8024=CARTESIAN_POINT('',(-11.56,-0.5,-8.5));
#8025=CARTESIAN_POINT('',(-11.56,-13.8481026138918,-8.5));
#8026=CARTESIAN_POINT('',(-9.5,-13.8481026138918,-8.5));
#8027=CARTESIAN_POINT('',(11.56,-0.5,-8.5));
#8028=CARTESIAN_POINT('',(11.56,-4.61603420463061,-8.5));
#8029=CARTESIAN_POINT('',(-5.875,-0.5,-8.5));
#8030=CARTESIAN_POINT('Origin',(11.56,-0.5,0.));
#8031=CARTESIAN_POINT('',(11.56,-2.5,-6.5));
#8032=CARTESIAN_POINT('',(11.56,-2.5,2.375));
#8033=CARTESIAN_POINT('',(11.56,-0.5,-6.5));
#8034=CARTESIAN_POINT('',(11.56,-0.5,-6.5));
#8035=CARTESIAN_POINT('',(11.56,-0.5,0.));
#8036=CARTESIAN_POINT('Origin',(-9.36,1.77635683940025E-14,5.00000029802329));
#8037=CARTESIAN_POINT('',(-7.10999999999999,-9.22999999999998,5.00000029802329));
#8038=CARTESIAN_POINT('',(-7.10999999999999,1.77635683940025E-14,5.00000029802329));
#8039=CARTESIAN_POINT('Origin',(-9.36,-9.22999999999998,5.00000029802329));
#8040=CARTESIAN_POINT('Origin',(-9.36,-9.82999999999998,5.00000029802329));
#8041=CARTESIAN_POINT('',(-7.71,-9.82999999999998,5.00000029802329));
#8042=CARTESIAN_POINT('Origin',(-11.75,-0.5,0.));
#8043=CARTESIAN_POINT('',(-11.56,-0.5,-6.5));
#8044=CARTESIAN_POINT('',(-11.56,-0.5,0.));
#8045=CARTESIAN_POINT('',(-11.75,-0.5,-6.5));
#8046=CARTESIAN_POINT('Origin',(-11.75,-0.5,-6.5));
#8047=CARTESIAN_POINT('',(-11.56,-2.5,-6.5));
#8048=CARTESIAN_POINT('',(-11.56,-9.73206840926121,-6.5));
#8049=CARTESIAN_POINT('',(11.75,-2.5,-6.5));
#8050=CARTESIAN_POINT('Origin',(0.,-2.5,4.75));
#8051=CARTESIAN_POINT('',(-11.56,-2.5,2.375));
#8052=CARTESIAN_POINT('Origin',(-11.56,-18.9641368185224,0.));
#8053=CARTESIAN_POINT('',(-11.56,-11.75,7.5));
#8054=CARTESIAN_POINT('Origin',(-9.35999999999997,-17.7500000000002,-15.4999997019768));
#8055=CARTESIAN_POINT('',(-8.30999999999997,-8.74999999999989,-15.4999997019768));
#8056=CARTESIAN_POINT('',(-8.30999999999997,-17.7500000000002,-15.4999997019768));
#8057=CARTESIAN_POINT('Origin',(-9.35999999999997,-8.74999999999989,-15.4999997019768));
#8058=CARTESIAN_POINT('Origin',(9.36000000000004,-17.7500000000003,-15.4999997019768));
#8059=CARTESIAN_POINT('',(10.41,-8.74999999999989,-15.4999997019768));
#8060=CARTESIAN_POINT('',(10.41,-17.7500000000003,-15.4999997019768));
#8061=CARTESIAN_POINT('Origin',(9.36000000000004,-8.74999999999989,-15.4999997019768));
#8062=CARTESIAN_POINT('Origin',(-9.5,-18.9641368185224,0.));
#8063=CARTESIAN_POINT('',(-9.5,-12.4196026138918,-11.7));
#8064=CARTESIAN_POINT('Origin',(0.,-5.87506840926121,-11.7));
#8065=CARTESIAN_POINT('Origin',(9.36000000000005,1.06581410364015E-13,-15.4999997019768));
#8066=CARTESIAN_POINT('Origin',(9.36000000000005,0.,-15.4999997019768));
#8067=CARTESIAN_POINT('',(11.61,-7.54999999999989,-15.4999997019768));
#8068=CARTESIAN_POINT('',(11.61,1.06581410364015E-13,-15.4999997019768));
#8069=CARTESIAN_POINT('Origin',(9.36000000000005,-7.54999999999989,-15.4999997019768));
#8070=CARTESIAN_POINT('Origin',(9.36000000000005,-8.14999999999989,-15.4999997019768));
#8071=CARTESIAN_POINT('',(11.01,-8.14999999999989,-15.4999997019768));
#8072=CARTESIAN_POINT('Origin',(-9.35999999999998,-8.14999999999989,-15.4999997019768));
#8073=CARTESIAN_POINT('',(-7.70999999999998,-8.14999999999989,-15.4999997019768));
#8074=CARTESIAN_POINT('Origin',(0.,-11.75,15.));
#8075=CARTESIAN_POINT('',(-4.375,-11.75,15.));
#8076=CARTESIAN_POINT('Origin',(9.36000000000002,-9.82999999999998,5.00000029802329));
#8077=CARTESIAN_POINT('',(11.01,-9.82999999999998,5.00000029802329));
#8078=CARTESIAN_POINT('Origin',(12.36,0.,15.));
#8079=CARTESIAN_POINT('Origin',(-12.36,1.5,15.));
#8080=CARTESIAN_POINT('',(-12.36,-11.75,15.));
#8081=CARTESIAN_POINT('Origin',(-4.375,-11.75,15.));
#8082=CARTESIAN_POINT('',(-6.62499999999998,-11.75,11.4));
#8083=CARTESIAN_POINT('Origin',(-6.62499999999998,-11.75,5.96291217015805));
#8084=CARTESIAN_POINT('',(0.,0.,0.));
#8085=CARTESIAN_POINT('Origin',(3.77475828372553E-14,-5.29395590986232E-23,
22.63));
#8086=CARTESIAN_POINT('',(6.57100000000004,-2.94903043855616E-16,22.63));
#8087=CARTESIAN_POINT('Origin',(3.78181538406004E-14,-5.29395591049304E-23,
22.63));
#8088=CARTESIAN_POINT('',(4.35000000000004,-1.90819635297008E-16,22.63));
#8089=CARTESIAN_POINT('Origin',(1.74675089207691E-14,2.11758236024713E-22,
22.63));
#8090=CARTESIAN_POINT('Origin',(3.10862446895044E-14,0.,21.13));
#8091=CARTESIAN_POINT('',(8.00000000000003,-3.64291665257334E-16,23.63));
#8092=CARTESIAN_POINT('Origin',(3.08086889333481E-14,2.64697795030893E-22,
23.63));
#8093=CARTESIAN_POINT('',(8.00000000000003,-2.31198514827741E-15,20.38));
#8094=CARTESIAN_POINT('',(8.00000000000003,-3.52550190232309E-16,21.13));
#8095=CARTESIAN_POINT('Origin',(3.11695114163513E-14,-7.94093385092675E-23,
20.38));
#8096=CARTESIAN_POINT('Origin',(3.12111447202177E-14,-1.19114007763901E-22,
20.005));
#8097=CARTESIAN_POINT('',(-7.24999999999997,2.09523642895702E-15,19.63));
#8098=CARTESIAN_POINT('',(7.25000000000003,-2.09523662748037E-15,19.63));
#8099=CARTESIAN_POINT('Origin',(3.11695112972373E-14,-3.97046692546334E-23,
19.63));
#8100=CARTESIAN_POINT('Origin',(3.11695112972373E-14,-3.97046692546334E-23,
19.63));
#8101=CARTESIAN_POINT('',(7.62500000000003,-2.20361088787889E-15,20.005));
#8102=CARTESIAN_POINT('Origin',(3.11278779933708E-14,5.87747175411144E-37,
20.005));
#8103=CARTESIAN_POINT('',(-6.57099999999997,1.89900676812876E-15,20.309));
#8104=CARTESIAN_POINT('',(-6.87499999999997,1.9868621685585E-15,20.005));
#8105=CARTESIAN_POINT('',(6.57100000000004,-2.89576088314336E-16,20.309));
#8106=CARTESIAN_POINT('Origin',(3.79819491393644E-14,-1.75812275787473E-22,
20.309));
#8107=CARTESIAN_POINT('Origin',(3.79819491393644E-14,-1.75812275787473E-22,
20.309));
#8108=CARTESIAN_POINT('Origin',(3.77475828372553E-14,0.,23.63));
#8109=CARTESIAN_POINT('',(6.57100000000004,-1.89900673594151E-15,23.63));
#8110=CARTESIAN_POINT('Origin',(3.08086889333481E-14,-1.04083143860813E-16,
23.63));
#8111=CARTESIAN_POINT('',(-2.075,-2.54114210823076E-16,23.63));
#8112=CARTESIAN_POINT('Origin',(3.08086889333481E-14,2.64697795030893E-22,
23.63));
#8113=CARTESIAN_POINT('Origin',(1.77635683940025E-14,0.,18.63));
#8114=CARTESIAN_POINT('',(4.35000000000002,-1.25714227147359E-15,11.2578838324886));
#8115=CARTESIAN_POINT('',(-4.35,-5.32721357629098E-16,11.2578838324887));
#8116=CARTESIAN_POINT('Origin',(1.83092146012947E-14,-3.90276578850369E-22,
11.2578838324886));
#8117=CARTESIAN_POINT('',(4.35000000000002,-1.25714188119702E-15,18.63));
#8118=CARTESIAN_POINT('Origin',(1.83092146012947E-14,-3.90276578850369E-22,
11.2578838324886));
#8119=CARTESIAN_POINT('Origin',(0.,0.,4.60000000000001));
#8120=CARTESIAN_POINT('',(-9.6,-1.11022302462516E-15,4.6));
#8121=CARTESIAN_POINT('Origin',(0.,0.,4.6));
#8122=CARTESIAN_POINT('',(5.5,-1.83697019872103E-16,4.60000000000001));
#8123=CARTESIAN_POINT('Origin',(7.,0.,4.60000000000001));
#8124=CARTESIAN_POINT('',(-1.5,7.,4.60000000000001));
#8125=CARTESIAN_POINT('Origin',(0.,7.,4.60000000000001));
#8126=CARTESIAN_POINT('',(-1.5,-7.,4.6));
#8127=CARTESIAN_POINT('Origin',(0.,-7.,4.6));
#8128=CARTESIAN_POINT('',(-4.,4.89858719658941E-16,4.60000000000001));
#8129=CARTESIAN_POINT('Origin',(0.,0.,4.60000000000001));
#8130=CARTESIAN_POINT('',(-8.5,-1.83697019872103E-16,4.6));
#8131=CARTESIAN_POINT('Origin',(-7.,0.,4.6));
#8132=CARTESIAN_POINT('Origin',(0.,0.,1.));
#8133=CARTESIAN_POINT('',(-9.6,-8.88178419700126E-16,1.));
#8134=CARTESIAN_POINT('Origin',(0.,0.,1.));
#8135=CARTESIAN_POINT('',(-1.50000002235174,-1.83697022609402E-16,1.));
#8136=CARTESIAN_POINT('Origin',(0.,0.,1.));
#8137=CARTESIAN_POINT('',(-1.5,7.,1.));
#8138=CARTESIAN_POINT('Origin',(0.,7.,1.));
#8139=CARTESIAN_POINT('',(5.5,0.,1.));
#8140=CARTESIAN_POINT('Origin',(7.,0.,1.));
#8141=CARTESIAN_POINT('',(-8.5,0.,1.));
#8142=CARTESIAN_POINT('Origin',(-7.,0.,1.));
#8143=CARTESIAN_POINT('',(-1.5,-7.,1.));
#8144=CARTESIAN_POINT('Origin',(0.,-7.,1.));
#8145=CARTESIAN_POINT('Origin',(0.,0.,12.65));
#8146=CARTESIAN_POINT('',(-2.075,2.54114210823076E-16,12.65));
#8147=CARTESIAN_POINT('Origin',(0.,0.,12.65));
#8148=CARTESIAN_POINT('',(-1.50000002235174,-1.83697022609402E-16,12.65));
#8149=CARTESIAN_POINT('Origin',(0.,0.,12.65));
#8150=CARTESIAN_POINT('Origin',(0.,0.,12.65));
#8151=CARTESIAN_POINT('',(-1.50000002235174,1.83697022609402E-16,12.65));
#8152=CARTESIAN_POINT('Origin',(0.,7.,-1.09999999999999));
#8153=CARTESIAN_POINT('',(-1.5,7.,-1.09999999999999));
#8154=CARTESIAN_POINT('Origin',(7.,0.,-1.09999999999999));
#8155=CARTESIAN_POINT('',(5.5,-1.83697019872103E-16,-1.09999999999999));
#8156=CARTESIAN_POINT('Origin',(-7.,0.,-1.09999999999999));
#8157=CARTESIAN_POINT('',(-8.5,-1.83697019872103E-16,-1.09999999999999));
#8158=CARTESIAN_POINT('Origin',(0.,-7.,-1.09999999999999));
#8159=CARTESIAN_POINT('',(-1.5,-7.,-1.09999999999999));
#8160=CARTESIAN_POINT('Origin',(0.,0.,7.4));
#8161=CARTESIAN_POINT('',(4.,4.89858719658941E-16,6.40000000000001));
#8162=CARTESIAN_POINT('',(-4.,-4.89858719658941E-16,6.40000000000001));
#8163=CARTESIAN_POINT('Origin',(0.,0.,6.40000000000001));
#8164=CARTESIAN_POINT('Origin',(0.,0.,6.40000000000001));
#8165=CARTESIAN_POINT('',(6.,0.,8.4));
#8166=CARTESIAN_POINT('',(5.,-6.12323399573677E-16,7.4));
#8167=CARTESIAN_POINT('',(-6.,-7.34788079488412E-16,8.4));
#8168=CARTESIAN_POINT('Origin',(0.,0.,8.4));
#8169=CARTESIAN_POINT('Origin',(0.,0.,8.4));
#8170=CARTESIAN_POINT('Origin',(0.,0.,-1.09999999999999));
#8171=CARTESIAN_POINT('',(-4.,-4.89858719658941E-16,-1.09999999999999));
#8172=CARTESIAN_POINT('Origin',(0.,0.,8.4));
#8173=CARTESIAN_POINT('',(-6.,-7.34788079488412E-16,8.4));
#8174=CARTESIAN_POINT('Origin',(0.,0.,-1.09999999999999));
#8175=CARTESIAN_POINT('',(-2.075,-2.54114210823076E-16,-1.09999999999999));
#8176=CARTESIAN_POINT('Origin',(0.,0.,-1.09999999999999));
#8177=CARTESIAN_POINT('',(-9.6,-1.17566092718146E-15,-1.09999999999999));
#8178=CARTESIAN_POINT('',(0.,0.,0.));
#8179=CARTESIAN_POINT('Origin',(5.65499999999986,4.86000000000002,-0.699999999999981));
#8180=CARTESIAN_POINT('',(5.65499999999986,3.76000000000002,-0.699999999999981));
#8181=CARTESIAN_POINT('Origin',(5.65499999999986,4.86000000000002,-0.699999999999981));
#8182=CARTESIAN_POINT('',(2.15642817073199,3.76000000000002,-0.699999999999981));
#8183=CARTESIAN_POINT('',(5.65499999999986,3.76000000000002,-0.699999999999981));
#8184=CARTESIAN_POINT('Origin',(3.09506939321849,4.86000000000002,-0.699999999999981));
#8185=CARTESIAN_POINT('Origin',(5.65499999999986,-4.86,-0.699999999999981));
#8186=CARTESIAN_POINT('',(5.65499999999986,-5.96000000000001,-0.699999999999981));
#8187=CARTESIAN_POINT('Origin',(5.65499999999986,-4.86,-0.699999999999981));
#8188=CARTESIAN_POINT('',(4.033710615705,-5.96000000000001,-0.699999999999981));
#8189=CARTESIAN_POINT('',(5.65499999999986,-5.96000000000001,-0.699999999999981));
#8190=CARTESIAN_POINT('Origin',(3.0950693932185,-4.86,-0.699999999999981));
#8191=CARTESIAN_POINT('Origin',(5.65499999999986,-7.86000000000001,-4.19999999999998));
#8192=CARTESIAN_POINT('',(5.65499999999986,-7.86000000000001,-4.19999999999998));
#8193=CARTESIAN_POINT('',(5.65499999999986,7.86000000000002,-4.19999999999998));
#8194=CARTESIAN_POINT('',(5.65499999999986,-7.86000000000001,-4.19999999999998));
#8195=CARTESIAN_POINT('',(5.65499999999986,7.86000000000002,2.80000000000002));
#8196=CARTESIAN_POINT('',(5.65499999999986,7.86000000000002,-4.19999999999998));
#8197=CARTESIAN_POINT('',(5.65499999999986,-7.86,2.80000000000002));
#8198=CARTESIAN_POINT('',(5.65499999999986,-7.86000000000001,2.80000000000002));
#8199=CARTESIAN_POINT('',(5.65499999999986,-7.86000000000001,-4.19999999999998));
#8200=CARTESIAN_POINT('Origin',(-0.162106766285562,-1.04289321881343,-4.19999999999998));
#8201=CARTESIAN_POINT('',(0.837893233714443,-2.21479998536909,-4.19999999999998));
#8202=CARTESIAN_POINT('',(-0.162106766285562,-1.04289321881343,-4.19999999999998));
#8203=CARTESIAN_POINT('',(0.837893233714443,-2.21479998536909,2.80000000000002));
#8204=CARTESIAN_POINT('',(-0.162106766285562,-1.04289321881343,2.80000000000002));
#8205=CARTESIAN_POINT('',(0.837893233714443,-2.21479998536909,-4.19999999999998));
#8206=CARTESIAN_POINT('Origin',(0.837893233714429,1.04289321881347,-4.19999999999998));
#8207=CARTESIAN_POINT('',(0.837893233714424,2.21479998536911,-4.19999999999998));
#8208=CARTESIAN_POINT('',(0.837893233714432,0.521446609406736,-4.19999999999998));
#8209=CARTESIAN_POINT('',(0.837893233714425,2.21479998536911,2.80000000000002));
#8210=CARTESIAN_POINT('',(0.837893233714432,0.521446609406737,2.80000000000002));
#8211=CARTESIAN_POINT('',(0.837893233714425,2.21479998536911,-4.19999999999998));
#8212=CARTESIAN_POINT('Origin',(5.65499999999986,7.86000000000002,-4.19999999999998));
#8213=CARTESIAN_POINT('',(-0.162106766285571,1.04289321881347,-4.19999999999998));
#8214=CARTESIAN_POINT('',(-0.16210676628557,1.04289321881347,2.80000000000002));
#8215=CARTESIAN_POINT('Origin',(2.74644661685715,8.88178419700125E-15,-4.19999999999998));
#8216=CARTESIAN_POINT('Origin',(2.74644661685715,9.0205620750794E-15,2.80000000000002));
#8217=CARTESIAN_POINT('',(-328.445,-70.74,-270.));
#8218=CARTESIAN_POINT('',(-23.7500000000001,-2.44249065417534E-14,14.9999999999999));
#8219=CARTESIAN_POINT('',(-11.9999550232298,0.135060573785684,34.6304578973899));
#8220=CARTESIAN_POINT('',(0.,0.,0.));
#8221=UNCERTAINTY_MEASURE_WITH_UNIT(LENGTH_MEASURE(0.01),#8233,
'DISTANCE_ACCURACY_VALUE',
'Maximum model space distance between geometric entities at asserted c
onnectivities');
#8222=UNCERTAINTY_MEASURE_WITH_UNIT(LENGTH_MEASURE(0.01),#8233,
'DISTANCE_ACCURACY_VALUE',
'Maximum model space distance between geometric entities at asserted c
onnectivities');
#8223=UNCERTAINTY_MEASURE_WITH_UNIT(LENGTH_MEASURE(0.01),#8233,
'DISTANCE_ACCURACY_VALUE',
'Maximum model space distance between geometric entities at asserted c
onnectivities');
#8224=UNCERTAINTY_MEASURE_WITH_UNIT(LENGTH_MEASURE(0.01),#8233,
'DISTANCE_ACCURACY_VALUE',
'Maximum model space distance between geometric entities at asserted c
onnectivities');
#8225=UNCERTAINTY_MEASURE_WITH_UNIT(LENGTH_MEASURE(0.01),#8233,
'DISTANCE_ACCURACY_VALUE',
'Maximum model space distance between geometric entities at asserted c
onnectivities');
#8226=UNCERTAINTY_MEASURE_WITH_UNIT(LENGTH_MEASURE(0.01),#8233,
'DISTANCE_ACCURACY_VALUE',
'Maximum model space distance between geometric entities at asserted c
onnectivities');
#8227=(
GEOMETRIC_REPRESENTATION_CONTEXT(3)
GLOBAL_UNCERTAINTY_ASSIGNED_CONTEXT((#8221))
GLOBAL_UNIT_ASSIGNED_CONTEXT((#8233,#8235,#8236))
REPRESENTATION_CONTEXT('','3D')
);
#8228=(
GEOMETRIC_REPRESENTATION_CONTEXT(3)
GLOBAL_UNCERTAINTY_ASSIGNED_CONTEXT((#8222))
GLOBAL_UNIT_ASSIGNED_CONTEXT((#8233,#8235,#8236))
REPRESENTATION_CONTEXT('','3D')
);
#8229=(
GEOMETRIC_REPRESENTATION_CONTEXT(3)
GLOBAL_UNCERTAINTY_ASSIGNED_CONTEXT((#8223))
GLOBAL_UNIT_ASSIGNED_CONTEXT((#8233,#8235,#8236))
REPRESENTATION_CONTEXT('','3D')
);
#8230=(
GEOMETRIC_REPRESENTATION_CONTEXT(3)
GLOBAL_UNCERTAINTY_ASSIGNED_CONTEXT((#8224))
GLOBAL_UNIT_ASSIGNED_CONTEXT((#8233,#8235,#8236))
REPRESENTATION_CONTEXT('','3D')
);
#8231=(
GEOMETRIC_REPRESENTATION_CONTEXT(3)
GLOBAL_UNCERTAINTY_ASSIGNED_CONTEXT((#8225))
GLOBAL_UNIT_ASSIGNED_CONTEXT((#8233,#8235,#8236))
REPRESENTATION_CONTEXT('','3D')
);
#8232=(
GEOMETRIC_REPRESENTATION_CONTEXT(3)
GLOBAL_UNCERTAINTY_ASSIGNED_CONTEXT((#8226))
GLOBAL_UNIT_ASSIGNED_CONTEXT((#8233,#8235,#8236))
REPRESENTATION_CONTEXT('','3D')
);
#8233=(
LENGTH_UNIT()
NAMED_UNIT(*)
SI_UNIT(.MILLI.,.METRE.)
);
#8234=(
LENGTH_UNIT()
NAMED_UNIT(*)
SI_UNIT($,.METRE.)
);
#8235=(
NAMED_UNIT(*)
PLANE_ANGLE_UNIT()
SI_UNIT($,.RADIAN.)
);
#8236=(
NAMED_UNIT(*)
SI_UNIT($,.STERADIAN.)
SOLID_ANGLE_UNIT()
);
#8237=SHAPE_DEFINITION_REPRESENTATION(#8242,#8251);
#8238=SHAPE_DEFINITION_REPRESENTATION(#8243,#8252);
#8239=SHAPE_DEFINITION_REPRESENTATION(#8244,#8253);
#8240=SHAPE_DEFINITION_REPRESENTATION(#8245,#8254);
#8241=SHAPE_DEFINITION_REPRESENTATION(#8246,#8255);
#8242=PRODUCT_DEFINITION_SHAPE('',$,#8257);
#8243=PRODUCT_DEFINITION_SHAPE('',$,#8258);
#8244=PRODUCT_DEFINITION_SHAPE('',$,#8259);
#8245=PRODUCT_DEFINITION_SHAPE('',$,#8260);
#8246=PRODUCT_DEFINITION_SHAPE('',$,#8261);
#8247=PRODUCT_DEFINITION_SHAPE($,$,#23);
#8248=PRODUCT_DEFINITION_SHAPE($,$,#24);
#8249=PRODUCT_DEFINITION_SHAPE($,$,#25);
#8250=PRODUCT_DEFINITION_SHAPE($,$,#26);
#8251=SHAPE_REPRESENTATION('',(#4692,#5183,#5184,#5185,#5186),#8227);
#8252=SHAPE_REPRESENTATION('',(#4693),#8228);
#8253=SHAPE_REPRESENTATION('',(#5032),#8229);
#8254=SHAPE_REPRESENTATION('',(#5120),#8230);
#8255=SHAPE_REPRESENTATION('',(#5170),#8231);
#8256=PRODUCT_DEFINITION_CONTEXT('part definition',#8273,'design');
#8257=PRODUCT_DEFINITION('as5600_servo_2','as5600_servo_2 v11',#8262,#8256);
#8258=PRODUCT_DEFINITION('AS5600_Base','AS5600_Base',#8263,#8256);
#8259=PRODUCT_DEFINITION('AS5600_Shaft_Holder v4',
'AS5600_Shaft_Holder v4',#8264,#8256);
#8260=PRODUCT_DEFINITION('AS5600_Shaft v3','AS5600_Shaft v3',#8265,#8256);
#8261=PRODUCT_DEFINITION('retainer','retainer',#8266,#8256);
#8262=PRODUCT_DEFINITION_FORMATION('',$,#8275);
#8263=PRODUCT_DEFINITION_FORMATION('',$,#8276);
#8264=PRODUCT_DEFINITION_FORMATION('',$,#8277);
#8265=PRODUCT_DEFINITION_FORMATION('',$,#8278);
#8266=PRODUCT_DEFINITION_FORMATION('',$,#8279);
#8267=PRODUCT_RELATED_PRODUCT_CATEGORY('as5600_servo_2 v11',
'as5600_servo_2 v11',(#8275));
#8268=PRODUCT_RELATED_PRODUCT_CATEGORY('AS5600_Base','AS5600_Base',(#8276));
#8269=PRODUCT_RELATED_PRODUCT_CATEGORY('AS5600_Shaft_Holder v4',
'AS5600_Shaft_Holder v4',(#8277));
#8270=PRODUCT_RELATED_PRODUCT_CATEGORY('AS5600_Shaft v3',
'AS5600_Shaft v3',(#8278));
#8271=PRODUCT_RELATED_PRODUCT_CATEGORY('retainer','retainer',(#8279));
#8272=APPLICATION_PROTOCOL_DEFINITION('international standard',
'automotive_design',2009,#8273);
#8273=APPLICATION_CONTEXT(
'Core Data for Automotive Mechanical Design Process');
#8274=PRODUCT_CONTEXT('part definition',#8273,'mechanical');
#8275=PRODUCT('as5600_servo_2','as5600_servo_2 v11',$,(#8274));
#8276=PRODUCT('AS5600_Base','AS5600_Base',$,(#8274));
#8277=PRODUCT('AS5600_Shaft_Holder v4','AS5600_Shaft_Holder v4',$,(#8274));
#8278=PRODUCT('AS5600_Shaft v3','AS5600_Shaft v3',$,(#8274));
#8279=PRODUCT('retainer','retainer',$,(#8274));
#8280=PRESENTATION_STYLE_ASSIGNMENT((#8282));
#8281=PRESENTATION_STYLE_ASSIGNMENT((#8283));
#8282=SURFACE_STYLE_USAGE(.BOTH.,#8284);
#8283=SURFACE_STYLE_USAGE(.BOTH.,#8285);
#8284=SURFACE_SIDE_STYLE('',(#8286));
#8285=SURFACE_SIDE_STYLE('',(#8287));
#8286=SURFACE_STYLE_FILL_AREA(#8288);
#8287=SURFACE_STYLE_FILL_AREA(#8289);
#8288=FILL_AREA_STYLE('Steel - Satin',(#8290));
#8289=FILL_AREA_STYLE('Nylon 12 (with Formlabs Fuse 1 3D Printer)',(#8291));
#8290=FILL_AREA_STYLE_COLOUR('Steel - Satin',#8292);
#8291=FILL_AREA_STYLE_COLOUR(
'Nylon 12 (with Formlabs Fuse 1 3D Printer)',#8293);
#8292=COLOUR_RGB('Steel - Satin',0.627450980392157,0.627450980392157,0.627450980392157);
#8293=COLOUR_RGB('Nylon 12 (with Formlabs Fuse 1 3D Printer)',0.247058823529412,
0.247058823529412,0.247058823529412);
ENDSEC;
END-ISO-10303-21;
